post_id,Me gusta,Me encanta,Me enfada,Me importa,Me asombra,Me divierte,Me entristece
3586210098076687,58.0,2.0,,,,,
3586197114744652,11.0,,,,,,
3586162018081495,33.0,3.0,,1.0,,,
3581733208524376,29.0,1.0,,,,,
3576231032407927,11.0,,,,,,
3579674358730261,9.0,1.0,,,,,
3578842728813424,16.0,,,,,,
3546330292064668,47.0,2.0,,,,,
3540009822696715,75.0,2.0,,,,,
3543024865728544,33.0,3.0,,,,,
3539964546034576,41.0,7.0,,,,,
3541185802579117,45.0,4.0,,1.0,,,
3539874969376867,69.0,4.0,,,,,
3533452146685816,54.0,1.0,,,,,1.0
3531041976926833,57.0,5.0,,,,,
3530991703598527,67.0,4.0,,,,,
3528247873872910,49.0,7.0,,,,,
3527579430606421,55.0,4.0,,,,,
3525358234161874,35.0,1.0,,,,,
3525349870829377,74.0,11.0,,,,,
3524434100920954,61.0,8.0,,,,,
3522218831142481,54.0,7.0,,,,,
3521924247838606,50.0,5.0,,2.0,,,
3508969565800741,12.0,,,,,,
3508943089136722,18.0,,,,,,
3508923692471995,22.0,1.0,,,,,
3508871649143866,15.0,,,,,,
3508813355816362,32.0,1.0,,,,,
3508759895821708,17.0,3.0,,,,,
3493639167333781,24.0,,,,,,
3493629850668046,31.0,1.0,,,,,
3493620830668948,31.0,,,,,,
3493595520671479,18.0,1.0,,,,,
3493583680672663,36.0,3.0,,,,,
3493560530674978,21.0,,,,,,
3492945527403145,51.0,2.0,,,,,
3490655480965483,57.0,8.0,,,,,
3489386377759060,31.0,5.0,,,,,
3489370844427280,10.0,,,,,,
3487152741315757,,,,,,,
3486275658070132,,,,,,,
3468433096521055,20.0,,,,,,
3468383146526050,19.0,,,,,,
3479137658783932,10.0,,,,,,
3478636652167366,,,,,,,
3468253099872388,10.0,,,,,,
3468232483207783,30.0,3.0,,,,,
3468220593208972,11.0,,,,,,
3468048556559509,14.0,,,,,,
3467990536565311,16.0,1.0,,,,,
3467977829899915,26.0,1.0,,,,,
3467943726569992,23.0,,,,,,
3468351519862546,28.0,,,,,,
3467929123238119,,,,,,,
3465661390131559,16.0,,,,,,
3465598116804553,6.0,,,,,,
3451416298222735,19.0,2.0,,,,,
3451385031559195,15.0,1.0,,,,,
3447906021907096,,,,,,,
3444427345588297,24.0,1.0,,,,,
3444646862233012,22.0,3.0,,,,,
3444193742278324,,,,,,,
3442086355822396,9.0,,,,,,
3442346645796367,10.0,,,,,,
3442035359160829,73.0,3.0,,,,,
3432630963434602,,,,,,,
3430706433627055,,,,,,,
3430483870315978,,,,,,,
3426539374043761,14.0,2.0,,,,,
3427512293946469,,,,,,,
3426618657369166,38.0,2.0,,,,,
3425062640858101,17.0,2.0,,,,,
3425057344191964,15.0,,,,,,
3424556940908671,11.0,,,,,,
3423791087651923,,,,,,,
3420835817947450,24.0,1.0,,,,,
3421805911183774,30.0,1.0,,,,,
3420776404620058,24.0,,,,,,
3418235848207447,,,,,,,
3415629295134769,24.0,3.0,,,,,
3415590025138696,31.0,2.0,,,,,
3412635615434137,,,,,,,
3409322559098776,54.0,7.0,,,,,
3409539329077099,,,,,,,
3406946862669679,,,,,,,
3406201632744202,,,,,,,
3403120373052328,50.0,1.0,,1.0,,,
3403115213052844,,,,,,,
3400500783314287,40.0,2.0,,,,,
3400490623315303,31.0,2.0,,,,,
3400220916675607,,,,,,,
3398530396844659,,,,,,,
3397702033594162,32.0,1.0,,,,,
3397678580263174,,,,,,,
3394689350562097,50.0,1.0,,,,,
3394315110599521,58.0,5.0,,,,,
3388869797810719,16.0,,,,,,
3391799167517782,,,,,,,
3388751937822505,14.0,,,,,,
3388658077831891,35.0,2.0,,,,,
3388640567833642,16.0,3.0,,,,,
3388521471178885,,,,,,,
3386467694717596,22.0,,,,,,
3386407321390300,24.0,1.0,,,,,
3383017238395975,42.0,3.0,,,,,
3383084125055953,45.0,4.0,,,,,
3375102222520810,86.0,9.0,,,,,
3375096679188031,62.0,3.0,,,,,
3375016769196022,54.0,3.0,,,,,
3374982509199448,14.0,1.0,,,,,
3375005039197195,34.0,4.0,,1.0,,,
3374975259200173,32.0,1.0,,,,,
3374249542606078,30.0,3.0,,,,,
3374939382537094,12.0,1.0,,,,,
3374229339274765,25.0,,,,,,
3368301113200921,34.0,,,,,,
3368291659868533,44.0,4.0,,,,,
3368276663203366,25.0,,,,,,
3368296099868089,37.0,4.0,,1.0,,,
3368270706537295,17.0,1.0,,,,,
3368253059872393,49.0,1.0,,,,,
3340715679292798,52.0,2.0,,,,,
3347683768595989,70.0,7.0,,,,,
3347677378596628,70.0,5.0,,,,,
3347671801930519,59.0,5.0,,,,,
3347666868597679,96.0,10.0,,,,,
3347664205264612,53.0,6.0,,,,,
3347654405265592,31.0,2.0,,1.0,,,
3343582845672748,37.0,4.0,,,,,
3343567602340939,37.0,3.0,,,,,
3343560529008313,57.0,2.0,,,,,
3340701245960908,23.0,1.0,,,,,
3340697852627914,47.0,1.0,,1.0,,,
3340692765961756,22.0,,,,,,
3338366119527754,20.0,3.0,,,,,
3338355252862174,28.0,,,,,,
3336318703065829,34.0,1.0,,,,,
3336297696401263,51.0,7.0,,,,,
3335700936460939,31.0,3.0,,,,,
3333304033367296,27.0,1.0,,,,,
3327041213993578,25.0,4.0,,1.0,,,
3333273453370354,21.0,,,,,,
3333297140034652,19.0,,,,,,
3332996383398061,,,,,,,
3326993330665033,28.0,1.0,,,,,
3326892047341828,11.0,1.0,,,,,
3326881014009598,12.0,1.0,,,,,
3326873730676993,34.0,4.0,,,,,
3326855797345453,29.0,1.0,,,,,
3327613723936327,,,,,,,
3326844447346588,26.0,4.0,,,,,
3324672814230418,17.0,,,,,,
3321492327881800,13.0,,,,,,
3324668754230824,24.0,1.0,,,,,
3321966171167749,25.0,1.0,,1.0,,,
3321504864547213,33.0,,,,,,
3321957797835253,25.0,,,,,,
3321489087882124,41.0,3.0,,,,,
3321478531216513,24.0,1.0,,,,,
3319541564743543,31.0,2.0,,,,,
3313461368684896,21.0,,,,,,
3313347708696262,21.0,,,,,,
3311066888924344,116.0,22.0,,,,,
3309254342438932,102.0,15.0,,,,,
3311035908927442,32.0,1.0,,,,,
3308929935804706,22.0,3.0,,,,,
3307485645949135,112.0,10.0,,,,,
3304843932879973,8.0,,,,,,
3304714886226211,11.0,,,,,,
3303026163061750,7.0,1.0,,,,,
3303018369729196,7.0,,,,,,
3303013909729642,4.0,,,,,,
3300740233290343,8.0,,,,,,
3300762696621430,,,,,,,
3300760426621657,1.0,,,,,,
3300737043290662,4.0,,,,,,
3299692253395141,9.0,,,,,,
3299684566729243,5.0,,,,,,
3299670610063972,9.0,2.0,,,,,
3293823940648639,,,,,,,
3289134047784295,18.0,1.0,,,,,
3290923594272007,49.0,8.0,,,,,
3286377648059935,28.0,,,,,,
3286373854726981,39.0,2.0,,,,,
3286371684727198,27.0,,,,,,
3286367664727600,82.0,12.0,,1.0,,,
3276462169051483,38.0,3.0,,1.0,,,
3276457549051945,42.0,2.0,,,,,
3276426409055059,29.0,2.0,,,,,
3276423359055364,45.0,3.0,,1.0,,,
3276417005722666,32.0,1.0,,,,,
3276413065723060,23.0,2.0,,,,,
3276408322390201,39.0,,,1.0,,,
3276168152414218,56.0,6.0,,,,,
3276081855756181,72.0,7.0,,,,,
3276077379089962,96.0,17.0,,1.0,,,
3275650309132669,35.0,2.0,,,,,
3267104563320577,40.0,2.0,,,,,
3267114639986236,49.0,3.0,,1.0,,,
3267098436654523,104.0,10.0,,,1.0,,
3267018229995877,25.0,3.0,,,,,
3266557536708613,51.0,5.0,,,,,
3265092603521773,33.0,2.0,,,,,
3263982140299486,131.0,23.0,,,,,
3256957247668642,7.0,,,,,,
3256954954335538,80.0,12.0,,,,,
3253606531337047,109.0,21.0,,,,,
3253597664671267,57.0,5.0,,,,,
3253587824672251,134.0,20.0,,,,,
3253579704673063,15.0,1.0,,,,,
3253575034673530,83.0,12.0,,,,,
3253568028007564,22.0,1.0,,,,,
3251715738192793,78.0,9.0,,,,,
3251203424910691,52.0,6.0,,,,,
3243344775696556,53.0,5.0,,1.0,,,
3243559679008399,74.0,11.0,,,,,
3243340012363699,130.0,17.0,,,,,
3243197405711293,68.0,3.0,,,,,
3238194992878201,129.0,21.0,,,,,
3238187892878911,65.0,1.0,,,,,
3238154679548899,81.0,8.0,,,,,
3236295833068117,51.0,7.0,,2.0,,,
3238118926219141,31.0,2.0,,1.0,,,
3238107879553579,196.0,26.0,,6.0,,,
3238094412888259,56.0,9.0,,,,,
3236316993066001,67.0,7.0,,,,,
3236265006404533,65.0,6.0,,,,,
3231217343575966,77.0,8.0,,,,,
3231214070242960,46.0,1.0,,,,,
3233312350033132,,,,,,,
3231158046915229,105.0,13.0,,,,,
3231129773584723,78.0,4.0,,,,,
3231123316918702,40.0,4.0,,1.0,,,
3231115173586183,60.0,7.0,,,,,
3231067026924331,78.0,9.0,,,,,
3227370577293976,70.0,1.0,,1.0,,,
3227376630626704,17.0,,,,,,
3223912447639789,42.0,5.0,,1.0,,,
3223910324306668,59.0,2.0,,,,,
3223906694307031,58.0,5.0,,1.0,,,
3223885237642510,70.0,13.0,,,,,
3223879680976399,67.0,6.0,,1.0,,,
3221989714498729,49.0,2.0,,2.0,,,
3221985094499191,81.0,17.0,,,,,
3221926527838381,85.0,9.0,,,,,
3221504214547279,135.0,21.0,,,,,
3221492554548445,45.0,2.0,,,,,
3217958584901842,69.0,9.0,,,,,
3217952494902451,36.0,2.0,,,,,
3216937751670592,92.0,9.0,,,,,
3216669108364123,37.0,5.0,,,,,
3216619598369074,105.0,18.0,,1.0,,,
3216818238349210,30.0,2.0,,1.0,,,
3216596411704726,69.0,7.0,,1.0,,,
3211290098902024,20.0,2.0,,,,,
3211286402235727,55.0,5.0,,,,,
3211268618904172,20.0,2.0,,,,,
3211256202238747,22.0,1.0,,,,,
3211253485572352,56.0,4.0,,,,,
3211148855582815,79.0,10.0,,,,,
3205971112767256,65.0,3.0,,,,1.0,
3205929462771421,43.0,,,,,,
3205915429439491,193.0,28.0,,1.0,,,
3201624943201873,43.0,1.0,,,,,
3201617959869238,135.0,22.0,,,,,
3201599233204444,56.0,2.0,,1.0,,,
3201585856539115,49.0,2.0,,1.0,,,
3201563909874643,30.0,1.0,,,,,
3201538456543855,40.0,3.0,,1.0,,,
3195424737155227,46.0,5.0,,,,,
3195418100489224,34.0,,,1.0,,,
3194390207258680,37.0,4.0,,,,,
3189874647710236,9.0,,,,,,
3189826044381763,12.0,,,,,,
3187289754635392,19.0,2.0,,2.0,,,
3187040137993687,58.0,6.0,,,,,
3186598908037810,76.0,12.0,,3.0,,,
3184675398230161,24.0,3.0,,1.0,,,
3184651924899175,38.0,2.0,,,,,
3184261841604850,20.0,,,,,,
3167501026614265,49.0,1.0,,2.0,,,
3167496426614725,82.0,5.0,,2.0,,,
3167484969949204,79.0,10.0,,1.0,,,
3167476063283428,119.0,14.0,,2.0,,,
3167470426617325,192.0,28.0,,1.0,,,
3167466889951012,277.0,52.0,,18.0,,,
3160088367355531,211.0,24.0,,,,2.0,
3159713017393066,164.0,35.0,,,,1.0,
3159632450734456,516.0,94.0,,,,2.0,
3158199640877737,264.0,47.0,,,,2.0,
3158191994211835,21.0,3.0,,,,,
3158095974221437,178.0,28.0,,,,,
3155827707781597,637.0,145.0,,,,,
3147607835270251,29.0,3.0,,,,,
3155833467781021,11.0,,,,,,
3155727294458305,529.0,95.0,,,,1.0,
3155685641129137,389.0,76.0,,,,,
3155392684491766,22.0,,,,,,
3155359144495120,,,,,,,
3147601988604169,53.0,3.0,,,1.0,,
3154770294554005,29.0,3.0,,,,,
3154749497889418,45.0,1.0,,,,,
3154681107896257,16.0,,,,,,
3147589318605436,104.0,15.0,,,,,
3147570078607360,95.0,11.0,,,,,
3147560481941653,20.0,2.0,,,,,
3147556448608723,97.0,13.0,,,,,1.0
3147535518610816,41.0,2.0,,,,,
3147509391946762,36.0,,,,,,
3147505555280479,26.0,,,,,,
3147493808614987,24.0,2.0,,,,,
3147474941950207,23.0,,,,,,
3147463665284668,71.0,7.0,,,,,
3142386365792398,32.0,1.0,,,,,
3142380795792955,19.0,4.0,,,,,
3142365205794514,46.0,,,,,,
3142355609128807,28.0,5.0,,,,,
3142343709129997,47.0,5.0,,,,,
3142336179130750,38.0,7.0,,,,,
3140188749345493,62.0,2.0,,,,,
3140186102679091,77.0,17.0,,,,,
3140180069346361,55.0,4.0,,,,,
3135275639836804,41.0,2.0,,,,,
3135265453171156,107.0,22.0,,,,,
3135260329838335,97.0,18.0,,,,,
3135247383172963,55.0,7.0,,,,,
3135232566507778,18.0,2.0,,,,,
3135227696508265,86.0,21.0,,,,,
3132892403408461,15.0,1.0,,,,,
3132638306767204,29.0,4.0,,,,,
3129657273731974,16.0,3.0,,,,,
3104279969603038,15.0,2.0,,,,,
3104276906270011,12.0,,,,,,
3104254509605584,27.0,7.0,,,,,
3104248216272880,51.0,9.0,,,,,
3104243609606674,27.0,4.0,,,,,
3104238309607204,64.0,15.0,,,,,
3086376918060010,15.0,1.0,,,,,
3104234439607591,22.0,2.0,,,,,
3086373494727019,45.0,4.0,,,,,
3086358061395229,13.0,,,,,,
3086355004728868,23.0,1.0,,,,,
3086346854729683,16.0,3.0,,,,,
3086338858063816,37.0,10.0,,,,,
3090837624280606,18.0,,,,,,
3086335474730821,23.0,2.0,,,,,
3081492071881828,38.0,6.0,,,,,
3081478975216471,9.0,1.0,,,,,
3081462765218092,22.0,2.0,,,,,
3081423851888650,27.0,3.0,,,,,
3062565803774455,72.0,16.0,,,,,
3062562617108107,35.0,6.0,,,,,
3062559597108409,69.0,6.0,,,,,
3062556180442084,52.0,2.0,,,,,
3061860613844974,43.0,4.0,,,,,
3061856070512095,20.0,3.0,,,,,
3061793447185024,38.0,7.0,,,,,
3064462320251470,11.0,2.0,,,,,
3064455310252171,6.0,,,,,,
3064802970217405,13.0,2.0,,,,,
3064452866919082,18.0,1.0,,,,,
3064796206884748,82.0,12.0,,,,,
3061734253857610,46.0,4.0,,,,,
3064447190252983,32.0,5.0,,,,,
3061713737192995,75.0,8.0,,,,,
3061545873876448,46.0,3.0,,,,,
3061532350544467,67.0,11.0,,,,,
3059279367436432,,,,,,,
3057591404271895,47.0,,,,,,
3057579737606395,103.0,11.0,,,,,
3050253711672331,68.0,14.0,,,,,
3050261395004896,48.0,,,,,,
3050242771673425,69.0,1.0,,,,,
3050232148341154,17.0,1.0,,,,,
3050128931684809,19.0,1.0,,,,,
3049785461719156,19.0,3.0,,,,,
3049783955052640,55.0,5.0,,,,,
3048443681853334,46.0,5.0,,,,,
3048435151854187,40.0,5.0,,,,,
3041176232580079,85.0,3.0,,,,,
3040872339277135,53.0,7.0,,,,,
3040871809277188,,,,,,,
3034710436559992,37.0,2.0,,,,,
3034655033232199,,,,,,,
3034654663232236,,,,,,,
3030507833646919,78.0,6.0,,,,,
3027869537244082,148.0,19.0,,,,,
3026636704034032,,,,,,,
3026457450718624,,,,,,,
3016500398380996,59.0,7.0,,,,,
3012305188800517,,,,,,,
3010581502306219,,,,,,,
3003421039688932,25.0,2.0,,,,,
3001411593223210,,,,,,,
3001167249914311,,,,,,,
2997855030245533,,,,,,,
2970002806364089,86.0,4.0,,,,1.0,
2969989469698756,30.0,8.0,,,,,
2980972655267104,55.0,5.0,,,,,
2969904983040538,25.0,,,,,,
2969909853040051,20.0,,,,,,
2969862616378108,21.0,1.0,,,,,
2969856686378701,19.0,,,,,,
2969840759713627,48.0,3.0,,,,,
2969550506409319,,,,,,,
2967932376571132,16.0,,,,,,
2948691631828540,,,,,,,
2948683285162708,,,,,,,
2945434682154235,,,,,,,
2942418825789154,,,,,,,
2921943577836679,28.0,5.0,,,,,
2919413668089670,157.0,12.0,,,,,
2918568741507496,,,,,,,
2918568011507569,,,,,,,
2909542552410115,27.0,,,,,,
2908221949208842,8.0,,,,,,
2906081356089568,47.0,3.0,,,,,
2901882939842743,,,,,,,
2901693829861654,,,,,,,
2901590226538681,,,,,,,
2899589033405467,,,,,,,
2899542673410103,,,,,,,
2899509876746716,,,,,,,
2899116873452683,,,,,,,
2899025386795165,,,,,,,
2898937570137280,,,,,,,
2895071073857263,,,,,,,
2895031357194568,,,,,,,
2894972890533748,,,,,,,
2890092371021800,,,,,,,
2890090981021939,,,,,,,
2890089534355417,,,,,,,
2887666311264406,,,,,,,
2887664017931302,,,,,,,
2887563604608010,,,,,,,
2885412514823119,,,,,,,
2885368511494186,,,,,,,
2885250821505955,,,,,,,
2881213798576324,,,,,,,
2881189055245465,,,,,,,
2881143485250022,,,,,,,
2879019635462407,,,,,,,
2878960972134940,,,,,,,
2878915538806150,,,,,,,
2874130959284608,,,,,,,
2874130499284654,,,,,,,
2874129869284717,,,,,,,
2874128149284889,,,,,,,
2874127599284944,,,,,,,
2874127309284973,,,,,,,
2872211319476572,,,,,,,
2872164122814625,,,,,,,
2872114519486252,,,,,,,
2870207846343586,,,,,,,
2869997583031279,,,,,,,
2869919459705758,,,,,,,
2869591879738516,,,,,,,
2867891199908584,,,,,,,
2867800366584334,,,,,,,
2867666399931064,,,,,,,
2867598633271174,,,,,,,
2865703633460674,,,,,,,
2865661806798190,2.0,,,,,,
2865609400136764,,,,,,,
2865541593476878,,,,,,,
2863571283673909,9.0,1.0,,,,,
2863520320345672,,,,,,,
2863479797016391,,,,,,,
2863406847023686,,,,,,,
2863382800359424,,,,,,,
2863098527054518,16.0,1.0,,,,,
2862775623753475,,,,,,,
2862754130422291,,,,,,,
2861418013889236,,,,,,,
2861384730559231,7.0,,,,,,
2861348913896146,,,,,,,
2861280180569686,,,,,,,
2861187727245598,,,,,,,
2859047104126327,,,,,,,
2858886164142421,,,,,,,
2856348654396172,,,,,,,
2856277387736632,,,,,,,
2856190224412015,,,,,,,
2853957517968619,,,,,,,
2853813367983034,,,,,,,
2853189774712060,,,,,,,
2851886884842349,,,,,,,
2851731074857930,,,,,,,
2851561401541564,,,,,,,
2849537035077334,,,,,,,
2849344748429896,,,,,,,
2849293148435056,,,,,,,
2847200505310987,,,,,,,
2847143201983384,,,,,,,
2847075738656797,,,,,,,
2844888958875475,,,,,,,
2844794288884942,,,,,,,
2844732775557760,,,,,,,
2842619235769114,,,,,,,
2842523409112030,,,,,,,
2842453345785703,,,,,,,
2840363252661379,,,,,,,
2840263259338045,,,,,,,
2840148256016212,,,,,,,
2838032412894463,,,,,,,
2837951686235869,,,,,,,
2837872359577135,,,,,,,
2835749186456119,,,,,,,
2835624933135211,,,,,,,
2835440696486968,,,,,,,
2834600606570977,,,,,,,
2833383266692711,,,,,,,
2833192243378480,,,,,,,
2830913113606393,,,,,,,
2830864850277886,,,,,,,
2830709943626710,,,,,,,
2829834127047625,,,,,,,
2828557737175264,,,,,,,
2828375533860151,,,,,,,
2826174377413600,,,,,,,
2826097737421264,,,,,,,
2825921440772227,,,,,,,
2823705034327201,43.0,1.0,,,,,
2823600117671026,,,,,,,
2823536137677424,52.0,6.0,,,,,
2821360714561633,,,,,,,
2821235087907529,,,,,,,
2820861004611604,,,,,,,
2818785221485849,,,,,,,
2815807021783669,,,,,,,
2814172021947169,,,,,,,
2813783508652687,,,,,,,
2812003672164004,,,,,,,
2811743788856659,,,,,,,
2811206668910371,,,,,,,
2810923645605340,,,,,,,
2809429039088134,,,,,,,
2809256915772013,,,,,,,
2809005552463816,,,,,,,
2808601129170925,,,,,,,
2808218242542547,,,,,,,
2807062805991424,,,,,,,
2805952892769082,,,,,,,
2794706297227075,,,,,,,
2792635267434178,,,,,,,
2791509717546733,,,,,,,
2790311847666520,,,,,,,
2781087805255591,,,,,,,
2781087405255631,,,,,,,
2781002881930750,,,,,,,
2778212292209809,,,,,,,
2777910615573310,,,,,,,
2776581402372898,,,,,,,
2776548775709494,,,,,,,
2776511042379934,,,,,,,
2776484315715940,,,,,,,
2776397902391248,14.0,2.0,,,,,
2776369875727384,,,,,,,
2776255899072115,,,,,,,
2771476089550096,,,,,,,
2771363316228040,,,,,,,
2771219559575749,53.0,1.0,,,,,
2769461649751540,,,,,,,
2769131279784577,,,,,,,
2767557763275262,,,,,,,
2766863180011387,,,,,,,
2766851303345908,,,,,,,
2766820123349026,,,,,,,
2766817376682634,,,,,,,
2763387213692317,,,,,,,
2763226480375057,,,,,,,
2763140563716982,,,,,,,
2758764254154613,,,,,,,
2758582024172836,,,,,,,
2756243517740020,,,,,,,
2755873537777018,,,,,,,
2754435577920814,,,,,,,
2752516518112720,,,,,,,
2751957351501970,,,,,,,
2751826761515029,,,,,,,
2751826744848364,,,,,,,
2750165661681139,,,,,,,
2748012668563105,74.0,9.0,,,,,
2746147792082926,,,,,,,
2745994792098226,,,,,,,
2744150578949314,,,,,,,
2744035072294198,,,,,,,
2741611692536536,,,,,,,
2739030232794682,,,,,,,
2739028166128222,,,,,,,
2737415322956173,,,,,,,
2737355282962177,,,,,,,
2737104152987290,,,,,,,
2733076530056719,,,,,,,
2731037190260653,,,,,,,
2731036896927349,,,,,,,
2730623743635331,,,,,,,
2730002230364149,,,,,,,
2728769410487431,,,,,,,
2723643721000000,,,,,,,
2721860611178311,,,,,,,
2721810521183320,,,,,,,
2721020844595621,,,,,,,
2719784728052566,,,,,,,
2719724984725207,,,,,,,
2717748641589508,,,,,,,
2717689528262086,,,,,,,
2717662204931485,,,,,,,
2717069078324131,,,,,,,
2715564035141302,25.0,4.0,,,,,
2715427621821610,,,,,,,
2708699679161071,,,,,,,
2708698259161213,,,,,,,
2708693269161712,,,,,,,
2705027522861620,,,,,,,
2704957286201977,,,,,,,
2704902522874120,,,,,,,
2704457572918615,,,,,,,
2703055793058793,,,,,,,
2701054206592285,,,,,,,
2701034113260961,,,,,,,
2699051423459230,,,,,,,
2698979786799727,,,,,,,
2698880543476318,,,,,,,
2696745073689865,,,,,,,
2696476610383378,,,,,,,
2694484793915893,,,,,,,
2692913624073010,,,,,,,
2690933387604367,,,,,,,
2690676854296687,,,,,,,
2687042077993498,,,,,,,
2687041677993538,,,,,,,
2686920181339021,,,,,,,
2686694024694970,12.0,,,,,,
2686690218028684,3.0,,,,,,
2682785195085853,,,,,,,
2682571051773934,,,,,,,
2680884955275877,,,,,,,
2675157679181938,,,,,,,
2671251346239238,,,,,,,
2659621190735587,,,,,,,
2657746830923023,,,,,,,
2657673840930322,,,,,,,
2657570994273940,,,,,,,
2655631201134586,,,,,,,
2655630231134683,,,,,,,
2655628767801496,,,,,,,
2655627271134979,,,,,,,
2655626591135047,,,,,,,
2650292868335086,,,,,,,
2650246635006376,,,,,,,
2648404165190623,,,,,,,
2648273795203660,,,,,,,
2646561485374891,,,,,,,
2642653042432402,,,,,,,
2642651489099224,,,,,,,
2634917283205978,,,,,,,
2633062866724753,,,,,,,
2628708180493555,,,,,,,
2624892237541816,,,,,,,
2623323477698692,,,,,,,
2621422797888760,,,,,,,
2619104214787285,,,,,,,
2615289131835460,,,,,,,
2610947968936243,,,,,,,
2609984232365950,,,,,,,
2609837232380650,,,,,,,
2608238815873825,,,,,,,
2608130979217942,,,,,,,
2608076769223363,,,,,,,
2606503396047367,,,,,,,
2606426366055070,35.0,3.0,,,,,
2606323966065310,,,,,,,
2605927279438312,,,,,,,
2602705486427158,,,,,,,
2602393563125017,,,,,,,
2600560999974940,,,,,,,
2597382483626125,,,,,,,
2597243473640026,,,,,,,
2595592237138483,,,,,,,
2595389087158798,,,,,,,
2595341780496862,,,,,,,
2593705923993781,,,,,,,
2591637767533930,,,,,,,
2591566334207740,,,,,,,
2589441977753509,,,,,,,
2589113857786321,,,,,,,
2586039424760431,,,,,,,
2584208014943572,,,,,,,
2583805558317151,,,,,,,
2583706698327037,,,,,,,
2580733728624334,,,,,,,
2579141948783512,,,,,,,
2579004788797228,,,,,,,
2570290383002002,,,,,,,
2566635470034160,,,,,,,
2556045121093195,,,,,,,
2554125831285124,,,,,,,
2540407499323624,12.0,3.0,,,,,
2539080442789663,,,,,,,
2532054440158930,,,,,,,
2530568410307533,,,,,,,
2530503626980678,,,,,,,
2528841727146868,,,,,,,
2528829487148092,,,,,,,
2528697683827939,,,,,,,
2527074910656883,,,,,,,
2526932220671152,2.0,,,,,,
410528926471726,4.0,,,,,,
2526059320758442,,,,,,,
2524925604205147,,,,,,,
2524830997547941,,,,,,,
2521546997876341,,,,,,,
2521436351220739,,,,,,,
2519823224715385,,,,,,,
2519730538057987,,,,,,,
2519635211400853,,,,,,,
2518924824805225,8.0,1.0,,,,,
2516609245036783,,,,,,,
2516609011703473,,,,,,,
2514028238628217,,,,,,,
2512427395454968,,,,,,,
2510700952294279,,,,,,,
2508326039198437,,,,,,,
2507554365942271,,,,,,,
2507452485952459,,,,,,,
2507394022624972,,,,,,,
2505609632803411,,,,,,,
2505587849472256,,,,,,,
2505428189488222,,,,,,,
2503642026333505,,,,,,,
2499335850097456,,,,,,,
2498978196799888,,,,,,,
2497368713627503,,,,,,,
2495926337105074,,,,,,,
2495822343782140,,,,,,,
2495742167123491,,,,,,,
2494907013873673,,,,,,,
2493999193964455,,,,,,,
2493928097304898,,,,,,,
2492021224162252,,,,,,,
2491948354169539,,,,,,,
2491882717509436,,,,,,,
2491159470915094,,,,,,,
2490210731009968,,,,,,,
2490043771026664,,,,,,,
2489986914365683,,,,,,,
2488369454527429,,,,,,,
2488274087870299,,,,,,,
2488168844547490,,,,,,,
2483697061661335,,,,,,,
2482552198442488,,,,,,,
2482452181785823,,,,,,,
2480800168617691,,,,,,,
2480771241953917,,,,,,,
2480736995290675,,,,,,,
2476962819001426,,,,,,,
2476907332340308,119.0,14.0,,,,,
2475214252509616,,,,,,,
2475145189183189,,,,,,,
2475084515855923,,,,,,,
2474433265921048,45.0,3.0,,,,,
2474432685921106,105.0,9.0,,,,,
2467698309927877,27.0,6.0,,,,,
2467696696594705,53.0,6.0,,,,,
2467692069928501,28.0,6.0,,,,,
2467691529928555,255.0,12.0,,,,,
2467295703301471,,,,,,,
2467284019969306,41.0,4.0,,,,,
2465739543457087,220.0,17.0,,,,,
2465739010123807,49.0,1.0,,,,,
2454609797903395,60.0,1.0,,,,,
2454611974569844,80.0,,,,,,
2454223951275313,,,,,,,
2452982561399452,401.0,52.0,,,,,
2452924101405298,47.0,1.0,,,,,
2452591481438560,64.0,6.0,,,,,
2451298591567849,30.0,3.0,,,,,
2442604319103943,352.0,25.0,,,,1.0,
2442601872437521,179.0,6.0,,,,,
2442599972437711,268.0,16.0,,,,,
2440843002613408,162.0,7.0,,,,,1.0
2440841642613544,48.0,1.0,,,,,
2440841229280252,165.0,6.0,,,,,
2439191536111888,51.0,,,,,,
2439190439445331,62.0,5.0,,,,,
2439184319445943,43.0,1.0,,,,,
2437453462952362,36.0,,,,,,
2437450762952632,28.0,1.0,,,,,
2437449989619376,53.0,1.0,,,,,
2432190946811947,91.0,6.0,,,1.0,,
2432189986812043,23.0,,,,,1.0,
2432172420147133,42.0,,,,,,
2432171536813888,86.0,2.0,,,,,
2432170826813959,231.0,11.0,,,,,
2430568286974213,374.0,16.0,,,,,
2430567543640954,11.0,,,,,,
2430565566974485,115.0,6.0,,,,,
2428735747157467,353.0,29.0,,,,,
2428734400490935,37.0,,,,,,
2428732630491112,31.0,1.0,,,,,
2428702800494095,46.0,2.0,,,,,
2428700840494291,41.0,1.0,,,,,
2425109330853442,67.0,2.0,,,,,
2425101817520860,112.0,2.0,,,,,
2425099674187741,207.0,12.0,,,,,
2420128908018151,12.0,,,,,,
2420128274684881,8.0,,,,,,
2420127144684994,84.0,8.0,,,,1.0,
2420125971351778,139.0,6.0,,,,,
2420125421351833,25.0,2.0,,,,,
2420124734685235,19.0,1.0,,,,,
2418369828194059,83.0,1.0,,,,,
2418363334861375,66.0,4.0,,,,,
2418356654862043,204.0,11.0,,,,,
2418354114862297,48.0,1.0,,,,,
2418353711529004,46.0,2.0,,,,,
2416021118428930,26.0,,,,,,
2416001988430843,58.0,2.0,,,,,
2415997865097922,12.0,,,,,,
2414837425213966,156.0,3.0,,,,,
2403635199667522,197.0,14.0,,,,,
2403634676334241,11.0,1.0,,,,,
2403634243000951,188.0,19.0,,,,,
2403633509667691,44.0,,,,,,
2403633029667739,16.0,,,,,,
2408358745861834,302.0,38.0,,,,,
2408356639195378,316.0,31.0,,,,,
2408355425862166,253.0,24.0,,,,,
2403631449667897,724.0,48.0,,,,,
2403630933001282,192.0,9.0,,,,,
2403630286334680,35.0,1.0,,,,,
2403629813001394,60.0,1.0,,,,,1.0
2403629386334770,44.0,1.0,,,,,
2403628739668168,87.0,9.0,,,,,
2403628403001535,60.0,2.0,,,,,
2403627873001588,246.0,17.0,,,,,
2402063133158062,38.0,3.0,,,,,
2402057806491928,1.0,,,,,,
2402056326492076,58.0,8.0,,,,,
2397168700314172,5.0,,,,,,
2397163396981369,217.0,15.0,,,,1.0,
2397162110314831,72.0,5.0,,,,,
2397158133648562,48.0,2.0,,,,,
2397164060314636,42.0,3.0,,,,,1.0
2396939400337102,53.0,1.0,,,,1.0,
315119845829044,1.0,,,,,,
2395470867150622,70.0,4.0,,,,,
2393858123978563,19.0,,,,,,
2393857590645283,11.0,1.0,,,,,
2393856833978692,341.0,18.0,,,,1.0,
2392348394129536,33.0,1.0,,,,,
2392341034130272,24.0,,,,,,
2390731420957900,98.0,,,,,,
2390728880958154,165.0,3.0,,,,,
2390726624291713,127.0,8.0,,,,1.0,
2381803745184001,31.0,,,,,,
2381801031850939,43.0,1.0,,,,,
2381800385184337,51.0,9.0,,,,,
2381799658517743,124.0,9.0,,,,,
2380292205335155,258.0,13.0,,,,,
2380290132002029,4.0,,,,,,
2380287305335645,65.0,3.0,,,,,
2378698658827843,156.0,14.0,,,,,
2378698008827908,574.0,29.0,,,,,
2378697528827956,141.0,9.0,,,,,
2374021785962197,17.0,,,,,,
2374020302629012,862.0,84.0,,,1.0,,
2374018922629150,307.0,17.0,,,,,
2374014065962969,43.0,2.0,,,,,
2373944555969920,47.0,10.0,,,,,
2373758355988540,84.0,12.0,,,,,
2370935519604157,226.0,16.0,,,,,
2370933339604375,53.0,4.0,,,,,
2370932402937802,204.0,10.0,,,,,
2369478346416541,14.0,2.0,,,,,
2369475563083486,21.0,2.0,,,,,
2367914636572912,39.0,1.0,,,,,
2367913986572977,194.0,26.0,,,,,
2367912849906424,30.0,3.0,,,,,
2367338913297151,34.0,2.0,,,,,
2363413703689672,50.0,4.0,,,,,
2361949987169377,46.0,3.0,,,,,
2360275080670201,117.0,10.0,,,,,
2360273164003726,55.0,3.0,,,,,
2359678147396561,151.0,13.0,,,,,
2358711024159940,12.0,2.0,,,,,
2357063214324721,175.0,12.0,,,,,
2357062527658123,140.0,7.0,,,,,
2357059434325099,30.0,1.0,,,,,
2357033600994349,23.0,1.0,,,,,
2356640304367012,8.0,,,,,,
2350772484953794,187.0,15.0,,,,,
2350760904954952,58.0,3.0,,,,,
2350704731627236,,,,,,,
2349151021782607,39.0,4.0,,,,,
2349149968449379,356.0,23.0,,,,,
2349149541782755,31.0,1.0,,,,,
2347591265271916,293.0,18.0,,,,,
2347583241939385,406.0,23.0,,,,1.0,
2346985745332468,3.0,1.0,,,,,
2346810652016644,57.0,7.0,,,,,
2346807225350320,21.0,1.0,,,,,
2341538135877229,61.0,4.0,,,,,
2341537215877321,204.0,22.0,,,,,
2341257815905261,71.0,5.0,,,,,
2337244956306547,293.0,20.0,,,,1.0,
2337243809639995,36.0,,,,,,
2335810936449949,38.0,3.0,,,,,
2335810426450000,211.0,9.0,,,,,
2331448886886154,24.0,3.0,,,,,
2331447830219593,39.0,1.0,,,,,
2331446450219731,7.0,,,,,,
2331188123578897,26.0,1.0,,,,,
2331153626915680,244.0,16.0,,,,,
2330095513688158,17.0,,,,,,
2327187497312293,26.0,2.0,,,,,
2327186910645685,60.0,5.0,,,,,
2327186377312405,47.0,7.0,,,,1.0,
2325834114114298,25.0,2.0,,,,,
2325833530781023,40.0,1.0,,,,1.0,
2325833110781065,57.0,3.0,,,,,
2325406177490425,9.0,1.0,,,,,
2325341974163512,22.0,3.0,,,,,
2325304524167257,16.0,3.0,,,,,
2320548221309554,,,,,,,
2320296688001374,82.0,8.0,,,,,
2320294921334884,27.0,1.0,,,,,
2320292268001816,35.0,1.0,,,,,
2318835394814170,389.0,9.0,,,,,
2318799698151073,38.0,2.0,,,,,
2318835861480790,,,,,,,
2318798821484494,44.0,3.0,,,,,
2318779508153092,16.0,3.0,,,,,
2318756234822086,,,,,,,
2318714348159608,24.0,2.0,,,,,
2318674744830235,29.0,4.0,,,,,
2315914358439607,59.0,6.0,,,,,
2315911755106534,34.0,2.0,,,,,
2315371718493871,9.0,1.0,,,,,
2315335395164170,15.0,1.0,,,,,
2311586455539064,25.0,3.0,,,,,
2310189222345454,8.0,,,,,,
2310187245678985,15.0,1.0,,,,,
2310177235679986,23.0,2.0,,,,,
2309830365714673,7.0,1.0,,,,,
2309813345716375,621.0,22.0,,,1.0,,
2305258466171863,238.0,66.0,,,,,
2305221599508883,60.0,12.0,,,,,
2300693273295049,558.0,76.0,,,,2.0,
2300691626628547,21.0,1.0,,,,,
2300690339962009,697.0,109.0,,,4.0,,
2296077053756671,18.0,,,,,,
2296076503756726,11.0,2.0,,,,,
2296075433756833,25.0,,,,,,
2295624017135308,,,,,,,
2294622927235417,251.0,16.0,,,,,
2294622467235463,34.0,4.0,,,,,
2294622110568832,81.0,15.0,,,,,
2289582081072835,55.0,3.0,,,,,
2289580701072973,53.0,1.0,,,,,
2289579151073128,91.0,7.0,,,,,
2289578194406557,56.0,4.0,,,,,
2289577174406659,53.0,1.0,,,,,
2288098817887828,16.0,,,,,,
2288097781221265,32.0,,,,,,
2286320021399041,66.0,5.0,,,,,
2286319511399092,34.0,1.0,,,,,
2284641911566852,74.0,6.0,,,,,
2284036978294012,42.0,4.0,,,,,
2278519005512476,28.0,,,,,,
2278516488846061,29.0,,,,,1.0,
2278513895512987,66.0,4.0,,,,,
2278482732182770,7.0,1.0,,,,,
2277157505648626,51.0,2.0,,,,,
2277152498982460,30.0,4.0,,,,,
2277151648982545,135.0,12.0,,,,,
2275564772474566,43.0,1.0,,,,,
2275563585808018,18.0,1.0,,,,,
2274089169288793,7.0,,,,,,
2274087969288913,32.0,,,,,1.0,
2272552596109117,43.0,,,,,,
2272552179442492,17.0,2.0,,,,,
2271919596172417,43.0,2.0,,,,,
2261993773831666,36.0,,,,,,
2261993210498389,22.0,2.0,,,,,
2261992657165111,65.0,3.0,,,,,
2261992153831828,46.0,2.0,,,,,
2261978610499849,18.0,3.0,,,,,
2261974057166971,35.0,1.0,,,,,
2261969700500740,65.0,4.0,,,,,
2261490787215298,9.0,,,,,,
2257562250941485,23.0,,,,,,
2257559357608441,58.0,3.0,,,,,
2257558484275195,26.0,,,,,,
2254718634559180,99.0,8.0,,,2.0,,
793193604363922,6.0,1.0,,,,,
2251825648181812,32.0,4.0,,,,,
2251827714848272,27.0,2.0,,,,,
2251824851515225,16.0,1.0,,,,,3.0
2251645624866481,21.0,2.0,,,,,
2245577148806662,13.0,2.0,,,,,
2245407718823605,22.0,1.0,,,,,
2245382652159445,12.0,1.0,,,,,
2241304645900579,50.0,2.0,,,,,
2236635986367445,6.0,1.0,,,,,
2236631223034588,98.0,13.0,,,,,
2236630139701363,202.0,18.0,,,,,
2236630639701313,43.0,4.0,,,,,
2234968646534179,302.0,16.0,,,1.0,,
2234681913229519,41.0,3.0,,,,,
2233733136657730,16.0,1.0,,,,,
2233726129991764,27.0,1.0,,,,,
2232294406801603,34.0,2.0,,,,,
2232293940134983,134.0,7.0,,,,,
2232293043468406,23.0,1.0,,,,,
2231804316850612,,,,,,,
2231733980190979,,,,,,,
2226336090730768,21.0,6.0,,,,,
2226335584064152,20.0,2.0,,,,,
2226335060730871,45.0,2.0,,,,,
2226334527397591,57.0,4.0,,,,,
2226333457397698,296.0,47.0,,,,,
2224943994203311,44.0,2.0,,,,,
2224944534203257,41.0,2.0,,,,,
2224939810870396,68.0,7.0,,,,,
2223531667677877,66.0,4.0,,,,,
2215605198470524,10.0,1.0,,,,,
2215604675137243,20.0,1.0,,,,,
2215603858470658,9.0,1.0,,,,,
2215603381804039,108.0,13.0,,,,,
2215602621804115,54.0,2.0,,,,,
2215601931804184,91.0,10.0,,,,,
2214426098588434,86.0,17.0,,,,,
2214425751921802,110.0,4.0,,,,,
2214423711922006,54.0,2.0,,,,,
2214418871922490,21.0,,,,,,
2214418485255862,43.0,2.0,,,,,
2214417711922606,13.0,,,,,,
2214417351922642,40.0,3.0,,,,,
2214415685256142,35.0,3.0,,,,,
2204640966233614,75.0,12.0,,,,,
2204640569566987,3.0,,,,,,
2204639199567124,283.0,49.0,,,,,
2204638659567178,33.0,4.0,,,,,
2203188319712212,45.0,1.0,,,,,
2201656709865373,132.0,28.0,,,,,
2201655993198778,63.0,1.0,,,,,
2201577103206667,29.0,2.0,,,,,
2200288166668894,124.0,11.0,,,,,
2195875120443532,546.0,84.0,,,,1.0,
2195874323776945,300.0,27.0,,,,,
2195873590443685,87.0,12.0,,,,,
2194482917249419,11.0,,,,,,
2194478467249864,5.0,,,,,,
2193201147377596,2.0,,,,,,
2193199547377756,283.0,28.0,,,,,1.0
2193194720711572,65.0,2.0,,,,,
2191585114205866,96.0,13.0,,,,,
2191581544206223,81.0,4.0,,,,,
2191580384206339,52.0,1.0,,,,,
2191512380879806,3.0,,,,,,
2189932731037771,2.0,,,,,,
2189923747705336,65.0,5.0,,,,,
2185310974833280,14.0,,,,,,
2185308924833485,17.0,,,,,,
2185307844833593,5.0,,,,,,
2185283938169317,72.0,6.0,,,,,
2185282548169456,79.0,7.0,,,,,
2183812448316466,32.0,2.0,,,,,
2183811684983209,437.0,47.0,,,,,
2183743074990070,44.0,2.0,,,,,
2183738538323857,78.0,8.0,,,,,
2183737378323973,51.0,3.0,,,,,
2181994935164884,129.0,4.0,,,,1.0,
2181993591831685,79.0,9.0,,,,,
2181987551832289,15.0,1.0,,,,,
2180458625318515,8.0,1.0,,,,,
2178857808811930,5.0,,,,,,
2178856265478751,24.0,11.0,,,,,
2178833688814342,6.0,1.0,,,,,
2178832755481102,3.0,1.0,,,,1.0,
2178172285547149,11.0,1.0,,,,,
2178171425547235,6.0,1.0,,,,,
2174140995950278,89.0,7.0,,,,,
2174142159283495,22.0,2.0,,,,,
2174142909283420,67.0,2.0,,,,,
2173534549344256,62.0,6.0,,,,,
2172826349415076,140.0,36.0,,,,,
2171465939551117,103.0,11.0,,,,,
2171465466217831,95.0,9.0,,,,,
2171464612884583,38.0,2.0,,,,,
2171440962886948,,,,,,,
2169957913035253,174.0,16.0,,,,,
2169957389701972,47.0,5.0,,,,,
2169956416368736,78.0,7.0,,,,,
2169343313096713,16.0,1.0,,,,,
2168578319839879,90.0,11.0,,,,,
2168529653178079,,,,,,,
2168527076511670,9.0,1.0,,,1.0,,
2163955833635461,15.0,,,,,,
2163821146982263,,,,,,,
2162980750399636,4.0,,,,,1.0,
2162980193733025,55.0,3.0,,,,,
2162978803733164,31.0,2.0,,,,,
2162452313785813,,,,,,,
2161617693869275,35.0,,,,,,
2161616400536071,29.0,1.0,,,,,
2161614180536293,18.0,,,,,,
2160258734005171,31.0,,,,,,
2160259234005121,121.0,6.0,,,,,
2159148084116236,39.0,1.0,,,,,
2159145007449877,34.0,1.0,,,,,
2158562297508148,51.0,,,,,,
2158557217508656,,,,,,,
2154909497873428,22.0,,,,,,
2154908664540178,11.0,,,,,,
2154893737875004,13.0,1.0,,,,,
2154895191208192,14.0,1.0,,,,,
2154891737875204,21.0,2.0,,,,,
2154883257876052,91.0,11.0,,,,,
2153692561328455,8.0,,,,,,
2152353561462355,100.0,22.0,,,,,
2152352351462476,8.0,1.0,,,,,
2152351304795914,94.0,26.0,,,,,
2151787021519009,26.0,3.0,,,,,
2151786731519038,53.0,4.0,,,,,
2145678165463228,75.0,7.0,,,,,
2145676372130074,126.0,8.0,,,,,
2145671452130566,41.0,3.0,,,,,
2144450478919330,56.0,5.0,,,,,
2144449838919394,138.0,14.0,,,,1.0,
2144447552252956,15.0,2.0,,,,,
2141849635846081,35.0,3.0,,,,,
2141848182512893,18.0,1.0,,,,,
2136071033090608,51.0,6.0,,,,,
2136067926424252,86.0,6.0,,,,,
2136063903091321,55.0,4.0,,,,,
2136063373091374,94.0,12.0,,,,,
2134773329887045,24.0,2.0,,,,,
2134768796554165,45.0,4.0,,,,,
2130903420274036,30.0,4.0,,,,,
2130902246940820,31.0,3.0,,,,,
2130895983608113,78.0,9.0,,,,,
2128274173870294,13.0,1.0,,,,,
2123013487729696,32.0,6.0,,,,,
2123012704396441,16.0,5.0,,,,,
2123015464396165,4.0,1.0,,,,,
2123005701063808,19.0,1.0,,,,,
2121497567881288,25.0,2.0,,,,,
2121490997881945,33.0,5.0,,,,,
2121488047882240,23.0,3.0,,,,,
2120006408030404,34.0,2.0,,,,,
2119979861366392,39.0,1.0,,,,,
2118924984805213,46.0,5.0,,,,,
2118918511472527,62.0,5.0,,,,,
2118344121529966,234.0,25.0,,,,,
2117519498279095,30.0,2.0,,,,,
2111991028831942,4.0,1.0,,,,,
2113246228706422,28.0,2.0,,,,,
2111946512169727,8.0,1.0,,,,,
2111944215503290,84.0,3.0,,,,,
2111943258836719,355.0,18.0,,,,1.0,
2111923352172043,231.0,22.0,,,,,
2111920438839001,239.0,19.0,,,,,
2110692185628493,25.0,2.0,,,,,
2110691852295193,41.0,3.0,,,,,
2110691342295244,41.0,3.0,,,,,
2109341229096922,67.0,3.0,,,,,
2109338362430542,57.0,5.0,,,,,
2109364135761298,,,,,,,
2102115663152812,11.0,1.0,,,,,
2102114256486286,16.0,2.0,,,,,
2102113493153029,211.0,20.0,,,,1.0,
2102111673153211,24.0,4.0,,,,,
2102110549819990,48.0,1.0,,,,,
2102109486486763,12.0,2.0,,,,,
2102107936486918,24.0,3.0,,,,,
2102107299820315,32.0,2.0,,,,,
2102106393153739,35.0,,,,,,
2102105346487177,29.0,1.0,,,,,
2102101003154278,116.0,3.0,,,,,
2101992146498497,57.0,1.0,,,,,
2101991643165214,12.0,,,,,,
2101991219831923,30.0,,,,,,
2098233970207648,113.0,37.0,,,,,
2098233420207703,98.0,12.0,,,,,
2098232816874430,92.0,25.0,,,,,
2097599890271056,34.0,2.0,,,,,
2097600740270971,22.0,2.0,,,,,
2097598340271211,60.0,5.0,,,,,
2091401187557593,98.0,13.0,,,,,
2090115837686128,86.0,11.0,,,,,
2089841237713588,32.0,6.0,,,,,
2089806454383733,,,,,,,
2088929831138062,13.0,2.0,,,,,
2088928934471485,8.0,1.0,,,,,
2088928001138245,126.0,3.0,,,,2.0,
2085250731505972,14.0,1.0,,,,,
2085249628172749,22.0,2.0,,,,,
2085248911506154,20.0,1.0,,,,,
729943224025753,7.0,1.0,,,,,
2085246434839735,22.0,1.0,,,,,
2084113178286394,48.0,4.0,,,,,
2084112481619797,76.0,3.0,,,,,
2082973098400402,68.0,4.0,,,,,
2081493321881713,126.0,31.0,,,,,
2081491575215221,42.0,6.0,,,,,
2080527078645004,41.0,1.0,,,,,
2080525798645132,24.0,1.0,,,,,
2076512622379783,4.0,1.0,,,,,
2076511325713246,25.0,3.0,,,,,
2072225209475191,29.0,1.0,,,,,
2072224716141907,27.0,6.0,,,,,
2072224296141949,84.0,21.0,,,,,
2072223586142020,13.0,1.0,,,,,
2072223019475410,32.0,1.0,,,,,
2072222659475446,117.0,40.0,,,,,
2072220256142353,24.0,1.0,,,,,
2072217829475929,73.0,4.0,,,,,
2072215222809523,3.0,1.0,,,,,
2072214349476277,22.0,3.0,,,,,
2072200442811001,3.0,1.0,,,,,
2072193716145007,4.0,1.0,,,,,
2067604203270625,11.0,,,,,,
2066398283391217,107.0,19.0,,,,,
2066394936724885,33.0,4.0,,,,,
2066384660059246,44.0,6.0,,,,,
2065102210187491,50.0,2.0,,,,,
2065101653520880,34.0,3.0,,,,,
2063982880299424,15.0,3.0,,,,,
2063977883633257,31.0,1.0,,,,,
2062586213772424,8.0,1.0,,,,,
2061348840562828,15.0,1.0,,,,,
2061316047232774,23.0,2.0,,,,,
2060025370695175,203.0,11.0,,,,,
2060022820695430,8.0,1.0,,,,,
2057893294241716,41.0,6.0,,,,,
2057848810912831,52.0,11.0,,,,,
2057449947619384,35.0,2.0,,,,,
172214343620064,56.0,7.0,,,,,
2057352774295768,44.0,1.0,,,,,
2055377384493307,103.0,15.0,,,1.0,,
2055370397827339,50.0,6.0,,,,,
2055369724494073,7.0,1.0,,,,,
252171222100613,95.0,13.0,,,,,
2051173274913718,21.0,4.0,,,,,
2050541428310236,45.0,12.0,,,,,
2050109461686766,29.0,4.0,,,,,
2049340808430298,29.0,4.0,,,,,
2048146581883054,47.0,8.0,,,,,
2048145115216534,30.0,2.0,,,,,
2048144151883297,34.0,3.0,,,,,
2046974652000247,37.0,2.0,,,,,
2046973822000330,9.0,1.0,,,,,
2046971028667276,357.0,22.0,,,,1.0,
2046718112025901,269.0,27.0,,,,2.0,
2041286202569092,330.0,32.0,,,,1.0,
2041284922569220,63.0,10.0,,,,,
2041274529236926,294.0,46.0,,,,,
2041253122572400,124.0,14.0,,,,,
2039598186071227,48.0,6.0,,,,,
2039593702738342,276.0,22.0,,,,,
2037401319624247,,,,,,,
2023780787652967,162.0,18.0,,,,,
2023779737653072,23.0,2.0,,,,,
2018560998174946,10.0,1.0,,,,,
2018560144841698,17.0,1.0,,,,,
2018559224841790,8.0,1.0,,,,,
2018558454841867,8.0,1.0,,,,,
2018557311508648,16.0,2.0,,,,,
2016889288342117,18.0,4.0,,,,,
2016888485008864,52.0,7.0,,,,,
2015200948510951,52.0,3.0,,,,,
2011714942192885,72.0,21.0,,,,1.0,
2011693012195078,33.0,9.0,,,,,
2011688625528850,32.0,6.0,,,,,
2000056343358745,15.0,2.0,,,,,
2000054396692273,5.0,1.0,,,,,
2000050823359297,8.0,1.0,,,,,
2000046120026434,56.0,5.0,,,,,
2000040243360355,9.0,1.0,,,,,
2000039876693725,16.0,4.0,,,,,
2000039093360470,19.0,4.0,,,,,
2003412853023094,38.0,2.0,,,,,
2000028843361495,99.0,13.0,,,,,
2000027090028337,71.0,9.0,,,,,
2000023746695338,90.0,9.0,,,,,
2000021056695607,82.0,4.0,,,,,
1994981330532913,159.0,17.0,,,,,
1994760190555027,34.0,3.0,,,,,
1994759283888451,43.0,7.0,,,,,
1994758503888529,15.0,3.0,,,,,
1994757093888670,19.0,2.0,,,,,
1993438624020517,114.0,8.0,,,,,
1993436827354030,18.0,1.0,,,,,
1993436167354096,41.0,4.0,,,,,
1991719010859145,40.0,13.0,,,,,
1991711937526519,224.0,76.0,,,1.0,,
1990563794308000,23.0,3.0,,,,,
1990294684334911,123.0,17.0,,,,1.0,
1988594781171568,32.0,4.0,,,,,
1988594214504958,36.0,4.0,,,,,
1982144415149938,12.0,1.0,,,,,
1982143125150067,14.0,2.0,,,,,
1982141015150278,237.0,22.0,,,,,
1982139175150462,17.0,2.0,,,,,
1982137668483946,40.0,3.0,,,,,
1982105725153807,55.0,6.0,,,,,
1981607515203628,,,,,,,
1980688655295514,13.0,1.0,,,,,
1980648035299576,116.0,18.0,,,,1.0,
1980565751974471,53.0,2.0,,,,,
1979063022124744,40.0,3.0,,,,,
1979061408791572,44.0,3.0,,,,,
1979060602124986,69.0,6.0,,,,,
1977437145620665,35.0,2.0,,,,,
1977436278954085,48.0,2.0,,,,,
1977434672287579,31.0,,,,,,
1972823276082052,8.0,,,,,,
1972822336082146,200.0,8.0,,,,,1.0
1972821946082185,33.0,4.0,,,,,
1972821396082240,41.0,6.0,,,,,
1972820832748963,33.0,,,,,,
1972913016073078,7.0,,,,,,
1971452992885747,63.0,8.0,,,,,
1971452142885832,48.0,1.0,,,,,
1971451469552566,34.0,4.0,,,,,
1969984433032603,50.0,4.0,,,,,
1969983816365998,56.0,6.0,,,,,
1969982236366156,51.0,5.0,,,,,
1968512343179812,96.0,8.0,,,,,
1968511253179921,50.0,3.0,,,,,
1966876670010046,23.0,3.0,,,,,
1966876020010111,63.0,4.0,,,,,
1963886813642365,29.0,2.0,,,,,
1963804503650596,13.0,1.0,,,,,
1963620653668981,24.0,3.0,,,,,
1963618840335829,16.0,1.0,,,,,
1962419233789123,41.0,4.0,,,,,
1962346687129711,17.0,1.0,,,,,
1962345850463128,277.0,15.0,,,,,
1960878023943244,34.0,1.0,,,1.0,,
1959303134100733,63.0,7.0,,,,,
1959301360767577,38.0,4.0,,,,,
1959299857434394,43.0,6.0,,,,,
1957833144247732,45.0,8.0,,,,,
1957596507604729,5.0,1.0,,,,,
1954326884598358,35.0,4.0,,,,,
1951423814888665,36.0,6.0,,,,,
1949796231718090,42.0,7.0,,,,,
1949797285051318,41.0,4.0,,,,,
1949797801717933,87.0,31.0,,,,1.0,
1949561551741558,,,,,,,
1947778621919851,53.0,4.0,,,,,
1947776301920083,7.0,1.0,,,,,
1947774575253589,10.0,1.0,,,,,
1946122335418813,33.0,3.0,,,,,
1946119335419113,15.0,1.0,,,,,
1944560378908342,284.0,38.0,,,,,
1941226692575044,20.0,1.0,,,,,
1940831225947924,17.0,,,,,,
1939686649395715,34.0,1.0,,,,,
1939684732729240,129.0,5.0,,,,,
1938135179550862,11.0,,,,,,
1936556499708730,11.0,,,,,,
1936496369714743,,,,,,,
1936496066381440,16.0,1.0,,,,,
1936449549719425,45.0,2.0,,,,,
1934772013220512,30.0,2.0,,,,,
1933379423359771,,,,,,,
1933317106699336,8.0,,,,,,
1933316316699415,5.0,,,,,,
1933315973366116,,,,,,,
1928572053840508,13.0,,,,,,
1928571193840594,41.0,,,,,,
1928570760507304,16.0,,,,,,
1928504790513901,59.0,2.0,,,,,
1928365093861204,329.0,4.0,,,,,
1928217737209273,29.0,2.0,,,,,
1928020917228955,381.0,14.0,,,,,
1926657340698646,6.0,3.0,,,,,
1924966367534410,12.0,1.0,,,,,
1924963564201357,43.0,4.0,,,,,
1923282984369415,16.0,1.0,,,,,
1923271391037241,19.0,1.0,,,,,
1920361074661606,33.0,3.0,,,,,
1919248831439497,27.0,1.0,,,,,
1918265098204537,9.0,2.0,,,,,
1918174778213569,10.0,1.0,,,,,
1917717434925970,,,,,,,
1917199064977807,80.0,4.0,,,,,
1917107668320280,52.0,3.0,,,,,
1916167565080957,10.0,2.0,,,,,
1916117118419335,24.0,1.0,,,,,
1915943111770069,12.0,1.0,,,,,
1915042648526782,31.0,1.0,,,,,
1915041675193546,26.0,3.0,,,,,
1914981701866210,6.0,1.0,,,,,
1910779108953136,6.0,1.0,,,,,
1910778365619877,79.0,5.0,,,1.0,,
1910777442286636,143.0,7.0,,,,,
1910738182290562,28.0,5.0,,,,,
1909726625725051,34.0,3.0,,,,,
1909258122438568,129.0,2.0,,,1.0,,
1908318999199147,24.0,1.0,,,,,
1908316782532702,30.0,5.0,,,,,
1907625005935213,26.0,1.0,,,,,
1907623639268683,38.0,2.0,,,,,
1907620695935644,19.0,1.0,,,,,
1906509396046774,25.0,2.0,,,,,
1906508402713540,3.0,1.0,,,,,
1903454633018917,10.0,1.0,,,,,
1903454003018980,8.0,1.0,,,,,
1903450976352616,171.0,6.0,,,,,
1902485649782482,280.0,23.0,,,,,
1902487529782294,84.0,6.0,,,,,
1901443549886692,79.0,6.0,,,,,
1900332983331082,43.0,5.0,,,,,
1900332159997831,212.0,19.0,,,,,
1899365220094525,11.0,1.0,,,,,
1895191130511934,19.0,3.0,,,,,
1895188463845534,82.0,16.0,,,,,
1896072147090499,7.0,2.0,,,,,
1895184997179214,114.0,16.0,,,,,
1895175207180193,11.0,2.0,,,,,
1895167380514309,40.0,2.0,,,,,
1895173400513707,526.0,56.0,,,1.0,,
1894344973929883,13.0,2.0,,,,,
1894344230596624,15.0,3.0,,,,,
1894338783930502,73.0,6.0,,,,,
1893300517367662,5.0,2.0,,,,,
1893300054034375,76.0,4.0,,,,,
1888972341133813,65.0,4.0,,,,,
1888960564468324,84.0,3.0,,,,,
1888001451230902,23.0,2.0,,,,,
1885978494766531,11.0,3.0,,,,,
1885068098190904,11.0,1.0,,,,,
1885067598190954,764.0,34.0,,,,,
1885951034769277,26.0,1.0,,,,,
1885948094769571,17.0,3.0,,,,,
1885062494858131,37.0,1.0,,,,,
1885061624858218,142.0,15.0,,,,,
1885060731524974,96.0,6.0,,,,,
1885059348191779,71.0,4.0,,,,,
1879796078718106,30.0,2.0,,,,,
1881946208503093,271.0,10.0,,,,,
1879795532051494,27.0,1.0,,,,,
1879794418718272,79.0,6.0,,,,,
1881945321836515,74.0,5.0,,,,,
1879790902051957,19.0,2.0,,,,,
1879790035385377,101.0,6.0,,,,,
1879788142052233,39.0,2.0,,,,,
1880583525306028,407.0,14.0,,,,,
1879787352052312,117.0,6.0,,,,,
1879786985385682,46.0,4.0,,,,,
1877662588931455,19.0,3.0,,,,,
1877659815598399,76.0,3.0,,,,,
1874622689235445,29.0,1.0,,,,,
1874621339235580,11.0,2.0,,,,,1.0
1871493106215070,19.0,1.0,,,,,
1874617702569277,6.0,1.0,,,,,
1871486206215760,46.0,1.0,,,,,
1873587079339006,195.0,29.0,,,,,
1871483282882719,98.0,9.0,,,,,
1873223802708667,195.0,28.0,,,,,
1871482279549486,66.0,2.0,,,,,
1871478459549868,93.0,15.0,,,,,
1871473606217020,35.0,3.0,,,,,
1871117172919330,17.0,1.0,,,,,
1870487992982248,65.0,5.0,,,,,
1870479532983094,,,,,,,
1870301693000878,10.0,1.0,,,,,
1869471969750517,24.0,1.0,,,,,
1869251629772551,3.0,2.0,,,,,
1866428930054821,19.0,2.0,,,,,
1866423176722063,54.0,2.0,,,,,
1866422043388843,38.0,3.0,,,,,
1866418856722495,130.0,6.0,,,,,
1864404270257287,51.0,1.0,,,,,
1864401796924201,90.0,10.0,,,,,
1864399266924454,66.0,8.0,,,,,
1864397543591293,92.0,9.0,,,,,
1864396716924709,61.0,4.0,,,,,
1863370637027317,23.0,2.0,,,,,
1863369030360811,73.0,2.0,,,,,
1862989220398792,176.0,9.0,,,,,
1860278017336579,10.0,1.0,,,,,
1861348137229567,62.0,5.0,,,,,
1861251003905947,191.0,15.0,,,,1.0,
1860260874004960,44.0,5.0,,,,,
1860261564004891,181.0,11.0,,,,,
1860279140669800,178.0,11.0,,,,,
1860124747351906,26.0,6.0,,,,,
1858208317543549,43.0,5.0,,,,,
1857162820981432,48.0,4.0,,,,,
1857157330981981,140.0,21.0,,,1.0,,
1856124557751925,28.0,1.0,,,,,
1854882777876103,17.0,1.0,,,,,
1854845484546499,6.0,1.0,,,,,
1853806751317039,109.0,1.0,,,,,
1852883788076002,572.0,26.0,,,,,
1852749964756051,11.0,2.0,,,,,
1852591878105193,31.0,4.0,,,,,
1851788188185562,69.0,4.0,,,,,
1851731261524588,151.0,10.0,,,1.0,,
1851618974869150,41.0,2.0,,,,,
1850524014978646,,,,,,,
1849592825071765,66.0,6.0,,,,,
1849461021751612,75.0,10.0,,,,,
1848419018522479,90.0,7.0,,,,,
1847048858659495,8.0,1.0,,,,,
1846209868743394,639.0,77.0,,,,,
1846119112085803,395.0,33.0,,,,,
1846052195425828,78.0,3.0,,,1.0,,
1844941708870210,4.0,1.0,,,,,
1842945599069821,83.0,4.0,,,,,
1841714842526230,130.0,9.0,,,,,
1841713665859681,21.0,1.0,,,,,
1840704175960630,5.0,2.0,,,,,
1840687265962321,77.0,2.0,,,,,
1836499743047740,34.0,1.0,,,,,
1836492983048416,15.0,1.0,,,,,
1836471863050528,104.0,9.0,,,,,
1836465376384510,54.0,3.0,,,,,
1836401599724221,210.0,15.0,,,,,
1836253329739048,2.0,1.0,,,,,
1835321503165564,23.0,1.0,,,,,
1835320426499005,30.0,1.0,,,,,2.0
1830894900274891,39.0,3.0,,,,,
1824991884198526,160.0,10.0,,,,,
1822342614463453,133.0,13.0,,,,,
1821096751254706,68.0,3.0,,,,,
1819827911381590,32.0,,,,,,
1819815744716140,83.0,3.0,,,,,
1819480791416302,7.0,,,,,,
1818676911496690,67.0,5.0,,,,,
1818675451496836,24.0,1.0,,,,,
1817555064942208,42.0,2.0,,,,,
1816476295050085,60.0,6.0,,,,,
1816470491717332,6.0,,,,,,1.0
1815443578486690,18.0,1.0,,,,,
1813158265381888,80.0,1.0,,,,,
1812891335408581,34.0,2.0,,,,,
1812050352159346,31.0,1.0,,,,,
1808842589146789,41.0,2.0,,,,1.0,
1807693655928349,51.0,4.0,,,,,
1806512709379777,860.0,42.0,,,,,
1806489166048798,64.0,4.0,,,,,
1805608362803545,6.0,1.0,,,,,
1800140596683655,33.0,2.0,,,,,
1798987366798978,17.0,1.0,,,,,
1798973153467066,159.0,11.0,,,,,
1798118046885910,43.0,8.0,,,,,
1795604960470552,10.0,1.0,,,,,
1794531630577885,,,,,,,
1793887163975665,9.0,1.0,,,,,
1790645634299818,31.0,1.0,,,,,
1790635747634140,51.0,3.0,,,,,
1790652367632478,4.0,1.0,,,,1.0,
1789498857747829,6.0,2.0,,,,,
1788765954487786,30.0,3.0,,,,,
1788764051154643,21.0,4.0,,,,,
1788762797821435,21.0,6.0,,,,,
1788053571225691,31.0,3.0,,,,,
1787540021277046,16.0,2.0,,,,,
1782437521787296,107.0,20.0,,,,,
1781451201885928,22.0,2.0,,,,,
1781300315234350,10.0,2.0,,,,,
1781293338568381,8.0,1.0,,,,,
1780559225308459,6.0,1.0,,,,,
1780461145318267,93.0,8.0,,,,,
1779373405427041,83.0,3.0,,,,,
1779372465427135,12.0,2.0,,,,,
1779387422092306,,,,,,,
1779368512094197,22.0,1.0,,,,,
1776900545674327,,,,,,,
1776829699014745,15.0,2.0,,,,,
1774905499207165,157.0,13.0,,,,,
1773893375975044,208.0,14.0,,,,,
1773887479308967,49.0,4.0,,,,,
1773892452641803,12.0,1.0,,,,,
1773885249309190,19.0,1.0,,,,,
1772652039432511,30.0,,,,1.0,,2.0
1772650959432619,123.0,1.0,,,,,
1772649362766112,48.0,2.0,,,1.0,,
1772648589432856,224.0,3.0,,,1.0,,
1771639116200470,23.0,1.0,,,,,
1771638922867156,204.0,8.0,,,,,
1771637682867280,89.0,5.0,,,,,
1770702906294091,23.0,,,,,,
1770458112985237,38.0,,,,,,
1768349033196145,158.0,14.0,,,,,
1767365646627817,175.0,7.0,,,1.0,,
1767366433294405,47.0,2.0,,,,,
1766330400064675,234.0,35.0,,,,,
1765333343497714,324.0,24.0,,,,,
1764241570273558,94.0,6.0,,,,,
1764230683607980,38.0,1.0,,,,,
1764226820275033,64.0,4.0,,,,,
1763391820358533,44.0,1.0,,,,,
1762183747146007,101.0,4.0,,,,,
1762114127152969,61.0,3.0,,,,,
1761850280512687,34.0,3.0,,,,,
1761226917241690,47.0,1.0,,,,,1.0
1760287140669001,92.0,9.0,,,,,
1760217494009299,39.0,1.0,,,,,
1759836544047394,8.0,,,,,,
1759334460764269,1.0,66.0,,,,1.0,
1759275567436825,84.0,2.0,,,,,
1758296074201441,57.0,2.0,,,,,
1758275530870162,29.0,1.0,,,,,
1756967761000939,166.0,29.0,,,,,
1754193011278414,250.0,14.0,,,,,
1753183314712717,72.0,8.0,,,,,
1752895271408188,168.0,22.0,,,,,
1752213428143039,55.0,2.0,,,,,
1752052348159147,655.0,54.0,,,,,
1751884771509238,2.0,103.0,,,2.0,,
1750686381629077,,,,,,,
1750671078297274,2.0,75.0,,,19.0,,
1749792565051792,16.0,1.0,,,,,
1749786091719106,3.0,1.0,,,,,
1744524822245233,61.0,6.0,,,,,
1743533545677694,138.0,9.0,,,,,
1743523242345391,70.0,15.0,,,,,
1743417919022590,30.0,3.0,,,,,
1740482005982848,6.0,4.0,,,,,
1739587056072343,15.0,,,,,,
1739549449409437,86.0,7.0,,,,,
1738864892811226,103.0,1.0,,,,,
1736741343023581,126.0,11.0,,,,,
1736812049683177,157.0,11.0,,,,,
1736764806354568,,,,,,,
1736124013085314,44.0,4.0,,,,,
1734271969937185,47.0,2.0,,,,,
1734253943272321,21.0,2.0,,,,,
1734074039956978,81.0,5.0,,,,,
1733258510038531,5.0,1.0,,,,,
1733222863375429,6.0,1.0,,,,,
1733178553379860,96.0,10.0,,,,,
1731012866929762,145.0,12.0,,,,,
1729984277032621,55.0,3.0,,,,,
1728981910466191,133.0,7.0,,,,1.0,
1727979973899718,72.0,6.0,,,,,
1727978940566488,144.0,14.0,,,,,
1727976513900064,57.0,5.0,,,,,
1725993887431660,28.0,1.0,,,,,
1725740040790378,57.0,6.0,,,,,
1724871520877230,788.0,34.0,,,,1.0,
1724732344224481,24.0,3.0,,,,,
1723938657637183,891.0,37.0,,,,2.0,
1723931700971212,1.0,174.0,,,,1.0,
1722831017747947,10.0,1.0,,,,,
1721808214516894,197.0,14.0,,,,,
1720711194626596,26.0,2.0,,,,,
1720708397960209,38.0,5.0,,,,,
1719567338074315,15.0,3.0,,,1.0,,
1718660334831682,58.0,6.0,,,,,
1717653784932337,19.0,5.0,,,,,
1717551274942588,266.0,27.0,,,,,
1716376495060066,529.0,43.0,,,1.0,,
1714257971938585,107.0,3.0,,,,,
1714233505274365,154.0,8.0,,,,,
1714189341945448,793.0,40.0,,,3.0,,
1711655835532132,12.0,1.0,,,,,
1710925552271827,42.0,3.0,,,,,
1710862442278138,13.0,1.0,,,,,
1708971115800604,29.0,8.0,,,,,
1708901589140890,,,,,,,
1708842942480088,460.0,23.0,,,,,
1707913285906387,375.0,10.0,,,,,
1702875709743478,,,,,,,
1702066329824416,52.0,10.0,,,,,
1701026669928382,40.0,3.0,,,,,
1700135996684116,64.0,13.0,,,,,
1700073063357076,72.0,3.0,,,,,
1698173626880353,73.0,8.0,,,,,
1696316787066037,33.0,2.0,,,,,
1691620564202326,27.0,2.0,,,,,
1691595370871512,160.0,8.0,,,,,
1688718831159166,58.0,3.0,,,,,
1687940837903632,,,,,,,
1675978719099844,141.0,9.0,,,,,
1675973075767075,10.0,2.0,,,,,
1675969159100800,17.0,1.0,,,,,
1675965825767800,157.0,14.0,,,,,
1675964875767895,50.0,1.0,,,,,
1676167319080984,15.0,1.0,,,,,
1676144362416613,132.0,7.0,,,,,
1676143752416674,37.0,3.0,,,,,
1676041919093524,,,,,,,
1675305819167134,184.0,12.0,,,,,
1675304845833898,44.0,3.0,,,,,
1673192299378486,9.0,2.0,,,,,
1669405133090536,90.0,14.0,,,,,
1669403129757403,315.0,13.0,,,,,
1669401146424268,48.0,4.0,,,,,
1669400116424371,22.0,2.0,,,,,
1665768920120824,9.0,3.0,,,,,
1662943993736650,16.0,3.0,,,,,
1660027420694974,25.0,3.0,,,,,
1656497117714671,36.0,3.0,,,,,
1656484144382635,43.0,3.0,,,,,
1656478497716533,35.0,3.0,,,,,
1656473187717064,33.0,3.0,,,,1.0,
1656470517717331,63.0,2.0,,,,,
1655693914461658,75.0,5.0,,,,,
1654826317881751,2.0,2.0,,,,,
1653123688052014,169.0,15.0,,,,,
1650527794978270,69.0,9.0,,,,,
1650527321644984,46.0,3.0,,,,,
1650526074978442,94.0,9.0,,,,,
1650507078313675,136.0,10.0,,,,,
1650482724982777,4.0,1.0,,,,,
1650176501680066,,,,,,,
1648671511830565,1.0,113.0,,,,2.0,
1648670428497340,43.0,2.0,,,,,
1646892582008458,94.0,5.0,,,,,
1644109458953437,,,,,,,
1643317695699280,89.0,3.0,,,,,
1643315882366128,39.0,2.0,,,,,
1642056582492058,55.0,3.0,,,,,
1642480652449651,81.0,4.0,,,,,
1642056095825440,30.0,,,,,,
1641531042544612,49.0,4.0,,,,,
1640661672631549,,,,,,,
1637873819577001,85.0,3.0,,,,,
1637873499577033,98.0,7.0,,,,,
1637872752910441,41.0,5.0,,,,,
1637871652910551,52.0,2.0,,,,,
1637692109595172,286.0,15.0,,,,,
1636851576345892,687.0,24.0,,,1.0,,
1635549413142775,329.0,11.0,,,,,
1634575299906853,6.0,1.0,,,,,
1631410150223368,11.0,2.0,,,,1.0,
1631409790223404,78.0,5.0,,,,1.0,
1631408643556852,61.0,3.0,,,,,
1631406423557074,5.0,2.0,,,,,
1629732863724430,3.0,3.0,,,,1.0,
1628728887158161,,,,,,,
1627968423900874,107.0,4.0,,,,,
1627968160567567,60.0,5.0,,,,,
1624429184254798,855.0,88.0,,,2.0,,
1623435557687494,8.0,1.0,,,,,
1622513377779712,69.0,4.0,,,,,
1618815568149493,45.0,1.0,,,,1.0,
1618814308149619,92.0,6.0,,,,,
1618813104816406,8.0,2.0,,,,,
1618812228149827,9.0,1.0,,,,,
1617769488254101,99.0,5.0,,,,,
1617768481587535,9.0,,,,,,
1616930988337951,80.0,,,,,,
1616116221752761,45.0,5.0,,,,,
1616115148419535,203.0,10.0,,,,,
1612405292123854,57.0,3.0,,,,,
1612401625457554,1.0,76.0,,,,,
1612401325457584,13.0,1.0,,,,,
1612399695457747,42.0,6.0,,,,,
1611524915545225,84.0,5.0,,,,,
1610685342295849,32.0,6.0,,,,,
1610697712294612,85.0,4.0,,,,,
1609737322390651,115.0,8.0,,,,,
1609679852396398,,,,,,,
1605659636131753,991.0,54.0,,,1.0,,
1605659026131814,81.0,8.0,,,,,
1605657179465332,22.0,3.0,,,,,
1605656389465411,134.0,8.0,,,1.0,,
1599195743444809,82.0,8.0,,,,,
1599194703444913,89.0,11.0,,,,,
1599193506778366,44.0,2.0,,,,,
1599192973445086,73.0,6.0,,,,,
1596812570349793,21.0,5.0,,,,,
1594701293894254,18.0,,,,,,
1591502747547442,35.0,3.0,,,,,
1589350544429329,447.0,18.0,,,,,
1588268021204248,92.0,13.0,,,,,
1583717004992683,,,,,,,
1583716278326089,,,,,,,
1583713098326407,,,,,,,
1583711804993203,,,,,,,
1583705418327175,,,,,,,
1583704684993915,,,,,,,
1582788241752226,,,,,,,
1582787831752267,,,,,,,
1581666761864374,,,,,,,
1581666265197757,,,,,,,
1581665415197842,,,,,,,
1580448388652878,,,,,,,
1580448001986250,,,,,,,
1579485735415810,,,,,,,
1579485242082526,,,,,,,
1579484508749266,,,,,,,
1576282565736127,9.0,2.0,,,,,
1576282195736164,,,,,,,
1576281529069564,,,,,,,
1576281122402938,,,,,,,
1576277949069922,,,,,,,
1576277122403338,440.0,20.0,,,,,
1576276442403406,,,,,,,
1575997609097956,,2.0,,,,,
1575141819183535,,,,,,,
1575140529183664,24.0,2.0,,,,,
1575110432520007,,,,,,,
1574099449287772,,,,,,,
1574096115954772,,,,,,,
1574094709288246,,,,,,,
1573076626056721,,,,,,,
1573077592723291,,,,,,,
1568477276516656,,,,,,,
1568476973183353,,,,,,,
1568541556510228,,,,,,,
1568475793183471,,,,,,,
1568475306516853,,,,,,,
1568471649850552,,,,,,,
1568466489851068,,,,,,,
1567131383317912,,,,,,,
1567129933318057,,,,,,,
1567128669984850,,,,,,,
1565877110110006,,,,,,,
1564506426913741,22.0,5.0,,,,,
1564505863580464,,,,,,,
1564504893580561,,,,,,,
1560254190672298,,,,,,,
1560253837339000,,,,,,,
1560252900672427,12.0,1.0,,,,,1.0
1560252300672487,,,,,,,
1561245317239852,,,,,,,
1561243827240001,,,,,,,
1561234000574317,43.0,5.0,,,,,
1561160900581627,,,,,,,
1561154790582238,36.0,2.0,,,,,
1560251614005889,,,,,,,
1560249154006135,,,,,,,
1560221627342221,,,,,,,
1560220220675695,,,,,,,
1560259297338454,,,,,,,
1560218664009184,,,,,,,
1559290254102025,,,,,,,
1559289764102074,17.0,3.0,,,,,
1559289474102103,,,,,,,
1557990304232020,,,,,,,
1557989617565422,15.0,3.0,,,,,
1557989064232144,,,,,,,
1556832534347797,,,,,,,
1556839734347077,,,,,,,
1556838867680497,,,,,,,
1552118358152548,7.0,2.0,,,,,
1552117711485946,,,,,,,
1552122264818824,,,,,,,
1552156168148767,,,,,,,
1552121708152213,,,,,,,
1552124611485256,,,,,,,
1552152454815805,,,,,,,
1552124164818634,,,,,,,
1552123431485374,,,,,,,
1550942161603501,,,,,,,
1550941668270217,,,,,,,
1550940551603662,,,,,,,
1549729171724800,,,,,,,
1549728461724871,6.0,2.0,,,,,
1549727631724954,,,,,,,
1548453691852348,,,,,,,
1548453438519040,,,,,,,
1548452418519142,,,,,,,
1547283125302738,,,,,,,
1547281478636236,19.0,2.0,,,,,
1547280451969672,,,,,,,
1543515745679476,,,,,,,
1543514102346307,,,,,,,
1543510312346686,11.0,1.0,,,,,
1543508465680204,,,,,,,
1543507632346954,,,,,,,
1543507355680315,,,,,,,
1543506549013729,,,,,,,
1541138105917240,18.0,3.0,,,,,
1541137379250646,,,,,,,
1541137722583945,8.0,4.0,,,,,
1541136539250730,21.0,1.0,,,,,
1541136192584098,,,,,,,
1541135412584176,,,,,,,
1541006349263749,,,,,,,
1539880922709625,,,,,,,
1539880722709645,,,,,,,
1539881782709539,,,,,,,
1539881219376262,6.0,5.0,,,,,
1538275156203535,,,,,,,
1538274022870315,,,,,,,
1534765419887842,26.0,2.0,,,,,
1534764386554612,58.0,7.0,,,,,
1534763239888060,,,,,,,
1534758966555154,,,,,,,
1534760079888376,16.0,2.0,,,,,
1534759569888427,,,,,,,
1534758336555217,,,,,,,
1534757646555286,,,,,,,
1534757259888658,,,,,,,
1534756079888776,,,,,,,
1533840996646951,7.0,2.0,,,,,
1533840696646981,,,,,,,
1533840456647005,,,,,,,
1532883680076016,,,,,,,
1532882193409498,56.0,5.0,,,,,
1532881830076201,,,,,,,
1531894633508254,,,,,,,
1531893756841675,,,,,,,
1531892873508430,,,,,,,
1527734720590912,4.0,2.0,,,,,
1527734263924291,,,,,,,
1527719107259140,6.0,2.0,,,,,
1527716940592690,,,,,,,
1527715680592816,,,,,,,
1527714807259570,,,,,,,
1527713770593007,,,,,,,
1527713070593077,,,,,,,
1525707450793639,15.0,3.0,,,1.0,,
1525707100793674,10.0,3.0,,,,,
1525706774127040,,,,,,,
1525706424127075,,,,,,,
1525705217460529,9.0,3.0,,,,,
1525704610793923,36.0,3.0,,,,,
1525704274127290,,,,,,,
1524789030885481,,,,,,,
1524788787552172,,,,,,,
1524788374218880,,,,,,,
1523847970979587,10.0,3.0,,,,1.0,
1523847154313002,,,,,,,
1523846844313033,,,,,,,
1520774467953604,,,,,,,
1520772977953753,,,,,,,
1520768711287513,,,,,,,
1520767744620943,,,,,,,
1520769124620805,,,,,,,
1520767384620979,,,,,,,
1520766911287693,,,,,,,
1520766704621047,,,,,,,
1519884721375912,31.0,3.0,,,,1.0,
1519884151375969,,,,,,,
1519883501376034,19.0,5.0,,,,,
1519001741464210,,,,,,,
1518998158131235,,,,,,,
1518997471464637,,,,,,,
1518048158226235,13.0,4.0,,,,,
1518047644892953,,,,,,,
1518051108225940,,,,,,,
1518047478226303,,,,,,,
1517066421657742,,,,,,,
1517065688324482,8.0,2.0,,,,,
1517065468324504,,,,,,,
1514184558612595,,,,,,,
1514184321945952,,,,,,,
1514183731946011,4.0,2.0,,,,,
1514183485279369,,,,,,,
1514183035279414,,,,,,,
1514182751946109,25.0,2.0,,,,,
1514182465279471,,,,,,,
1514182281946156,,,,,,,
1513120175385700,,,,,,,
1513119968719054,,,,,,,
1513119552052429,,,,,,,
1512173965480321,,,,,,,
1512182038812847,,,,,,,
1511131038917947,62.0,4.0,,,,,
1510116472352737,21.0,5.0,,,,,
1510115289019522,24.0,5.0,,,,,
1510113332353051,,,,,,,
1507013059329745,181.0,18.0,,,,,
1506997232664661,,,,,,,
1506996885998029,,,,,,,
1506995689331482,54.0,5.0,,,,,
1506995299331521,,,,,,,
1506994685998249,,,,,,,
1506993275998390,,,,,,,
1506992915998426,,,,,,,
1506992755998442,,,,,,,
1506132962751088,27.0,1.0,,,,,
1506132079417843,37.0,5.0,,,,,
1506131509417900,,,,,,,
1505157842848600,,,,,,,
1505157589515292,140.0,24.0,,,4.0,,
1505157139515337,,,,,,,
1504149502949434,35.0,4.0,,,,,
1504143916283326,,,,,,,
1498695420161509,,,,,,,
1498695186828199,,,,,,,
1498693450161706,,,,,,,
1498693273495057,,,,,,,
1497354803628904,,,,,,,
1497354123628972,21.0,4.0,,,,,
1497353783629006,,,,,,,
1496180647079653,26.0,5.0,,,,,
1496180450413006,,,,,,,
1495063780524673,,,,,,,
1494957983868586,,,,,,,
1494956543868730,,,,,,,
1493730413991343,,,,,,,
1489552601075791,,,,,,,
1489552394409145,,,,,,,
