[
    {
        "id": 17999861425126933,
        "created_at": 1546877244,
        "text": "\ud83d\ude02\ud83d\ude02\ud83d\ude02\ud83d\ude02\ud83d\ude02\ud83d\ude02",
        "owner": {
            "id": "7137918925",
            "is_verified": false,
            "profile_pic_url": "https://instagram.fdoh5-3.fna.fbcdn.net/v/t51.2885-19/44884218_345707102882519_2446069589734326272_n.jpg?_nc_ht=instagram.fdoh5-3.fna.fbcdn.net&_nc_ohc=FvRIGkb-0bMAX92z2S0&oh=665daf2cba68d65891fd1c983dc72d5f&oe=5F9A258F&ig_cache_key=YW5vbnltb3VzX3Byb2ZpbGVfcGlj.2",
            "username": "blancaestelaospinacardona_"
        },
        "likes_count": 0,
        "answers": []
    }
]