{
    "instaloader": {
        "node_type": "Post",
        "version": "4.5.3"
    },
    "node": {
        "__typename": "GraphVideo",
        "comments_disabled": false,
        "dimensions": {
            "height": 1080,
            "width": 1080
        },
        "display_url": "https://instagram.fbga1-4.fna.fbcdn.net/v/t51.2885-15/e35/47690298_781410382191307_983286290350972946_n.jpg?_nc_ht=instagram.fbga1-4.fna.fbcdn.net&_nc_cat=107&_nc_ohc=yOuBjfka-vMAX-W7rZB&_nc_tp=18&oh=a8e1a9da6f8ab0de667524aeb8d3a3ba&oe=5F71AE9C",
        "edge_media_preview_like": {
            "count": 121
        },
        "edge_media_to_caption": {
            "edges": [
                {
                    "node": {
                        "text": "\u00a1EPK te desea un feliz y pr\u00f3spero a\u00f1o nuevo! Gracias a todos por ser parte de nuestro 2018. \u00a1Lo mejor est\u00e1 por venir!\n\n#HappyNewYear #2019 #FelizA\u00f1oNuevo #EPK #SoyEPK #EPKmegusta"
                    }
                }
            ]
        },
        "edge_media_to_comment": {
            "count": 0
        },
        "id": "1946804585395883704",
        "is_video": true,
        "owner": {
            "biography": "Bienvenido a la cuenta oficial de EPK. \nModa infantil en tendencia, un #LookEPK para cada ocasi\u00f3n.",
            "blocked_by_viewer": false,
            "business_category_name": "Personal Goods & General Merchandise Stores",
            "business_email": "info@epk.com",
            "category_enum": "CHILDRENS_CLOTHING_STORE",
            "connected_fb_page": null,
            "country_block": false,
            "edge_follow": {
                "count": 9
            },
            "edge_followed_by": {
                "count": 765654
            },
            "edge_mutual_followed_by": {
                "count": 0,
                "edges": []
            },
            "edge_related_profiles": {
                "edges": [
                    {
                        "node": {
                            "full_name": "Laurita Acun\u0303a",
                            "id": "54406925",
                            "is_private": false,
                            "is_verified": true,
                            "profile_pic_url": "https://instagram.fbga1-4.fna.fbcdn.net/v/t51.2885-19/s150x150/116752108_1674171839418913_6429239951265148496_n.jpg?_nc_ht=instagram.fbga1-4.fna.fbcdn.net&_nc_ohc=WKVDoIrmY3EAX-SjlUc&oh=ba3b072910dea8568a5f8c556525b100&oe=5F99C58B",
                            "username": "lauraacunaayala"
                        }
                    },
                    {
                        "node": {
                            "full_name": "Ve\u0301lez for Leather Lovers",
                            "id": "301076131",
                            "is_private": false,
                            "is_verified": true,
                            "profile_pic_url": "https://instagram.fbga1-4.fna.fbcdn.net/v/t51.2885-19/s150x150/119183881_167664594939091_7522221367920243819_n.jpg?_nc_ht=instagram.fbga1-4.fna.fbcdn.net&_nc_ohc=OgQTeRe-jmkAX9TrS9R&oh=371dda3159ab776625bcfcf8db391f1c&oe=5F98761F",
                            "username": "velezforleatherlovers"
                        }
                    },
                    {
                        "node": {
                            "full_name": "Andrea Serna",
                            "id": "253203290",
                            "is_private": false,
                            "is_verified": true,
                            "profile_pic_url": "https://instagram.fbga1-4.fna.fbcdn.net/v/t51.2885-19/s150x150/13188134_1144364565581964_1724415350_a.jpg?_nc_ht=instagram.fbga1-4.fna.fbcdn.net&_nc_ohc=sHDvcbpiQNcAX90lkst&oh=3edb51ec37af4a836e749f64678c81c5&oe=5F9A9CA7",
                            "username": "andreasernafotos"
                        }
                    },
                    {
                        "node": {
                            "full_name": "Cata G\u00f3mez",
                            "id": "1191019715",
                            "is_private": false,
                            "is_verified": true,
                            "profile_pic_url": "https://instagram.fbga1-4.fna.fbcdn.net/v/t51.2885-19/s150x150/12142443_1511349362518491_1826099045_a.jpg?_nc_ht=instagram.fbga1-4.fna.fbcdn.net&_nc_ohc=uSDf8XjiuwcAX_mLtp3&oh=bdf53d63b3f9a84f0bbcfc04af809eb3&oe=5F9984E0",
                            "username": "apuntesdecata"
                        }
                    },
                    {
                        "node": {
                            "full_name": "La Red Caracol",
                            "id": "457424330",
                            "is_private": false,
                            "is_verified": true,
                            "profile_pic_url": "https://instagram.fbga1-4.fna.fbcdn.net/v/t51.2885-19/s150x150/106063742_619560818917126_2931329653253372322_n.jpg?_nc_ht=instagram.fbga1-4.fna.fbcdn.net&_nc_ohc=zJr01HyapDsAX_VIDSh&oh=1fc100be0068792fe19c15bc501576e1&oe=5F9A8328",
                            "username": "laredcaracoltv"
                        }
                    },
                    {
                        "node": {
                            "full_name": "Daniella Alvarez",
                            "id": "256779097",
                            "is_private": false,
                            "is_verified": true,
                            "profile_pic_url": "https://instagram.fbga1-4.fna.fbcdn.net/v/t51.2885-19/s150x150/117302054_115660623577028_6681978611380119848_n.jpg?_nc_ht=instagram.fbga1-4.fna.fbcdn.net&_nc_ohc=v7NRwbHKUzMAX8ftz5J&oh=8bf16777b99b54ee6c4fe41cdd4ac851&oe=5F996546",
                            "username": "danielaalvareztv"
                        }
                    },
                    {
                        "node": {
                            "full_name": "Jessica Cediel",
                            "id": "196174954",
                            "is_private": false,
                            "is_verified": true,
                            "profile_pic_url": "https://instagram.fbga1-4.fna.fbcdn.net/v/t51.2885-19/s150x150/119779346_211009543702486_8041850253770016049_n.jpg?_nc_ht=instagram.fbga1-4.fna.fbcdn.net&_nc_ohc=g78METryI5AAX-FOaOd&oh=f3bb821a64b9c9814a98700ab23399bd&oe=5F99AE1F",
                            "username": "jessicacedielnet"
                        }
                    },
                    {
                        "node": {
                            "full_name": "Johana Bahamo\u0301n",
                            "id": "26936639",
                            "is_private": false,
                            "is_verified": true,
                            "profile_pic_url": "https://instagram.fbga1-4.fna.fbcdn.net/v/t51.2885-19/s150x150/106495505_391403931818438_1556212512374780832_n.jpg?_nc_ht=instagram.fbga1-4.fna.fbcdn.net&_nc_ohc=QlzbAkiV8aYAX8v29wi&oh=cdbd8eee82efa7fb01e0e69e31ba0862&oe=5F97837D",
                            "username": "johana_bahamon_"
                        }
                    },
                    {
                        "node": {
                            "full_name": "BOSI",
                            "id": "232286468",
                            "is_private": false,
                            "is_verified": true,
                            "profile_pic_url": "https://instagram.fbga1-4.fna.fbcdn.net/v/t51.2885-19/s150x150/73512746_518727375344437_2571377219100213248_n.jpg?_nc_ht=instagram.fbga1-4.fna.fbcdn.net&_nc_ohc=k6LWSruQMQAAX8KvU1Q&oh=c19e1e7127a6d47056db79785bd3a1e6&oe=5F9A7DA3",
                            "username": "mybosi"
                        }
                    },
                    {
                        "node": {
                            "full_name": "Petit Bowtique",
                            "id": "649008006",
                            "is_private": false,
                            "is_verified": false,
                            "profile_pic_url": "https://instagram.fbga1-4.fna.fbcdn.net/v/t51.2885-19/s150x150/93795345_664012891087394_7802970753715929088_n.jpg?_nc_ht=instagram.fbga1-4.fna.fbcdn.net&_nc_ohc=iWNriBd-0ewAX8qO4de&oh=03625da1bf2bd32f6318b9e959e689b3&oe=5F97415B",
                            "username": "petit_bowtique"
                        }
                    },
                    {
                        "node": {
                            "full_name": "Esprit Colombia",
                            "id": "7844403557",
                            "is_private": false,
                            "is_verified": true,
                            "profile_pic_url": "https://instagram.fbga1-4.fna.fbcdn.net/v/t51.2885-19/s150x150/39506738_2123610524528551_7104097317443076096_n.jpg?_nc_ht=instagram.fbga1-4.fna.fbcdn.net&_nc_ohc=0McSO99o11MAX8ocPho&oh=291369aea00240e68d5bcf19b21df9dd&oe=5F9AE797",
                            "username": "espritcolombia"
                        }
                    },
                    {
                        "node": {
                            "full_name": "\ud83c\udf08Con amor Boutique infantil\u00ae\ud83e\udd84",
                            "id": "1013340274",
                            "is_private": false,
                            "is_verified": false,
                            "profile_pic_url": "https://instagram.fbga1-4.fna.fbcdn.net/v/t51.2885-19/s150x150/115809349_1251415978540978_2040151427953163845_n.jpg?_nc_ht=instagram.fbga1-4.fna.fbcdn.net&_nc_ohc=qy_guJC4_ksAX_XMsk7&oh=98c7904697a26d17be41e4f899554042&oe=5F98DAFE",
                            "username": "conamor_boutiqueinfantil"
                        }
                    }
                ]
            },
            "external_url": "http://www.epk.com/",
            "external_url_linkshimmed": "https://l.instagram.com/?u=http%3A%2F%2Fwww.epk.com%2F&e=ATOwiqHAeQ4SC8W8bnPcF9DD07Fq8PrHoSBrG-feFdNhT36YqfhwGIH9fyZA79erPbDrygxm8c5VC_YF&s=1",
            "followed_by_viewer": false,
            "follows_viewer": false,
            "full_name": "EPK",
            "has_ar_effects": false,
            "has_blocked_viewer": false,
            "has_channel": false,
            "has_clips": false,
            "has_guides": false,
            "has_requested_viewer": false,
            "highlight_reel_count": 9,
            "id": "208034677",
            "is_business_account": true,
            "is_joined_recently": false,
            "is_private": false,
            "is_verified": true,
            "overall_category_name": null,
            "profile_pic_url": "https://instagram.fbga1-4.fna.fbcdn.net/v/t51.2885-19/s150x150/116713279_329296981536344_3404171181868667674_n.jpg?_nc_ht=instagram.fbga1-4.fna.fbcdn.net&_nc_ohc=e_8u8kf3ZDMAX9GL6vk&oh=cb797d66d56f5631c9bff6ad98af462e&oe=5F97C031",
            "profile_pic_url_hd": "https://instagram.fbga1-4.fna.fbcdn.net/v/t51.2885-19/s320x320/116713279_329296981536344_3404171181868667674_n.jpg?_nc_ht=instagram.fbga1-4.fna.fbcdn.net&_nc_ohc=e_8u8kf3ZDMAX9GL6vk&oh=24f96da3b2c02376ace87cab68479fda&oe=5F99B8C9",
            "requested_by_viewer": false,
            "restricted_by_viewer": null,
            "username": "epk"
        },
        "shortcode": "BsEcHSvn464",
        "taken_at_timestamp": 1546297226,
        "thumbnail_resources": [
            {
                "config_height": 150,
                "config_width": 150,
                "src": "https://instagram.fbga1-4.fna.fbcdn.net/v/t51.2885-15/e35/s150x150/47690298_781410382191307_983286290350972946_n.jpg?_nc_ht=instagram.fbga1-4.fna.fbcdn.net&_nc_cat=107&_nc_ohc=yOuBjfka-vMAX-W7rZB&_nc_tp=15&oh=09c47a1713a692510cc7bbe0c936dc49&oe=5F71E24A"
            },
            {
                "config_height": 240,
                "config_width": 240,
                "src": "https://instagram.fbga1-4.fna.fbcdn.net/v/t51.2885-15/e35/s240x240/47690298_781410382191307_983286290350972946_n.jpg?_nc_ht=instagram.fbga1-4.fna.fbcdn.net&_nc_cat=107&_nc_ohc=yOuBjfka-vMAX-W7rZB&_nc_tp=15&oh=cb302a999cad197bb7ad4ab7021baaf0&oe=5F71F2FD"
            },
            {
                "config_height": 320,
                "config_width": 320,
                "src": "https://instagram.fbga1-4.fna.fbcdn.net/v/t51.2885-15/e35/s320x320/47690298_781410382191307_983286290350972946_n.jpg?_nc_ht=instagram.fbga1-4.fna.fbcdn.net&_nc_cat=107&_nc_ohc=yOuBjfka-vMAX-W7rZB&_nc_tp=15&oh=bb9b988dd645e5cec4b4c2edb7c8066b&oe=5F722785"
            },
            {
                "config_height": 480,
                "config_width": 480,
                "src": "https://instagram.fbga1-4.fna.fbcdn.net/v/t51.2885-15/e35/s480x480/47690298_781410382191307_983286290350972946_n.jpg?_nc_ht=instagram.fbga1-4.fna.fbcdn.net&_nc_cat=107&_nc_ohc=yOuBjfka-vMAX-W7rZB&_nc_tp=15&oh=8768aa86bc7903fcac4515ac4d75fe71&oe=5F71DD59"
            },
            {
                "config_height": 640,
                "config_width": 640,
                "src": "https://instagram.fbga1-4.fna.fbcdn.net/v/t51.2885-15/sh0.08/e35/s640x640/47690298_781410382191307_983286290350972946_n.jpg?_nc_ht=instagram.fbga1-4.fna.fbcdn.net&_nc_cat=107&_nc_ohc=yOuBjfka-vMAX-W7rZB&oh=9f76c73e209bedebb4774d6f222b4873&oe=5F724CE9"
            }
        ],
        "thumbnail_src": "https://instagram.fbga1-4.fna.fbcdn.net/v/t51.2885-15/sh0.08/e35/s640x640/47690298_781410382191307_983286290350972946_n.jpg?_nc_ht=instagram.fbga1-4.fna.fbcdn.net&_nc_cat=107&_nc_ohc=yOuBjfka-vMAX-W7rZB&oh=9f76c73e209bedebb4774d6f222b4873&oe=5F724CE9",
        "video_view_count": 2959
    }
}