[
    {
        "id": 17885061508671624,
        "created_at": 1597640932,
        "text": "Precio sueter",
        "owner": {
            "id": "4248267545",
            "is_verified": false,
            "profile_pic_url": "https://instagram.fbga1-4.fna.fbcdn.net/v/t51.2885-19/s150x150/72597741_431557031106087_1828283229044473856_n.jpg?_nc_ht=instagram.fbga1-4.fna.fbcdn.net&_nc_ohc=6ATtrjSJR3gAX_R9PqA&oh=cba906950ce7ddf5cef625ba7485b561&oe=5F96E3B2",
            "username": "arantza_sofia_thiago_luis"
        },
        "likes_count": 0,
        "answers": []
    },
    {
        "id": 17859764731610741,
        "created_at": 1575125634,
        "text": "Que precik tiene el cojunto neseciti 2 uno talla 2 y otro talla 6",
        "owner": {
            "id": "6351225934",
            "is_verified": false,
            "profile_pic_url": "https://instagram.fbga1-4.fna.fbcdn.net/v/t51.2885-19/s150x150/35001642_2113973632150056_5103852007412727808_n.jpg?_nc_ht=instagram.fbga1-4.fna.fbcdn.net&_nc_ohc=Td3j2BRlxR4AX89ttpD&oh=ea8e3765d209be3e5579f995ca9c9971&oe=5F967C12",
            "username": "menoyoyesenia"
        },
        "likes_count": 0,
        "answers": []
    },
    {
        "id": 18015933886228478,
        "created_at": 1566860495,
        "text": "Precio del conjunto",
        "owner": {
            "id": "2027896694",
            "is_verified": false,
            "profile_pic_url": "https://instagram.fbga1-4.fna.fbcdn.net/v/t51.2885-19/s150x150/119683591_178930343695840_2601035116734708322_n.jpg?_nc_ht=instagram.fbga1-4.fna.fbcdn.net&_nc_ohc=_faYzfaAu5EAX-HAOwM&oh=123f2d933be6e8fc37bce70cdc09bab1&oe=5F94FB73",
            "username": "mariancontreras809"
        },
        "likes_count": 0,
        "answers": []
    },
    {
        "id": 17868491251442257,
        "created_at": 1564777167,
        "text": "Donde encuenteo esta pinta completa  talla 6 en barranquilla ?",
        "owner": {
            "id": "429676809",
            "is_verified": false,
            "profile_pic_url": "https://instagram.fbga1-4.fna.fbcdn.net/v/t51.2885-19/s150x150/72871876_726184574558031_6589362538037641216_n.jpg?_nc_ht=instagram.fbga1-4.fna.fbcdn.net&_nc_ohc=cVU5Eo4BcxUAX_Kojbg&oh=715125b1d5f2250f71928ed939b0fc1a&oe=5F952142",
            "username": "angie_juanc"
        },
        "likes_count": 0,
        "answers": []
    },
    {
        "id": 18053219083133358,
        "created_at": 1563040896,
        "text": "Hasta qu\u00e9 talla manejan la ropa ?",
        "owner": {
            "id": "7903102950",
            "is_verified": false,
            "profile_pic_url": "https://instagram.fbga1-4.fna.fbcdn.net/v/t51.2885-19/s150x150/33956941_652455348454752_1894364427629625344_n.jpg?_nc_ht=instagram.fbga1-4.fna.fbcdn.net&_nc_ohc=pPbgrJVY3esAX9A2qz-&oh=7ae05b87db0d801ea6259664353d9a19&oe=5F9806B6",
            "username": "ericka1echavez"
        },
        "likes_count": 0,
        "answers": [
            {
                "id": 17967179971300978,
                "created_at": 1563475848,
                "text": "@ericka1echavez Hola ericka, hasta los 12 A\u00f1os! Te esperamos!",
                "owner": {
                    "id": "208034677",
                    "is_verified": true,
                    "profile_pic_url": "https://instagram.fbga1-4.fna.fbcdn.net/v/t51.2885-19/s150x150/116713279_329296981536344_3404171181868667674_n.jpg?_nc_ht=instagram.fbga1-4.fna.fbcdn.net&_nc_ohc=e_8u8kf3ZDMAX9GL6vk&oh=cb797d66d56f5631c9bff6ad98af462e&oe=5F97C031",
                    "username": "epk"
                },
                "likes_count": 0
            }
        ]
    },
    {
        "id": 17909640034322995,
        "created_at": 1563027998,
        "text": "Para martinnnn mireeee @lauraprada31",
        "owner": {
            "id": "339769554",
            "is_verified": false,
            "profile_pic_url": "https://instagram.fbga1-4.fna.fbcdn.net/v/t51.2885-19/s150x150/118355227_240986190428499_8161199961184104721_n.jpg?_nc_ht=instagram.fbga1-4.fna.fbcdn.net&_nc_ohc=6P2ZFhVszBcAX8uQ1hH&oh=0e95bf615347a11b058a720ebf939036&oe=5F965CA3",
            "username": "paulaprada11"
        },
        "likes_count": 1,
        "answers": []
    },
    {
        "id": 18083453263006545,
        "created_at": 1562947334,
        "text": "@fabianm.m",
        "owner": {
            "id": "499393016",
            "is_verified": false,
            "profile_pic_url": "https://instagram.fbga1-4.fna.fbcdn.net/v/t51.2885-19/s150x150/74623972_395509051332802_6694803027376734208_n.jpg?_nc_ht=instagram.fbga1-4.fna.fbcdn.net&_nc_ohc=CPlPVq7OeKIAX-GSPOM&oh=24ac5b11cdf56c0866eb8f8ad62161be&oe=5F956F26",
            "username": "maria2397morales"
        },
        "likes_count": 0,
        "answers": []
    },
    {
        "id": 18019089121204790,
        "created_at": 1562942537,
        "text": "Que  precio tiene el conjunto?",
        "owner": {
            "id": "1984992500",
            "is_verified": false,
            "profile_pic_url": "https://instagram.fbga1-4.fna.fbcdn.net/v/t51.2885-19/s150x150/84126392_215546756234986_6111100015319449600_n.jpg?_nc_ht=instagram.fbga1-4.fna.fbcdn.net&_nc_ohc=xQ4cg9UyrSMAX8HdNa2&oh=339bcc88b7e659f7f5b2e6673a8044b5&oe=5F94BB5D",
            "username": "darlyjluna"
        },
        "likes_count": 0,
        "answers": [
            {
                "id": 17846419735514899,
                "created_at": 1562949921,
                "text": "@darlyjluna \u00a1Hola! \u00a1Te invitamos a visitarnos en www.epk.com y descubrir todas las prendas que tenemos para ti! \u2764\ufe0f",
                "owner": {
                    "id": "208034677",
                    "is_verified": true,
                    "profile_pic_url": "https://instagram.fbga1-4.fna.fbcdn.net/v/t51.2885-19/s150x150/116713279_329296981536344_3404171181868667674_n.jpg?_nc_ht=instagram.fbga1-4.fna.fbcdn.net&_nc_ohc=e_8u8kf3ZDMAX9GL6vk&oh=cb797d66d56f5631c9bff6ad98af462e&oe=5F97C031",
                    "username": "epk"
                },
                "likes_count": 0
            }
        ]
    },
    {
        "id": 18017807875204230,
        "created_at": 1562541265,
        "text": "@mecblog \ud83d\udc99Abel Eduardo es perfecto",
        "owner": {
            "id": "146007603",
            "is_verified": false,
            "profile_pic_url": "https://instagram.fbga1-4.fna.fbcdn.net/v/t51.2885-19/s150x150/93945488_580854625874312_6736274724780769280_n.jpg?_nc_ht=instagram.fbga1-4.fna.fbcdn.net&_nc_ohc=JdJ3b70RKn8AX_lp1tw&oh=cd19930a876c921855d8616adea2c4d5&oe=5F980177",
            "username": "annie3palacios"
        },
        "likes_count": 1,
        "answers": [
            {
                "id": 18082726888052554,
                "created_at": 1562624877,
                "text": "@annie3palacios \u2764\ufe0f\u2764\ufe0f",
                "owner": {
                    "id": "208034677",
                    "is_verified": true,
                    "profile_pic_url": "https://instagram.fbga1-4.fna.fbcdn.net/v/t51.2885-19/s150x150/116713279_329296981536344_3404171181868667674_n.jpg?_nc_ht=instagram.fbga1-4.fna.fbcdn.net&_nc_ohc=e_8u8kf3ZDMAX9GL6vk&oh=cb797d66d56f5631c9bff6ad98af462e&oe=5F97C031",
                    "username": "epk"
                },
                "likes_count": 1
            }
        ]
    }
]