[
    {
        "id": 17868129070326825,
        "created_at": 1552522355,
        "text": "En que sitio se encuentran",
        "owner": {
            "id": "11186450984",
            "is_verified": false,
            "profile_pic_url": "https://instagram.fbga1-4.fna.fbcdn.net/v/t51.2885-19/s150x150/90517079_2514948705439224_141916212064944128_n.jpg?_nc_ht=instagram.fbga1-4.fna.fbcdn.net&_nc_ohc=pk0QyC5JFdMAX_FJqlK&oh=6cf32164c3abc8dc728afe77f6b8926f&oe=5F965EFB",
            "username": "yesikapinoberrio"
        },
        "likes_count": 0,
        "answers": []
    },
    {
        "id": 18043470853015416,
        "created_at": 1552429414,
        "text": "@verocardo_10 Hola! Nuestras podr\u00e1s encontrar tallas hasta los 12 A\u00f1os. Saludos!",
        "owner": {
            "id": "208034677",
            "is_verified": true,
            "profile_pic_url": "https://instagram.fbga1-4.fna.fbcdn.net/v/t51.2885-19/s150x150/116713279_329296981536344_3404171181868667674_n.jpg?_nc_ht=instagram.fbga1-4.fna.fbcdn.net&_nc_ohc=e_8u8kf3ZDMAX9GL6vk&oh=cb797d66d56f5631c9bff6ad98af462e&oe=5F97C031",
            "username": "epk"
        },
        "likes_count": 1,
        "answers": []
    },
    {
        "id": 18042753931033808,
        "created_at": 1552006319,
        "text": "Hasta que talla manejan",
        "owner": {
            "id": "3411547664",
            "is_verified": false,
            "profile_pic_url": "https://instagram.fbga1-4.fna.fbcdn.net/v/t51.2885-19/s150x150/97110117_888704704875120_3053972028085239808_n.jpg?_nc_ht=instagram.fbga1-4.fna.fbcdn.net&_nc_ohc=fdbrcKaRMCoAX9bT2gg&oh=27730cd7c9caa1e9baec8a4b99e6aeb0&oe=5F95D9CD",
            "username": "verocardo_10"
        },
        "likes_count": 1,
        "answers": []
    }
]