[
    {
        "id": 17846776559146165,
        "created_at": 1591577109,
        "text": "Precio",
        "owner": {
            "id": "1530745109",
            "is_verified": false,
            "profile_pic_url": "https://instagram.fbga1-4.fna.fbcdn.net/v/t51.2885-19/s150x150/98478415_250801619312436_6039545001174630400_n.jpg?_nc_ht=instagram.fbga1-4.fna.fbcdn.net&_nc_ohc=g7ih8Zk6DmgAX-lRg7h&oh=c423baa49436a595d2bd7ad8273af69d&oe=5F989C98",
            "username": "wendicoach"
        },
        "likes_count": 0,
        "answers": []
    },
    {
        "id": 17866771360755476,
        "created_at": 1589074078,
        "text": "Qu\u00e9 presios tienen",
        "owner": {
            "id": "6140310142",
            "is_verified": false,
            "profile_pic_url": "https://instagram.fbga1-4.fna.fbcdn.net/v/t51.2885-19/s150x150/119532670_769123427244979_8829382655461476246_n.jpg?_nc_ht=instagram.fbga1-4.fna.fbcdn.net&_nc_ohc=sneNOOpHyaAAX864wzA&oh=52cd8e3f792bffa3ecb487d5f45d8f68&oe=5F96ACB0",
            "username": "celestinaavila"
        },
        "likes_count": 0,
        "answers": []
    },
    {
        "id": 18076890151096795,
        "created_at": 1566757353,
        "text": "Contesten xfiiis",
        "owner": {
            "id": "4156772783",
            "is_verified": false,
            "profile_pic_url": "https://instagram.fbga1-4.fna.fbcdn.net/v/t51.2885-19/s150x150/87771715_200877267988028_3260308720910860288_n.jpg?_nc_ht=instagram.fbga1-4.fna.fbcdn.net&_nc_ohc=RnmlWbsOCOIAX-11Vsi&oh=8af0580a3dd04422e5d018d53c9daceb&oe=5F978858",
            "username": "albamartinez8535"
        },
        "likes_count": 0,
        "answers": []
    },
    {
        "id": 18015552838230646,
        "created_at": 1566757343,
        "text": "@epk que precio tiene la blusaaa?",
        "owner": {
            "id": "4156772783",
            "is_verified": false,
            "profile_pic_url": "https://instagram.fbga1-4.fna.fbcdn.net/v/t51.2885-19/s150x150/87771715_200877267988028_3260308720910860288_n.jpg?_nc_ht=instagram.fbga1-4.fna.fbcdn.net&_nc_ohc=RnmlWbsOCOIAX-11Vsi&oh=8af0580a3dd04422e5d018d53c9daceb&oe=5F978858",
            "username": "albamartinez8535"
        },
        "likes_count": 0,
        "answers": []
    },
    {
        "id": 17991429784250448,
        "created_at": 1564604257,
        "text": "donde podria buscar estoy en venezuela",
        "owner": {
            "id": "7060238945",
            "is_verified": false,
            "profile_pic_url": "https://instagram.fbga1-4.fna.fbcdn.net/v/t51.2885-19/s150x150/84828075_1043501499356796_669405760144277504_n.jpg?_nc_ht=instagram.fbga1-4.fna.fbcdn.net&_nc_ohc=NGFfqXTFkvIAX976MHn&oh=cb632994ab7c23a948d08c2322aa43b0&oe=5F96B80C",
            "username": "irisgil4928"
        },
        "likes_count": 0,
        "answers": []
    },
    {
        "id": 17846264185532419,
        "created_at": 1564430521,
        "text": "Precio?",
        "owner": {
            "id": "3259805495",
            "is_verified": false,
            "profile_pic_url": "https://instagram.fbga1-4.fna.fbcdn.net/v/t51.2885-19/s150x150/107371483_198404528270424_3627093725806560772_n.jpg?_nc_ht=instagram.fbga1-4.fna.fbcdn.net&_nc_ohc=FwD0ODKdWF4AX_urWoL&oh=521695f139c76dc78eb90cd733137314&oe=5F95C43C",
            "username": "pazorganica"
        },
        "likes_count": 0,
        "answers": []
    },
    {
        "id": 18017067904208254,
        "created_at": 1563475487,
        "text": "Envio hacen",
        "owner": {
            "id": "6006950559",
            "is_verified": false,
            "profile_pic_url": "https://instagram.fbga1-4.fna.fbcdn.net/v/t51.2885-19/s150x150/117080546_629968207651452_6205338236155113845_n.jpg?_nc_ht=instagram.fbga1-4.fna.fbcdn.net&_nc_ohc=53C4-e4kCGwAX8eF5Lg&oh=cf05fac512da7818c2037e43e468ce0b&oe=5F960DBB",
            "username": "astriddiaz9674"
        },
        "likes_count": 0,
        "answers": [
            {
                "id": 17859502453459030,
                "created_at": 1563499261,
                "text": "@astriddiaz9674 si! Y por compras mayores a 100mil e\u00f1 env\u00edos es gratis! Puedes pagar a trav\u00e9s de PSE, baloto, efecty, entre otros. Te esperamos \ud83d\udc9c",
                "owner": {
                    "id": "208034677",
                    "is_verified": true,
                    "profile_pic_url": "https://instagram.fbga1-4.fna.fbcdn.net/v/t51.2885-19/s150x150/116713279_329296981536344_3404171181868667674_n.jpg?_nc_ht=instagram.fbga1-4.fna.fbcdn.net&_nc_ohc=e_8u8kf3ZDMAX9GL6vk&oh=cb797d66d56f5631c9bff6ad98af462e&oe=5F97C031",
                    "username": "epk"
                },
                "likes_count": 1
            }
        ]
    },
    {
        "id": 18057510223085149,
        "created_at": 1563457122,
        "text": "hermoso precio del conjunto y hasta q talla",
        "owner": {
            "id": "9310511961",
            "is_verified": false,
            "profile_pic_url": "https://instagram.fbga1-4.fna.fbcdn.net/v/t51.2885-19/s150x150/72785462_440564193509165_6538730126362804224_n.jpg?_nc_ht=instagram.fbga1-4.fna.fbcdn.net&_nc_ohc=bLtSL8zu904AX8spwfX&oh=cbaa6496583a9dc200a4b0c0492039a4&oe=5F95B91D",
            "username": "yeimypaolamartinezmeza"
        },
        "likes_count": 0,
        "answers": [
            {
                "id": 18068220391101546,
                "created_at": 1563499172,
                "text": "@yeimypaolamartinezmeza te invitamos a visitarnos y descubrir nuestros maravillosos precios!",
                "owner": {
                    "id": "208034677",
                    "is_verified": true,
                    "profile_pic_url": "https://instagram.fbga1-4.fna.fbcdn.net/v/t51.2885-19/s150x150/116713279_329296981536344_3404171181868667674_n.jpg?_nc_ht=instagram.fbga1-4.fna.fbcdn.net&_nc_ohc=e_8u8kf3ZDMAX9GL6vk&oh=cb797d66d56f5631c9bff6ad98af462e&oe=5F97C031",
                    "username": "epk"
                },
                "likes_count": 0
            }
        ]
    },
    {
        "id": 18050687575147270,
        "created_at": 1563455086,
        "text": "Divinooo",
        "owner": {
            "id": "12269230533",
            "is_verified": false,
            "profile_pic_url": "https://instagram.fbga1-4.fna.fbcdn.net/v/t51.2885-19/s150x150/54512261_2431938066839312_3119689687753555968_n.jpg?_nc_ht=instagram.fbga1-4.fna.fbcdn.net&_nc_ohc=3bwtLpS6yBEAX-Nrhdo&oh=63acceac0e8b957dc9a7aeb31c4eda3f&oe=5F973547",
            "username": "olarterita"
        },
        "likes_count": 1,
        "answers": []
    },
    {
        "id": 17848170601509046,
        "created_at": 1563454653,
        "text": "\ud83d\ude0d\ud83d\ude0d\ud83d\ude18",
        "owner": {
            "id": "344156658",
            "is_verified": false,
            "profile_pic_url": "https://instagram.fbga1-4.fna.fbcdn.net/v/t51.2885-19/s150x150/91125617_264530797883251_1089916155440660480_n.jpg?_nc_ht=instagram.fbga1-4.fna.fbcdn.net&_nc_ohc=N1TPnHTg-pEAX9SgIcq&oh=f0adb6b1836ec39c41fcf8b0ce7842c1&oe=5F94FAB9",
            "username": "thagashoes"
        },
        "likes_count": 1,
        "answers": []
    },
    {
        "id": 17916394702314444,
        "created_at": 1563411504,
        "text": "Le gusta a isabela mazorra_model",
        "owner": {
            "id": "14585912059",
            "is_verified": false,
            "profile_pic_url": "https://instagram.fbga1-4.fna.fbcdn.net/v/t51.2885-19/s150x150/109695470_645628909714814_2640778800750654563_n.jpg?_nc_ht=instagram.fbga1-4.fna.fbcdn.net&_nc_ohc=JtQijc30EiMAX-wrKjU&oh=ec85ce8828a5ffd14cac5f37a433890a&oe=5F97CB53",
            "username": "isabelamazorra_model"
        },
        "likes_count": 1,
        "answers": []
    },
    {
        "id": 17881780939376637,
        "created_at": 1563405426,
        "text": "Te extra\u00f1o a morir @epkweb  soy de Venezuela",
        "owner": {
            "id": "1361724646",
            "is_verified": false,
            "profile_pic_url": "https://instagram.fbga1-4.fna.fbcdn.net/v/t51.2885-19/s150x150/52796077_2292606994125378_7816716912510894080_n.jpg?_nc_ht=instagram.fbga1-4.fna.fbcdn.net&_nc_ohc=Wnnzdx5347wAX82w1rW&oh=51133053eeab704ca26910b8625c14b3&oe=5F961EFA",
            "username": "marialusana.mejia"
        },
        "likes_count": 1,
        "answers": []
    }
]