[
    {
        "id": 17876401081361058,
        "created_at": 1557425335,
        "text": "Buena tarde, favor indicar si las prendas deben ser de esta coleccion",
        "owner": {
            "id": "1481714767",
            "is_verified": false,
            "profile_pic_url": "https://instagram.fbga1-4.fna.fbcdn.net/v/t51.2885-19/s150x150/18011800_1272289846157682_1257174740431273984_a.jpg?_nc_ht=instagram.fbga1-4.fna.fbcdn.net&_nc_ohc=8LmdiAyGoTsAX9dHGH3&oh=38c43475bc0db910e5e3aabba10cde83&oe=5F96FA52",
            "username": "zuliciita"
        },
        "likes_count": 0,
        "answers": [
            {
                "id": 17897655682315627,
                "created_at": 1557440233,
                "text": "@zuliciita puede ser cualquier colecci\u00f3n \u2764\ufe0f",
                "owner": {
                    "id": "208034677",
                    "is_verified": true,
                    "profile_pic_url": "https://instagram.fbga1-4.fna.fbcdn.net/v/t51.2885-19/s150x150/116713279_329296981536344_3404171181868667674_n.jpg?_nc_ht=instagram.fbga1-4.fna.fbcdn.net&_nc_ohc=e_8u8kf3ZDMAX9GL6vk&oh=cb797d66d56f5631c9bff6ad98af462e&oe=5F97C031",
                    "username": "epk"
                },
                "likes_count": 0
            }
        ]
    },
    {
        "id": 18034571506130765,
        "created_at": 1557372142,
        "text": "@epk la foto debe ser con una prenda de la nueva colecci\u00f3n?",
        "owner": {
            "id": "2041271156",
            "is_verified": false,
            "profile_pic_url": "https://instagram.fbga1-4.fna.fbcdn.net/v/t51.2885-19/s150x150/118343230_325011825314170_248118743859095738_n.jpg?_nc_ht=instagram.fbga1-4.fna.fbcdn.net&_nc_ohc=DCb2o94xM1AAX90Z5Rp&oh=63afc245ff25c21d67810f6f78a8df78&oe=5F9619B6",
            "username": "ale_fernandez9"
        },
        "likes_count": 0,
        "answers": [
            {
                "id": 17953960078272467,
                "created_at": 1557440244,
                "text": "@ale_fernandez9 puede ser cualquier colecci\u00f3n ale\ud83d\udc9c",
                "owner": {
                    "id": "208034677",
                    "is_verified": true,
                    "profile_pic_url": "https://instagram.fbga1-4.fna.fbcdn.net/v/t51.2885-19/s150x150/116713279_329296981536344_3404171181868667674_n.jpg?_nc_ht=instagram.fbga1-4.fna.fbcdn.net&_nc_ohc=e_8u8kf3ZDMAX9GL6vk&oh=cb797d66d56f5631c9bff6ad98af462e&oe=5F97C031",
                    "username": "epk"
                },
                "likes_count": 0
            }
        ]
    },
    {
        "id": 18031475185183028,
        "created_at": 1557350460,
        "text": "@alejavillero",
        "owner": {
            "id": "1099208005",
            "is_verified": false,
            "profile_pic_url": "https://instagram.fbga1-4.fna.fbcdn.net/v/t51.2885-19/s150x150/87382438_2708984662532707_327575218635669504_n.jpg?_nc_ht=instagram.fbga1-4.fna.fbcdn.net&_nc_ohc=spxyCL4v_pYAX_H1Omp&oh=3fe6b8c6117a21f6cf5bcebbd071cf65&oe=5F97E1BF",
            "username": "johanna_villero23"
        },
        "likes_count": 0,
        "answers": []
    },
    {
        "id": 18047775703128086,
        "created_at": 1557350219,
        "text": "Solo la nueva colecci\u00f3n?",
        "owner": {
            "id": "4924472930",
            "is_verified": false,
            "profile_pic_url": "https://instagram.fbga1-4.fna.fbcdn.net/v/t51.2885-19/s150x150/90041138_534902967454995_5624743695451422720_n.jpg?_nc_ht=instagram.fbga1-4.fna.fbcdn.net&_nc_ohc=OzY9r3399GgAX_MqS2a&oh=e57054f4add1a889ccb7c5d54a77974c&oe=5F971506",
            "username": "meilyjohanna"
        },
        "likes_count": 0,
        "answers": [
            {
                "id": 17884651723339402,
                "created_at": 1557440218,
                "text": "@meilyjohanna puede ser cualquier colecci\u00f3n meily! \ud83e\udde1",
                "owner": {
                    "id": "208034677",
                    "is_verified": true,
                    "profile_pic_url": "https://instagram.fbga1-4.fna.fbcdn.net/v/t51.2885-19/s150x150/116713279_329296981536344_3404171181868667674_n.jpg?_nc_ht=instagram.fbga1-4.fna.fbcdn.net&_nc_ohc=e_8u8kf3ZDMAX9GL6vk&oh=cb797d66d56f5631c9bff6ad98af462e&oe=5F97C031",
                    "username": "epk"
                },
                "likes_count": 0
            }
        ]
    },
    {
        "id": 17987503846226133,
        "created_at": 1557349364,
        "text": "@keniapaoo  @karenramirezmarin",
        "owner": {
            "id": "1431278400",
            "is_verified": false,
            "profile_pic_url": "https://instagram.fbga1-4.fna.fbcdn.net/v/t51.2885-19/s150x150/100089459_250735359370875_7814041890914828288_n.jpg?_nc_ht=instagram.fbga1-4.fna.fbcdn.net&_nc_ohc=J8Je_6LEJWEAX9sL6ca&oh=001c8285b3aec26731d0a4746817ac7a&oe=5F97FB61",
            "username": "nidiangarita"
        },
        "likes_count": 1,
        "answers": []
    },
    {
        "id": 18042977854125966,
        "created_at": 1557349320,
        "text": "@jorgeperezvargas",
        "owner": {
            "id": "1450900902",
            "is_verified": false,
            "profile_pic_url": "https://instagram.fbga1-4.fna.fbcdn.net/v/t51.2885-19/s150x150/118856918_121592773002185_7806139294282949377_n.jpg?_nc_ht=instagram.fbga1-4.fna.fbcdn.net&_nc_ohc=8CdNxpp5jIQAX8hDDfJ&oh=0ff4c4906e59919d0ffe222956497213&oe=5F98163C",
            "username": "paolita_estrada31"
        },
        "likes_count": 1,
        "answers": []
    }
]