[
    {
        "id": 17872566550497195,
        "created_at": 1574388993,
        "text": "Hola buenas de casualidad tienen disponible esa camisa blanca por fa espero su respuesta gracias",
        "owner": {
            "id": "3242346176",
            "is_verified": false,
            "profile_pic_url": "https://instagram.fbga1-4.fna.fbcdn.net/v/t51.2885-19/s150x150/80121415_806259413186073_1481572380621930496_n.jpg?_nc_ht=instagram.fbga1-4.fna.fbcdn.net&_nc_ohc=8TbP_6LeJMAAX_R2mTS&oh=f1e17c124058e8edcb50a7fcf20ad263&oe=5F987578",
            "username": "01aylen_orozco"
        },
        "likes_count": 0,
        "answers": []
    },
    {
        "id": 17849034334637696,
        "created_at": 1570758965,
        "text": "Hola como vas que valor tienen los zapatos",
        "owner": {
            "id": "10615984264",
            "is_verified": false,
            "profile_pic_url": "https://instagram.fbga1-4.fna.fbcdn.net/v/t51.2885-19/s150x150/50491178_378911942885595_7089357818611892224_n.jpg?_nc_ht=instagram.fbga1-4.fna.fbcdn.net&_nc_ohc=pAg-sg1ZhzoAX_rQ8iC&oh=74751895d840884af21f64a8dc225d76&oe=5F953FB1",
            "username": "klaratovar"
        },
        "likes_count": 0,
        "answers": []
    },
    {
        "id": 17889833974344633,
        "created_at": 1559766041,
        "text": "Aun estar\u00e1 esta camisa de ni\u00f1o blanca disponible en alguna tienda de Barranquilla?",
        "owner": {
            "id": "2012299342",
            "is_verified": false,
            "profile_pic_url": "https://instagram.fbga1-4.fna.fbcdn.net/v/t51.2885-19/s150x150/82141278_173530853876378_3780185946264174592_n.jpg?_nc_ht=instagram.fbga1-4.fna.fbcdn.net&_nc_ohc=chp-jCaZ8gEAX_UTv2p&oh=e5588e3973423a5921bd338c6a889dcf&oe=5F94D7BE",
            "username": "angiem.miranda"
        },
        "likes_count": 0,
        "answers": []
    },
    {
        "id": 17954523238259828,
        "created_at": 1553892044,
        "text": "Y en cali",
        "owner": {
            "id": "1331497753",
            "is_verified": false,
            "profile_pic_url": "https://instagram.fbga1-4.fna.fbcdn.net/v/t51.2885-19/s150x150/117169611_305853660663972_1706060791826419504_n.jpg?_nc_ht=instagram.fbga1-4.fna.fbcdn.net&_nc_ohc=-Nnx0lmTuHEAX-849Nr&oh=cb6c93edc7c9a4e5801975ee6ff82763&oe=5F970614",
            "username": "alaia09"
        },
        "likes_count": 0,
        "answers": [
            {
                "id": 18024161836143460,
                "created_at": 1554409175,
                "text": "Hola! @alaia09 , asi es! te esperamos!",
                "owner": {
                    "id": "208034677",
                    "is_verified": true,
                    "profile_pic_url": "https://instagram.fbga1-4.fna.fbcdn.net/v/t51.2885-19/s150x150/116713279_329296981536344_3404171181868667674_n.jpg?_nc_ht=instagram.fbga1-4.fna.fbcdn.net&_nc_ohc=e_8u8kf3ZDMAX9GL6vk&oh=cb797d66d56f5631c9bff6ad98af462e&oe=5F97C031",
                    "username": "epk"
                },
                "likes_count": 0
            }
        ]
    },
    {
        "id": 17947489243267703,
        "created_at": 1553558975,
        "text": "Quisiera saber si est\u00e1n disponibles en tienda online por favor es que siempre son los mismos",
        "owner": {
            "id": "7779680959",
            "is_verified": false,
            "profile_pic_url": "https://instagram.fbga1-4.fna.fbcdn.net/v/t51.2885-19/s150x150/106712883_209567720334201_1597705479812037143_n.jpg?_nc_ht=instagram.fbga1-4.fna.fbcdn.net&_nc_ohc=ibpOgPPYcuUAX_vvfJ_&oh=2ecfe310808de7907a396fe4200fc05a&oe=5F962FCA",
            "username": "claudia_rincon06"
        },
        "likes_count": 0,
        "answers": [
            {
                "id": 17929751422281467,
                "created_at": 1553609947,
                "text": "@claudia.rincon.355744 hola!! Muy pronto en epk.com y en tu tienda EPK m\u00e1s cercana. \ud83d\udc9c",
                "owner": {
                    "id": "208034677",
                    "is_verified": true,
                    "profile_pic_url": "https://instagram.fbga1-4.fna.fbcdn.net/v/t51.2885-19/s150x150/116713279_329296981536344_3404171181868667674_n.jpg?_nc_ht=instagram.fbga1-4.fna.fbcdn.net&_nc_ohc=e_8u8kf3ZDMAX9GL6vk&oh=cb797d66d56f5631c9bff6ad98af462e&oe=5F97C031",
                    "username": "epk"
                },
                "likes_count": 0
            }
        ]
    }
]