[
    {
        "id": 17851277263602930,
        "created_at": 1569377270,
        "text": "En C\u00facuta en donde est\u00e1n ubicados",
        "owner": {
            "id": "1360194350",
            "is_verified": false,
            "profile_pic_url": "https://instagram.fbga1-4.fna.fbcdn.net/v/t51.2885-19/s150x150/118401817_347474053292304_8943175936286950000_n.jpg?_nc_ht=instagram.fbga1-4.fna.fbcdn.net&_nc_ohc=wgMJPAjz73YAX_s9XnC&oh=634b6c5733f4b20cb3febd9be8d6717b&oe=5F96E725",
            "username": "viviana.0412"
        },
        "likes_count": 0,
        "answers": []
    },
    {
        "id": 18061277902191862,
        "created_at": 1565697938,
        "text": "En q parte de uraba estan los almacenes",
        "owner": {
            "id": "16615914324",
            "is_verified": false,
            "profile_pic_url": "https://instagram.fbga1-4.fna.fbcdn.net/v/t51.2885-19/s150x150/67026780_364889627557521_4440220066293743616_n.jpg?_nc_ht=instagram.fbga1-4.fna.fbcdn.net&_nc_ohc=8-MfXFGzPY8AX9E18As&oh=a32ac0fc355799349b2a5e747b5fdfda&oe=5F96C03C",
            "username": "erikaguerra56"
        },
        "likes_count": 0,
        "answers": []
    },
    {
        "id": 17975664943273149,
        "created_at": 1564160807,
        "text": "Me qued\u00e9 con las ganas ...",
        "owner": {
            "id": "1131807787",
            "is_verified": false,
            "profile_pic_url": "https://instagram.fbga1-4.fna.fbcdn.net/v/t51.2885-19/s150x150/119431962_763607737813021_2611050549725037093_n.jpg?_nc_ht=instagram.fbga1-4.fna.fbcdn.net&_nc_ohc=AGmORdfY_BAAX9mQZs6&oh=34e3770a82bdc3e785c35341a5998b03&oe=5F979281",
            "username": "tatianamurillovargas"
        },
        "likes_count": 0,
        "answers": [
            {
                "id": 18088313023036482,
                "created_at": 1564405100,
                "text": "@tatianamurillovargas Hola Tatiana, no te quedes con las ganas!! Hoy tenemos todo a $39.900 y menos. Te esperamos!",
                "owner": {
                    "id": "208034677",
                    "is_verified": true,
                    "profile_pic_url": "https://instagram.fbga1-4.fna.fbcdn.net/v/t51.2885-19/s150x150/116713279_329296981536344_3404171181868667674_n.jpg?_nc_ht=instagram.fbga1-4.fna.fbcdn.net&_nc_ohc=e_8u8kf3ZDMAX9GL6vk&oh=cb797d66d56f5631c9bff6ad98af462e&oe=5F97C031",
                    "username": "epk"
                },
                "likes_count": 0
            }
        ]
    },
    {
        "id": 18055010140130602,
        "created_at": 1564160780,
        "text": "Ya no hay inventario , en l\u00ednea no hay tallas , y fui a la tienda m\u00e1s cercana y tampoco !!",
        "owner": {
            "id": "1131807787",
            "is_verified": false,
            "profile_pic_url": "https://instagram.fbga1-4.fna.fbcdn.net/v/t51.2885-19/s150x150/119431962_763607737813021_2611050549725037093_n.jpg?_nc_ht=instagram.fbga1-4.fna.fbcdn.net&_nc_ohc=AGmORdfY_BAAX9mQZs6&oh=34e3770a82bdc3e785c35341a5998b03&oe=5F979281",
            "username": "tatianamurillovargas"
        },
        "likes_count": 0,
        "answers": [
            {
                "id": 17871631705419615,
                "created_at": 1564173721,
                "text": "@tatianamurillovargas Hola Tatiana, tenemos maravillosas prendas a\u00fan en nuestras tiendas esperando por ti. Te invitamos a visitarnos pronto!",
                "owner": {
                    "id": "208034677",
                    "is_verified": true,
                    "profile_pic_url": "https://instagram.fbga1-4.fna.fbcdn.net/v/t51.2885-19/s150x150/116713279_329296981536344_3404171181868667674_n.jpg?_nc_ht=instagram.fbga1-4.fna.fbcdn.net&_nc_ohc=e_8u8kf3ZDMAX9GL6vk&oh=cb797d66d56f5631c9bff6ad98af462e&oe=5F97C031",
                    "username": "epk"
                },
                "likes_count": 1
            }
        ]
    },
    {
        "id": 18087369553037149,
        "created_at": 1564153408,
        "text": "_modelkids.todavia tienen la promoci\u00f3n?",
        "owner": {
            "id": "14585912059",
            "is_verified": false,
            "profile_pic_url": "https://instagram.fbga1-4.fna.fbcdn.net/v/t51.2885-19/s150x150/109695470_645628909714814_2640778800750654563_n.jpg?_nc_ht=instagram.fbga1-4.fna.fbcdn.net&_nc_ohc=JtQijc30EiMAX-wrKjU&oh=ec85ce8828a5ffd14cac5f37a433890a&oe=5F97CB53",
            "username": "isabelamazorra_model"
        },
        "likes_count": 0,
        "answers": [
            {
                "id": 17883469699391757,
                "created_at": 1564173601,
                "text": "@isabelamazorra As\u00ed es! Estamos en BIG DAYS! Te esperamos!",
                "owner": {
                    "id": "208034677",
                    "is_verified": true,
                    "profile_pic_url": "https://instagram.fbga1-4.fna.fbcdn.net/v/t51.2885-19/s150x150/116713279_329296981536344_3404171181868667674_n.jpg?_nc_ht=instagram.fbga1-4.fna.fbcdn.net&_nc_ohc=e_8u8kf3ZDMAX9GL6vk&oh=cb797d66d56f5631c9bff6ad98af462e&oe=5F97C031",
                    "username": "epk"
                },
                "likes_count": 0
            }
        ]
    }
]