[
    {
        "id": 17852417755670381,
        "created_at": 1573516367,
        "text": "Disponible en Cartagena??",
        "owner": {
            "id": "8634449758",
            "is_verified": false,
            "profile_pic_url": "https://instagram.fbga1-4.fna.fbcdn.net/v/t51.2885-19/s150x150/82390298_1182422978633754_4687639680378732544_n.jpg?_nc_ht=instagram.fbga1-4.fna.fbcdn.net&_nc_ohc=Ps9gZQUhZWUAX8ie-6E&oh=02c2590abdd21f7ecc2583f050ef3176&oe=5F969E4C",
            "username": "salmahreposteria"
        },
        "likes_count": 1,
        "answers": []
    },
    {
        "id": 17848090633365743,
        "created_at": 1550781682,
        "text": "\ud83d\ude22los extra\u00f1amos en venezuela vuelvan por favor\ud83d\ude22",
        "owner": {
            "id": "1641122557",
            "is_verified": false,
            "profile_pic_url": "https://instagram.fbga1-4.fna.fbcdn.net/v/t51.2885-19/36085459_846575648867954_1309717613688913920_n.jpg?_nc_ht=instagram.fbga1-4.fna.fbcdn.net&_nc_ohc=f6c-KHIPBh8AX9Va88X&oh=24d6d3512ee6e14b04787c0d0ca3cd14&oe=5F986254",
            "username": "yessiavilaaa"
        },
        "likes_count": 0,
        "answers": []
    },
    {
        "id": 17856913348339763,
        "created_at": 1550115937,
        "text": "Divino",
        "owner": {
            "id": "2293892693",
            "is_verified": false,
            "profile_pic_url": "https://instagram.fbga1-4.fna.fbcdn.net/v/t51.2885-19/s150x150/11313235_650493971759141_1807430629_a.jpg?_nc_ht=instagram.fbga1-4.fna.fbcdn.net&_nc_ohc=vxNYvIUvD9AAX9cUe0-&oh=0d6eb79a55495116fc46b074e2c715a2&oe=5F97B3D1",
            "username": "liliana7960"
        },
        "likes_count": 0,
        "answers": []
    },
    {
        "id": 17866717561321187,
        "created_at": 1550106214,
        "text": "Lindas!mil bendiciones",
        "owner": {
            "id": "8747868896",
            "is_verified": false,
            "profile_pic_url": "https://instagram.fbga1-4.fna.fbcdn.net/v/t51.2885-19/s150x150/53213301_312618016271620_6392244124929490944_n.jpg?_nc_ht=instagram.fbga1-4.fna.fbcdn.net&_nc_ohc=L6OitGx6qtQAX_Az97r&oh=bb742b31d4714148c29d2eb55abf4497&oe=5F9739E7",
            "username": "florelisacastellanosrodrigu"
        },
        "likes_count": 0,
        "answers": []
    },
    {
        "id": 18013500955122160,
        "created_at": 1550101548,
        "text": "Hermoso!!!",
        "owner": {
            "id": "10620946785",
            "is_verified": false,
            "profile_pic_url": "https://instagram.fphx1-2.fna.fbcdn.net/v/t51.2885-19/44884218_345707102882519_2446069589734326272_n.jpg?_nc_ht=instagram.fphx1-2.fna.fbcdn.net&_nc_ohc=RLYRR3IenIMAX9I-0Hp&oh=41222a56802440b7f058b658c652e060&oe=5F96310F&ig_cache_key=YW5vbnltb3VzX3Byb2ZpbGVfcGlj.2",
            "username": "deicy643"
        },
        "likes_count": 0,
        "answers": []
    },
    {
        "id": 18032826748034371,
        "created_at": 1550100565,
        "text": "\ud83d\ude18\ud83d\ude18\ud83d\ude18\ud83d\udc96 hermoso vestido mi nieta ya lo tiene\ud83d\udc4d",
        "owner": {
            "id": "2206436520",
            "is_verified": false,
            "profile_pic_url": "https://instagram.fbga1-4.fna.fbcdn.net/v/t51.2885-19/s150x150/116792586_719088192245011_7941711023246653773_n.jpg?_nc_ht=instagram.fbga1-4.fna.fbcdn.net&_nc_ohc=G4WKc7teeIEAX9OJiQq&oh=ff4bff8d43ad5de9170069b3b80c5321&oe=5F9824EC",
            "username": "rodriguezolgalu"
        },
        "likes_count": 0,
        "answers": []
    },
    {
        "id": 18036564277063239,
        "created_at": 1550099308,
        "text": "\u2764\ufe0f\u2764\ufe0f\u2764\ufe0f\u2764\ufe0f\u2764\ufe0f\u2764\ufe0f @lolitaescovar @julydonado",
        "owner": {
            "id": "278756791",
            "is_verified": false,
            "profile_pic_url": "https://instagram.fbga1-4.fna.fbcdn.net/v/t51.2885-19/s150x150/90811411_143259063727700_5745490700909150208_n.jpg?_nc_ht=instagram.fbga1-4.fna.fbcdn.net&_nc_ohc=epgNTn-YwQYAX-zUMB2&oh=63892644dc97ce3edf856862f8e4c482&oe=5F94FCBE",
            "username": "anaordoneze"
        },
        "likes_count": 0,
        "answers": []
    },
    {
        "id": 18008953771088131,
        "created_at": 1550098941,
        "text": "@lizethpumarejo \ud83d\ude0d\u2764\ufe0f\ud83e\uddd2\ud83c\udffd",
        "owner": {
            "id": "366575569",
            "is_verified": false,
            "profile_pic_url": "https://instagram.fbga1-4.fna.fbcdn.net/v/t51.2885-19/s150x150/119572068_958393031335366_7160183109829345077_n.jpg?_nc_ht=instagram.fbga1-4.fna.fbcdn.net&_nc_ohc=FdWdlbLeTFcAX_p7UtE&oh=19a926875410465fab99c95d6e5f38df&oe=5F963455",
            "username": "lenorquin"
        },
        "likes_count": 0,
        "answers": []
    }
]