[
    {
        "id": 17955657460238588,
        "created_at": 1549510881,
        "text": "\u2764\ufe0f\u2764\ufe0f\u2764\ufe0f\u2764\ufe0f\u2764\ufe0f",
        "owner": {
            "id": "278756791",
            "is_verified": false,
            "profile_pic_url": "https://instagram.fbga1-4.fna.fbcdn.net/v/t51.2885-19/s150x150/90811411_143259063727700_5745490700909150208_n.jpg?_nc_ht=instagram.fbga1-4.fna.fbcdn.net&_nc_ohc=epgNTn-YwQYAX-zUMB2&oh=63892644dc97ce3edf856862f8e4c482&oe=5F94FCBE",
            "username": "anaordoneze"
        },
        "likes_count": 0,
        "answers": []
    },
    {
        "id": 18012368407125889,
        "created_at": 1549509134,
        "text": "Donde puedo comprar soy de Venezuela",
        "owner": {
            "id": "3254059171",
            "is_verified": false,
            "profile_pic_url": "https://instagram.fbga1-4.fna.fbcdn.net/v/t51.2885-19/s150x150/119075633_343118750204908_925529513407917862_n.jpg?_nc_ht=instagram.fbga1-4.fna.fbcdn.net&_nc_ohc=C7Z7MmdkkOcAX9M1HvA&oh=7be1cd09661e13e8bf1d54eb5a374333&oe=5F98218A",
            "username": "argelia1213"
        },
        "likes_count": 0,
        "answers": []
    }
]