[
    {
        "id": 17843224957564384,
        "created_at": 1564741745,
        "text": "Que chevere!!!",
        "owner": {
            "id": "300619997",
            "is_verified": false,
            "profile_pic_url": "https://instagram.fbga1-4.fna.fbcdn.net/v/t51.2885-19/11313586_702762243158028_1545189721_a.jpg?_nc_ht=instagram.fbga1-4.fna.fbcdn.net&_nc_ohc=lenYEIuVT1MAX9Hp6qS&oh=78336c490c45e33818b33e02d4ff5335&oe=5F98481F",
            "username": "tabathajanna"
        },
        "likes_count": 0,
        "answers": []
    },
    {
        "id": 18057079234132804,
        "created_at": 1564111322,
        "text": "Hola, he realizado muchas comprar en las tiendas, pero nunca me ha llegado nada para pertenecer al club baby epk",
        "owner": {
            "id": "1509567983",
            "is_verified": false,
            "profile_pic_url": "https://instagram.fbga1-4.fna.fbcdn.net/v/t51.2885-19/s150x150/118075336_358822825116776_109065907637076232_n.jpg?_nc_ht=instagram.fbga1-4.fna.fbcdn.net&_nc_ohc=ui-LpddGWbgAX9VvSo7&oh=ceaf6d2a6bbc5bc5505fcec8f39825d4&oe=5F96A4D4",
            "username": "m_jose13"
        },
        "likes_count": 0,
        "answers": []
    },
    {
        "id": 17860282573459250,
        "created_at": 1563839589,
        "text": "Me gusta esta union",
        "owner": {
            "id": "1699611629",
            "is_verified": false,
            "profile_pic_url": "https://instagram.fbga1-4.fna.fbcdn.net/v/t51.2885-19/s150x150/75551302_2443569155866078_6402055677069492224_n.jpg?_nc_ht=instagram.fbga1-4.fna.fbcdn.net&_nc_ohc=q_sVlvba4_IAX-vPrXO&oh=76dd340a34be4235f01769b692643436&oe=5F96BCDA",
            "username": "marianaprin_es"
        },
        "likes_count": 3,
        "answers": [
            {
                "id": 18085800334006039,
                "created_at": 1563900212,
                "text": "@marianaprin_es Buscamos lo mejor para nuestros clientes! gracias por preferirnos \u2764\ufe0f",
                "owner": {
                    "id": "208034677",
                    "is_verified": true,
                    "profile_pic_url": "https://instagram.fbga1-4.fna.fbcdn.net/v/t51.2885-19/s150x150/116713279_329296981536344_3404171181868667674_n.jpg?_nc_ht=instagram.fbga1-4.fna.fbcdn.net&_nc_ohc=e_8u8kf3ZDMAX9GL6vk&oh=cb797d66d56f5631c9bff6ad98af462e&oe=5F97C031",
                    "username": "epk"
                },
                "likes_count": 3
            }
        ]
    }
]