[
    {
        "id": 17897791897353581,
        "created_at": 1563061020,
        "text": "Lo tiene disponible ta 5T costo",
        "owner": {
            "id": "1501447218",
            "is_verified": false,
            "profile_pic_url": "https://instagram.fbga1-4.fna.fbcdn.net/v/t51.2885-19/s150x150/16908342_398324657194382_3584764577813889024_a.jpg?_nc_ht=instagram.fbga1-4.fna.fbcdn.net&_nc_ohc=UW9_khDNCOQAX-9yDyR&oh=b87ab8df7199e033d72fe2a8e9c24278&oe=5F965D97",
            "username": "12_felizcorazon"
        },
        "likes_count": 0,
        "answers": []
    },
    {
        "id": 18019796362161540,
        "created_at": 1555256242,
        "text": "\ud83d\ude2e",
        "owner": {
            "id": "2812680975",
            "is_verified": false,
            "profile_pic_url": "https://instagram.fbga1-4.fna.fbcdn.net/v/t51.2885-19/s150x150/70505756_658304141325364_8431788359948435456_n.jpg?_nc_ht=instagram.fbga1-4.fna.fbcdn.net&_nc_ohc=xKf6jAW6ApoAX-sIwiJ&oh=7444a556906e21c78251772d0218a9a4&oe=5F95C71B",
            "username": "nataliaperm31"
        },
        "likes_count": 0,
        "answers": []
    },
    {
        "id": 17944742464256941,
        "created_at": 1551305439,
        "text": "Valor?",
        "owner": {
            "id": "6589388475",
            "is_verified": false,
            "profile_pic_url": "https://instagram.fbga1-4.fna.fbcdn.net/v/t51.2885-19/s150x150/23970026_1868802056481774_1548070826689953792_n.jpg?_nc_ht=instagram.fbga1-4.fna.fbcdn.net&_nc_ohc=iIAxyqiLo4QAX9mLhiW&oh=c4a9c512a2567dbd3bd3bfa228a999c3&oe=5F96549F",
            "username": "letypaternina"
        },
        "likes_count": 0,
        "answers": []
    },
    {
        "id": 18038908000031825,
        "created_at": 1551128667,
        "text": "Xq nadie me da raz\u00f3n sobre mi pedido??? No me han entregado ni la gu\u00eda ni el resumen de q fue lo q ped\u00ed y lo peor de todo es q ya cancele. Ah pero para recordarme q debia pagar el pedido si se comunicaron conmigo, pero para entregarme los datos de guia y esas cosas si x ningun lado logro ubicarlos",
        "owner": {
            "id": "5827373316",
            "is_verified": false,
            "profile_pic_url": "https://instagram.fbga1-4.fna.fbcdn.net/v/t51.2885-19/s150x150/80552730_557532174828705_1895297779857620992_n.jpg?_nc_ht=instagram.fbga1-4.fna.fbcdn.net&_nc_ohc=yopSPqvN5LoAX_8iu53&oh=c34f7a1ebf9b4c8645d285b1ef1b0e77&oe=5F97A983",
            "username": "mary_isa2403"
        },
        "likes_count": 0,
        "answers": []
    },
    {
        "id": 17918391790305061,
        "created_at": 1551031669,
        "text": "Hermoso",
        "owner": {
            "id": "5956524538",
            "is_verified": false,
            "profile_pic_url": "https://instagram.fbga1-4.fna.fbcdn.net/v/t51.2885-19/s150x150/21147213_1697919250227571_7841359600904306688_a.jpg?_nc_ht=instagram.fbga1-4.fna.fbcdn.net&_nc_ohc=oUt7KXFvH_cAX9SL_A4&oh=13ac065f1f166649607a8aacc81d5d7c&oe=5F96A8A8",
            "username": "johanag2017"
        },
        "likes_count": 0,
        "answers": []
    },
    {
        "id": 18006937753150913,
        "created_at": 1551012920,
        "text": "Rse dise\u00f1o lo tenemos es lindo",
        "owner": {
            "id": "6371346275",
            "is_verified": false,
            "profile_pic_url": "https://instagram.fbga1-4.fna.fbcdn.net/v/t51.2885-19/s150x150/116869565_355382049196954_5268211177718118115_n.jpg?_nc_ht=instagram.fbga1-4.fna.fbcdn.net&_nc_ohc=W5GUlO1cFdUAX-QzKrJ&oh=364cb7fe9c497144004381e0a5c5df99&oe=5F9519C6",
            "username": "amigademidulcetentacion"
        },
        "likes_count": 0,
        "answers": []
    },
    {
        "id": 18020254747113485,
        "created_at": 1550975694,
        "text": "esta disponible en monteria",
        "owner": {
            "id": "554309537",
            "is_verified": false,
            "profile_pic_url": "https://instagram.fbga1-4.fna.fbcdn.net/v/t51.2885-19/s150x150/119945174_161894142206889_8808845632733265478_n.jpg?_nc_ht=instagram.fbga1-4.fna.fbcdn.net&_nc_ohc=lpIbb_yI9l0AX9BpmxX&oh=3e0c266e54fb2033f41c53b506aba9e3&oe=5F95D4FA",
            "username": "keydiazgarcia"
        },
        "likes_count": 1,
        "answers": []
    },
    {
        "id": 18018789094124316,
        "created_at": 1550969263,
        "text": "Este vestido se encuentra en cualquiera de las tiendas del pa\u00eds",
        "owner": {
            "id": "1543975077",
            "is_verified": false,
            "profile_pic_url": "https://instagram.fbga1-4.fna.fbcdn.net/v/t51.2885-19/s150x150/87747004_1582100968614612_7133145044554350592_n.jpg?_nc_ht=instagram.fbga1-4.fna.fbcdn.net&_nc_ohc=-LowKgFDLksAX8BQN1K&oh=94d2c4abf0c45d4e432c520c71564800&oe=5F970460",
            "username": "marielly.ortegaromero"
        },
        "likes_count": 0,
        "answers": []
    },
    {
        "id": 18038712952053596,
        "created_at": 1550965660,
        "text": "Me encanta @epk\u2764\ufe0f\u2764\ufe0f\u2764\ufe0f",
        "owner": {
            "id": "4553470836",
            "is_verified": false,
            "profile_pic_url": "https://instagram.fbga1-4.fna.fbcdn.net/v/t51.2885-19/s150x150/87558357_248861782816481_6266938763306336256_n.jpg?_nc_ht=instagram.fbga1-4.fna.fbcdn.net&_nc_ohc=3-kpylUA65gAX9JJbtM&oh=3b7f2d1c58d3609095681e0cff99486a&oe=5F9697C0",
            "username": "natipercy"
        },
        "likes_count": 0,
        "answers": []
    }
]