[
    {
        "id": 18055961179062256,
        "created_at": 1555465334,
        "text": "Que costo?",
        "owner": {
            "id": "7694866644",
            "is_verified": false,
            "profile_pic_url": "https://instagram.fbga1-4.fna.fbcdn.net/v/t51.2885-19/s150x150/39637489_310471906427167_8437927951273558016_n.jpg?_nc_ht=instagram.fbga1-4.fna.fbcdn.net&_nc_ohc=K7YBWrt3o-QAX9llImq&oh=83b923c7ee6b75e6622b0e6bb72318a7&oe=5F962E0D",
            "username": "algiersbouquets"
        },
        "likes_count": 0,
        "answers": []
    },
    {
        "id": 18012553696161141,
        "created_at": 1553264629,
        "text": "Y aqui en venezuela cuando:( :( :(",
        "owner": {
            "id": "1112338167",
            "is_verified": false,
            "profile_pic_url": "https://instagram.fbga1-4.fna.fbcdn.net/v/t51.2885-19/s150x150/61738983_1043831369160600_4073244174894235648_n.jpg?_nc_ht=instagram.fbga1-4.fna.fbcdn.net&_nc_ohc=W3syemYv1W0AX8LXy1j&oh=d15b6836b5db15229ad90703d94665cd&oe=5F951475",
            "username": "meilysgil"
        },
        "likes_count": 1,
        "answers": [
            {
                "id": 18024528853137233,
                "created_at": 1554409507,
                "text": "@meilysgil Hola! Somos EPK Colombia. Nuestra tienda m\u00e1s cercana a venezuela se encuentra en C\u00facuta.Esperamos puedas visitarnos. Saludos!",
                "owner": {
                    "id": "208034677",
                    "is_verified": true,
                    "profile_pic_url": "https://instagram.fbga1-4.fna.fbcdn.net/v/t51.2885-19/s150x150/116713279_329296981536344_3404171181868667674_n.jpg?_nc_ht=instagram.fbga1-4.fna.fbcdn.net&_nc_ohc=e_8u8kf3ZDMAX9GL6vk&oh=cb797d66d56f5631c9bff6ad98af462e&oe=5F97C031",
                    "username": "epk"
                },
                "likes_count": 0
            }
        ]
    },
    {
        "id": 17846909773386285,
        "created_at": 1553128889,
        "text": "gostei do post! veja se tb gosta dos meus posts! \ud83d\ude09",
        "owner": {
            "id": "5412097456",
            "is_verified": false,
            "profile_pic_url": "https://instagram.fbga1-4.fna.fbcdn.net/v/t51.2885-19/s150x150/75019014_468209203808551_160540886772482048_n.jpg?_nc_ht=instagram.fbga1-4.fna.fbcdn.net&_nc_ohc=9Qp3IeWl7vsAX8guN0x&oh=38b6bf56032c94e5a2d039dceb245562&oe=5F9898C9",
            "username": "aspanterasternosfemininos"
        },
        "likes_count": 1,
        "answers": [
            {
                "id": 17870525260334341,
                "created_at": 1553172304,
                "text": "@aspanterasternosfemininos \u2764\ufe0f",
                "owner": {
                    "id": "208034677",
                    "is_verified": true,
                    "profile_pic_url": "https://instagram.fbga1-4.fna.fbcdn.net/v/t51.2885-19/s150x150/116713279_329296981536344_3404171181868667674_n.jpg?_nc_ht=instagram.fbga1-4.fna.fbcdn.net&_nc_ohc=e_8u8kf3ZDMAX9GL6vk&oh=cb797d66d56f5631c9bff6ad98af462e&oe=5F97C031",
                    "username": "epk"
                },
                "likes_count": 0
            }
        ]
    },
    {
        "id": 17928072973282040,
        "created_at": 1553112596,
        "text": "est\u00e1 es la hermosa modelo de #EPK",
        "owner": {
            "id": "212995533",
            "is_verified": false,
            "profile_pic_url": "https://instagram.fbga1-4.fna.fbcdn.net/v/t51.2885-19/s150x150/11906110_1612668475649640_180165739_a.jpg?_nc_ht=instagram.fbga1-4.fna.fbcdn.net&_nc_ohc=sMcKeTLl4_QAX8ATTha&oh=8ebb27a9de66d8737cc788ee5794fe8f&oe=5F97AE36",
            "username": "ssoto08"
        },
        "likes_count": 1,
        "answers": [
            {
                "id": 17972454088228085,
                "created_at": 1553172315,
                "text": "@ssoto08 \u2764\ufe0f\u2764\ufe0f\u2764\ufe0f",
                "owner": {
                    "id": "208034677",
                    "is_verified": true,
                    "profile_pic_url": "https://instagram.fbga1-4.fna.fbcdn.net/v/t51.2885-19/s150x150/116713279_329296981536344_3404171181868667674_n.jpg?_nc_ht=instagram.fbga1-4.fna.fbcdn.net&_nc_ohc=e_8u8kf3ZDMAX9GL6vk&oh=cb797d66d56f5631c9bff6ad98af462e&oe=5F97C031",
                    "username": "epk"
                },
                "likes_count": 0
            }
        ]
    },
    {
        "id": 18038880904073306,
        "created_at": 1553036647,
        "text": "Ya esta en tienda?",
        "owner": {
            "id": "1740130649",
            "is_verified": false,
            "profile_pic_url": "https://instagram.fbga1-4.fna.fbcdn.net/v/t51.2885-19/s150x150/53633909_647261182399219_7151835762973999104_n.jpg?_nc_ht=instagram.fbga1-4.fna.fbcdn.net&_nc_ohc=VrkPiRX8nkcAX9ZrCoh&oh=477fcc5ef3a2db02f40620bde70a9c36&oe=5F96924A",
            "username": "ivvguerrero"
        },
        "likes_count": 0,
        "answers": [
            {
                "id": 17867417137339011,
                "created_at": 1553098872,
                "text": "@ivvguerrero hola! Muy pronto. Sigue atenta a nuestras redes. Saludos\u2764\ufe0f",
                "owner": {
                    "id": "208034677",
                    "is_verified": true,
                    "profile_pic_url": "https://instagram.fbga1-4.fna.fbcdn.net/v/t51.2885-19/s150x150/116713279_329296981536344_3404171181868667674_n.jpg?_nc_ht=instagram.fbga1-4.fna.fbcdn.net&_nc_ohc=e_8u8kf3ZDMAX9GL6vk&oh=cb797d66d56f5631c9bff6ad98af462e&oe=5F97C031",
                    "username": "epk"
                },
                "likes_count": 1
            }
        ]
    }
]