[
    {
        "id": 18027875251150462,
        "created_at": 1556496543,
        "text": "Divino",
        "owner": {
            "id": "1568194860",
            "is_verified": false,
            "profile_pic_url": "https://instagram.fbga1-4.fna.fbcdn.net/v/t51.2885-19/s150x150/54247684_402315310567623_3820087901840998400_n.jpg?_nc_ht=instagram.fbga1-4.fna.fbcdn.net&_nc_ohc=og4SjC6I88IAX_DmZWk&oh=e667a3970f3cab8d35cf5bf7cff2c8a5&oe=5F971EF3",
            "username": "cecilia.t.garzon"
        },
        "likes_count": 1,
        "answers": []
    },
    {
        "id": 17958916207264334,
        "created_at": 1556496531,
        "text": "Me ENCANTA EL FORD VICTORIA MODELO 1956",
        "owner": {
            "id": "1568194860",
            "is_verified": false,
            "profile_pic_url": "https://instagram.fbga1-4.fna.fbcdn.net/v/t51.2885-19/s150x150/54247684_402315310567623_3820087901840998400_n.jpg?_nc_ht=instagram.fbga1-4.fna.fbcdn.net&_nc_ohc=og4SjC6I88IAX_DmZWk&oh=e667a3970f3cab8d35cf5bf7cff2c8a5&oe=5F971EF3",
            "username": "cecilia.t.garzon"
        },
        "likes_count": 2,
        "answers": []
    },
    {
        "id": 18060208795065440,
        "created_at": 1556489553,
        "text": "\u2764\ufe0f\u2764\ufe0f\u2764\ufe0f",
        "owner": {
            "id": "272288037",
            "is_verified": false,
            "profile_pic_url": "https://instagram.fgyn6-1.fna.fbcdn.net/v/t51.2885-19/44884218_345707102882519_2446069589734326272_n.jpg?_nc_ht=instagram.fgyn6-1.fna.fbcdn.net&_nc_ohc=RLYRR3IenIMAX9LTZOb&oh=f0e1358c1074aa872c99aaaa0d9844f1&oe=5F96310F&ig_cache_key=YW5vbnltb3VzX3Byb2ZpbGVfcGlj.2",
            "username": "helena_sampayo06"
        },
        "likes_count": 1,
        "answers": []
    },
    {
        "id": 18031958509190456,
        "created_at": 1556469400,
        "text": "@angi.ryp",
        "owner": {
            "id": "1246539422",
            "is_verified": false,
            "profile_pic_url": "https://instagram.fbga1-4.fna.fbcdn.net/v/t51.2885-19/s150x150/119817640_792387451334392_780804120117015919_n.jpg?_nc_ht=instagram.fbga1-4.fna.fbcdn.net&_nc_ohc=NAFz_rAIXGQAX9y3Wbp&oh=9eae8a154b69628a2d55e943d148b2bc&oe=5F968E72",
            "username": "dylansvanessa"
        },
        "likes_count": 1,
        "answers": []
    }
]