[
    {
        "id": 17905554742329392,
        "created_at": 1563141819,
        "text": "@agag93 \u2764\ufe0f\ud83d\ude0d",
        "owner": {
            "id": "1786065938",
            "is_verified": false,
            "profile_pic_url": "https://instagram.fbga1-4.fna.fbcdn.net/v/t51.2885-19/s150x150/118943065_1685560798275481_5380126954902363459_n.jpg?_nc_ht=instagram.fbga1-4.fna.fbcdn.net&_nc_ohc=8aZviGWoS6sAX-IkfvG&oh=f67a6b0f2c198bcb56450331e84580d5&oe=5F94F7E5",
            "username": "oriannaacu_a"
        },
        "likes_count": 1,
        "answers": []
    },
    {
        "id": 18062569510108887,
        "created_at": 1562119668,
        "text": "precio.",
        "owner": {
            "id": "1570820246",
            "is_verified": false,
            "profile_pic_url": "https://instagram.fbga1-4.fna.fbcdn.net/v/t51.2885-19/s150x150/49422001_2202856066402742_5171314441710469120_n.jpg?_nc_ht=instagram.fbga1-4.fna.fbcdn.net&_nc_ohc=qteXWJCTRmMAX8VKaDG&oh=a9bffab83d0c1ea231931654029271bf&oe=5F9500C9",
            "username": "milenna1017"
        },
        "likes_count": 0,
        "answers": []
    },
    {
        "id": 18016294882154394,
        "created_at": 1553715406,
        "text": "@mileariza yo a esta bebe la conozco!!!! \ud83d\ude2c\ud83d\ude2c Que preciosura mile te felicito",
        "owner": {
            "id": "181099796",
            "is_verified": false,
            "profile_pic_url": "https://instagram.fbga1-4.fna.fbcdn.net/v/t51.2885-19/s150x150/37877982_2185746814995379_5498250204140273664_n.jpg?_nc_ht=instagram.fbga1-4.fna.fbcdn.net&_nc_ohc=gTZx_tUY38QAX8hA-0e&oh=e877f04b956a21970eaef5b987dbdf73&oe=5F95C79C",
            "username": "caticamoncada"
        },
        "likes_count": 2,
        "answers": []
    },
    {
        "id": 18017108455147295,
        "created_at": 1553562530,
        "text": "Precio?",
        "owner": {
            "id": "9456975363",
            "is_verified": false,
            "profile_pic_url": "https://instagram.fbga1-4.fna.fbcdn.net/v/t51.2885-19/s150x150/46927046_379425979293476_6882760713329180672_n.jpg?_nc_ht=instagram.fbga1-4.fna.fbcdn.net&_nc_ohc=GYzt7V377dAAX-dRrYR&oh=5126cbeb2bd733270209cc14b5c7e01e&oe=5F97732B",
            "username": "yadiinarv"
        },
        "likes_count": 0,
        "answers": [
            {
                "id": 17930468047280325,
                "created_at": 1553610019,
                "text": "@yadiinarv Muy pronto \ud83d\ude4c\ud83d\ude4c",
                "owner": {
                    "id": "208034677",
                    "is_verified": true,
                    "profile_pic_url": "https://instagram.fbga1-4.fna.fbcdn.net/v/t51.2885-19/s150x150/116713279_329296981536344_3404171181868667674_n.jpg?_nc_ht=instagram.fbga1-4.fna.fbcdn.net&_nc_ohc=e_8u8kf3ZDMAX9GL6vk&oh=cb797d66d56f5631c9bff6ad98af462e&oe=5F97C031",
                    "username": "epk"
                },
                "likes_count": 0
            }
        ]
    },
    {
        "id": 17890871425307769,
        "created_at": 1553491458,
        "text": "@danielacm92 bebe mira!! Se parece a ari\ud83d\udc9b",
        "owner": {
            "id": "1278087340",
            "is_verified": false,
            "profile_pic_url": "https://instagram.fbga1-4.fna.fbcdn.net/v/t51.2885-19/s150x150/76969680_2429338964061847_2348972563993985024_n.jpg?_nc_ht=instagram.fbga1-4.fna.fbcdn.net&_nc_ohc=QQWWnZw1_xsAX973hY2&oh=b9bfddeb537f365e605e95caef1891e3&oe=5F955CAB",
            "username": "djlucciana"
        },
        "likes_count": 1,
        "answers": [
            {
                "id": 18023819956086196,
                "created_at": 1553610024,
                "text": "@djlucciana \u2764\ufe0f\ud83d\ude0a",
                "owner": {
                    "id": "208034677",
                    "is_verified": true,
                    "profile_pic_url": "https://instagram.fbga1-4.fna.fbcdn.net/v/t51.2885-19/s150x150/116713279_329296981536344_3404171181868667674_n.jpg?_nc_ht=instagram.fbga1-4.fna.fbcdn.net&_nc_ohc=e_8u8kf3ZDMAX9GL6vk&oh=cb797d66d56f5631c9bff6ad98af462e&oe=5F97C031",
                    "username": "epk"
                },
                "likes_count": 0
            }
        ]
    },
    {
        "id": 18048991264035249,
        "created_at": 1553478926,
        "text": "Apartir de cuando se consigue la nueva colecci\u00f3n en las tiendas EPK",
        "owner": {
            "id": "6272124777",
            "is_verified": false,
            "profile_pic_url": "https://instagram.fbga1-4.fna.fbcdn.net/v/t51.2885-19/s150x150/75244413_445662452811613_5688970808194498560_n.jpg?_nc_ht=instagram.fbga1-4.fna.fbcdn.net&_nc_ohc=7dbMBN3xJ2IAX8wQIPh&oh=f6d2075c97da80eee52f7f7739a62342&oe=5F958821",
            "username": "linethcaldera"
        },
        "likes_count": 1,
        "answers": [
            {
                "id": 18028499812120558,
                "created_at": 1553609997,
                "text": "@linethcaldera muy pronto! Sigue atenta a nuestras redes \u2764\ufe0f",
                "owner": {
                    "id": "208034677",
                    "is_verified": true,
                    "profile_pic_url": "https://instagram.fbga1-4.fna.fbcdn.net/v/t51.2885-19/s150x150/116713279_329296981536344_3404171181868667674_n.jpg?_nc_ht=instagram.fbga1-4.fna.fbcdn.net&_nc_ohc=e_8u8kf3ZDMAX9GL6vk&oh=cb797d66d56f5631c9bff6ad98af462e&oe=5F97C031",
                    "username": "epk"
                },
                "likes_count": 0
            }
        ]
    },
    {
        "id": 18032951734128820,
        "created_at": 1553470631,
        "text": "K belleza p mi princesa \ud83d\udc4d\ud83d\ude09\ud83e\udd29",
        "owner": {
            "id": "4220591894",
            "is_verified": false,
            "profile_pic_url": "https://instagram.fbga1-4.fna.fbcdn.net/v/t51.2885-19/s150x150/119785683_372715420425377_5120637903384292475_n.jpg?_nc_ht=instagram.fbga1-4.fna.fbcdn.net&_nc_ohc=FUo_GVCX4bgAX-cn89C&oh=2abab0aef8ada023979a7723b52d3b18&oe=5F98388A",
            "username": "stellalachikita2016"
        },
        "likes_count": 0,
        "answers": [
            {
                "id": 18019161835130152,
                "created_at": 1553610028,
                "text": "@stellalachikita2016 \ud83d\ude4c\ud83d\ude4c\u2764\ufe0f",
                "owner": {
                    "id": "208034677",
                    "is_verified": true,
                    "profile_pic_url": "https://instagram.fbga1-4.fna.fbcdn.net/v/t51.2885-19/s150x150/116713279_329296981536344_3404171181868667674_n.jpg?_nc_ht=instagram.fbga1-4.fna.fbcdn.net&_nc_ohc=e_8u8kf3ZDMAX9GL6vk&oh=cb797d66d56f5631c9bff6ad98af462e&oe=5F97C031",
                    "username": "epk"
                },
                "likes_count": 0
            }
        ]
    },
    {
        "id": 18031734772113837,
        "created_at": 1553465808,
        "text": "Precio???",
        "owner": {
            "id": "10810895823",
            "is_verified": false,
            "profile_pic_url": "https://instagram.fbga1-4.fna.fbcdn.net/v/t51.2885-19/s150x150/50911079_1209119035930328_762724361420406784_n.jpg?_nc_ht=instagram.fbga1-4.fna.fbcdn.net&_nc_ohc=nUQCPSZXtIwAX-9zYUx&oh=7d10111d1fcf2036c7f5cfaee226359d&oe=5F94F38F",
            "username": "babymiranday"
        },
        "likes_count": 0,
        "answers": [
            {
                "id": 18048349795042147,
                "created_at": 1553610038,
                "text": "@babymiranday muy pronto en tiendas \u2764\ufe0f\u2764\ufe0f",
                "owner": {
                    "id": "208034677",
                    "is_verified": true,
                    "profile_pic_url": "https://instagram.fbga1-4.fna.fbcdn.net/v/t51.2885-19/s150x150/116713279_329296981536344_3404171181868667674_n.jpg?_nc_ht=instagram.fbga1-4.fna.fbcdn.net&_nc_ohc=e_8u8kf3ZDMAX9GL6vk&oh=cb797d66d56f5631c9bff6ad98af462e&oe=5F97C031",
                    "username": "epk"
                },
                "likes_count": 0
            }
        ]
    },
    {
        "id": 18016333243153616,
        "created_at": 1553463284,
        "text": "\u2764\ufe0f",
        "owner": {
            "id": "7501401503",
            "is_verified": false,
            "profile_pic_url": "https://instagram.fbga1-4.fna.fbcdn.net/v/t51.2885-19/s150x150/79862566_993629594342504_4685549306910867456_n.jpg?_nc_ht=instagram.fbga1-4.fna.fbcdn.net&_nc_ohc=8UngIkrDRJgAX_sFmy9&oh=9282b71929a0eb62b1ba2a003ec62bc6&oe=5F986E16",
            "username": "chonlee_27"
        },
        "likes_count": 1,
        "answers": [
            {
                "id": 18080967190019394,
                "created_at": 1562119657,
                "text": "@epk precio",
                "owner": {
                    "id": "1570820246",
                    "is_verified": false,
                    "profile_pic_url": "https://instagram.fbga1-4.fna.fbcdn.net/v/t51.2885-19/s150x150/49422001_2202856066402742_5171314441710469120_n.jpg?_nc_ht=instagram.fbga1-4.fna.fbcdn.net&_nc_ohc=qteXWJCTRmMAX8VKaDG&oh=a9bffab83d0c1ea231931654029271bf&oe=5F9500C9",
                    "username": "milenna1017"
                },
                "likes_count": 0
            },
            {
                "id": 17848817851381267,
                "created_at": 1553610001,
                "text": "@davidlara.lara \u2764\ufe0f\ud83d\ude0a",
                "owner": {
                    "id": "208034677",
                    "is_verified": true,
                    "profile_pic_url": "https://instagram.fbga1-4.fna.fbcdn.net/v/t51.2885-19/s150x150/116713279_329296981536344_3404171181868667674_n.jpg?_nc_ht=instagram.fbga1-4.fna.fbcdn.net&_nc_ohc=e_8u8kf3ZDMAX9GL6vk&oh=cb797d66d56f5631c9bff6ad98af462e&oe=5F97C031",
                    "username": "epk"
                },
                "likes_count": 0
            }
        ]
    }
]