[
    {
        "id": 17970603835264456,
        "created_at": 1559927780,
        "text": "Precio de la bermuda blanca",
        "owner": {
            "id": "1555696689",
            "is_verified": false,
            "profile_pic_url": "https://instagram.fbga1-4.fna.fbcdn.net/v/t51.2885-19/10983646_1060041610678908_1891484425_a.jpg?_nc_ht=instagram.fbga1-4.fna.fbcdn.net&_nc_ohc=wpzKGNp_nOwAX_bMwC3&oh=f4bae2c9065b54c09a8106922b2d6a0d&oe=5F970966",
            "username": "yaveliscarolina.torres"
        },
        "likes_count": 0,
        "answers": []
    }
]