[
    {
        "id": 17861135890331309,
        "created_at": 1550442180,
        "text": "@vanek0307",
        "owner": {
            "id": "371044595",
            "is_verified": false,
            "profile_pic_url": "https://instagram.fbga1-4.fna.fbcdn.net/v/t51.2885-19/s150x150/11930823_1054349271264275_947165922_a.jpg?_nc_ht=instagram.fbga1-4.fna.fbcdn.net&_nc_ohc=djaP3X9K_c8AX9V6W-U&oh=e4047d6a396dd8cacce212a702a3a759&oe=5F978425",
            "username": "carmenali1507"
        },
        "likes_count": 0,
        "answers": []
    },
    {
        "id": 17842223785356168,
        "created_at": 1548205711,
        "text": "@25mvralarcon28",
        "owner": {
            "id": "285902312",
            "is_verified": false,
            "profile_pic_url": "https://instagram.fbga1-4.fna.fbcdn.net/v/t51.2885-19/s150x150/120200200_366012191424399_1518580570049574046_n.jpg?_nc_ht=instagram.fbga1-4.fna.fbcdn.net&_nc_ohc=EU1O-QAf-9EAX_0pg_c&oh=d5410258621508fa6ee2bd57259d70ca&oe=5F99613C",
            "username": "nanii290"
        },
        "likes_count": 1,
        "answers": []
    },
    {
        "id": 18017025268071125,
        "created_at": 1547219092,
        "text": "\u2764\ufe0f\u2764\ufe0f\u2764\ufe0f\u2764\ufe0f",
        "owner": {
            "id": "20583119",
            "is_verified": false,
            "profile_pic_url": "https://instagram.fbga1-4.fna.fbcdn.net/v/t51.2885-19/s150x150/13712640_1048001601915596_1244930328_a.jpg?_nc_ht=instagram.fbga1-4.fna.fbcdn.net&_nc_ohc=r-If3xEAuPMAX8goNbL&oh=aa2128996bbaf45c415966c2fb0ea590&oe=5F984A80",
            "username": "vanessayunis"
        },
        "likes_count": 0,
        "answers": []
    },
    {
        "id": 17887151707293918,
        "created_at": 1546600713,
        "text": "\ud83d\udc95",
        "owner": {
            "id": "1804382975",
            "is_verified": false,
            "profile_pic_url": "https://instagram.fbga1-4.fna.fbcdn.net/v/t51.2885-19/s150x150/23279342_1472446729519022_99502971930279936_n.jpg?_nc_ht=instagram.fbga1-4.fna.fbcdn.net&_nc_ohc=V5ujp_02UWcAX_sD60R&oh=230ba9a3763402b48323cb6227a6dbf3&oe=5F9A2C5C",
            "username": "estrella_2930"
        },
        "likes_count": 0,
        "answers": [
            {
                "id": 17912693182279054,
                "created_at": 1546987290,
                "text": "@estrella_2930 \ud83e\udde1\ud83e\udde1",
                "owner": {
                    "id": "208034677",
                    "is_verified": true,
                    "profile_pic_url": "https://instagram.fbga1-4.fna.fbcdn.net/v/t51.2885-19/s150x150/116713279_329296981536344_3404171181868667674_n.jpg?_nc_ht=instagram.fbga1-4.fna.fbcdn.net&_nc_ohc=e_8u8kf3ZDMAX9GL6vk&oh=cb797d66d56f5631c9bff6ad98af462e&oe=5F97C031",
                    "username": "epk"
                },
                "likes_count": 0
            }
        ]
    }
]