[
    {
        "id": 18054731947042071,
        "created_at": 1554613419,
        "text": "Hermoso",
        "owner": {
            "id": "1787567415",
            "is_verified": false,
            "profile_pic_url": "https://instagram.fbga1-4.fna.fbcdn.net/v/t51.2885-19/s150x150/66800331_1328159744020692_8812266382986051584_n.jpg?_nc_ht=instagram.fbga1-4.fna.fbcdn.net&_nc_ohc=ZwEd6lvZVm0AX8Hqz3-&oh=a7fa337e294e559dd777a9d166f99390&oe=5F9728A4",
            "username": "marsehernandes"
        },
        "likes_count": 1,
        "answers": []
    }
]