[
    {
        "id": 17981305825243154,
        "created_at": 1556289773,
        "text": "La m\u00e1s bella",
        "owner": {
            "id": "6617983397",
            "is_verified": false,
            "profile_pic_url": "https://instagram.fbga1-4.fna.fbcdn.net/v/t51.2885-19/s150x150/24175370_1933823766940943_597556270156742656_n.jpg?_nc_ht=instagram.fbga1-4.fna.fbcdn.net&_nc_ohc=8EQ29EOzH8UAX9GDbcp&oh=8e7229b8348a70f59dd90ddc4e6d0af9&oe=5F9550E4",
            "username": "lichedebiase"
        },
        "likes_count": 1,
        "answers": []
    },
    {
        "id": 17876637748348153,
        "created_at": 1556242348,
        "text": "Los short de epk son hermosos mi hija los usa mucho y son muy c\u00f3modos",
        "owner": {
            "id": "1639107386",
            "is_verified": false,
            "profile_pic_url": "https://instagram.fbga1-4.fna.fbcdn.net/v/t51.2885-19/s150x150/118692677_324944398617878_9220541245816189071_n.jpg?_nc_ht=instagram.fbga1-4.fna.fbcdn.net&_nc_ohc=4FegDZM7RYIAX_BJziM&oh=156c03d136964a313221e68f3bc50541&oe=5F98359A",
            "username": "alejandraavellaneda52"
        },
        "likes_count": 1,
        "answers": [
            {
                "id": 18062149552053719,
                "created_at": 1556552424,
                "text": "@alejandraavellaneda52 Gracias Alejandra por preferirnos! \ud83d\udc9a",
                "owner": {
                    "id": "208034677",
                    "is_verified": true,
                    "profile_pic_url": "https://instagram.fbga1-4.fna.fbcdn.net/v/t51.2885-19/s150x150/116713279_329296981536344_3404171181868667674_n.jpg?_nc_ht=instagram.fbga1-4.fna.fbcdn.net&_nc_ohc=e_8u8kf3ZDMAX9GL6vk&oh=cb797d66d56f5631c9bff6ad98af462e&oe=5F97C031",
                    "username": "epk"
                },
                "likes_count": 0
            }
        ]
    },
    {
        "id": 17868847927366147,
        "created_at": 1556240625,
        "text": "\ud83d\udceeUna Buena Noticia\ud83d\udcee Disponible la nueva colecci\u00f3n en #Diverplaza \ud83d\udc9a\ud83d\udc9a\ud83d\udc9a",
        "owner": {
            "id": "1170652694",
            "is_verified": false,
            "profile_pic_url": "https://instagram.fbga1-4.fna.fbcdn.net/v/t51.2885-19/s150x150/119641226_351128869578733_5472829493490956078_n.jpg?_nc_ht=instagram.fbga1-4.fna.fbcdn.net&_nc_ohc=VUiABo2jOiwAX9SH8cR&oh=40f07869f6719e5b8edcec6324116963&oe=5F95A76F",
            "username": "diverplazacc"
        },
        "likes_count": 0,
        "answers": []
    }
]