[
    {
        "id": 18011603383235948,
        "created_at": 1565120535,
        "text": "Precio",
        "owner": {
            "id": "10644672516",
            "is_verified": false,
            "profile_pic_url": "https://instagram.fbga1-4.fna.fbcdn.net/v/t51.2885-19/s150x150/47584428_285005562215038_1187399126942220288_n.jpg?_nc_ht=instagram.fbga1-4.fna.fbcdn.net&_nc_ohc=oFGo-S8_9IcAX9Hg5E2&oh=6a26087e5c56a4f98d8658c91c6f1904&oe=5F97E7A5",
            "username": "ingpalacioslopez"
        },
        "likes_count": 0,
        "answers": []
    },
    {
        "id": 17976076042300328,
        "created_at": 1564091642,
        "text": "Como la solicito??",
        "owner": {
            "id": "2085507593",
            "is_verified": false,
            "profile_pic_url": "https://instagram.fbga1-4.fna.fbcdn.net/v/t51.2885-19/s150x150/87782633_640199940097058_3144319096108089344_n.jpg?_nc_ht=instagram.fbga1-4.fna.fbcdn.net&_nc_ohc=F61lA6iJa28AX9HP21X&oh=fb3ebc564d47bc1b11ecb683253cdae1&oe=5F95F660",
            "username": "paolamati03"
        },
        "likes_count": 0,
        "answers": []
    },
    {
        "id": 18040427173150115,
        "created_at": 1559842685,
        "text": "Q precio?",
        "owner": {
            "id": "2311274784",
            "is_verified": false,
            "profile_pic_url": "https://instagram.fbga1-4.fna.fbcdn.net/v/t51.2885-19/s150x150/93639926_2667377263586804_5175948509559390208_n.jpg?_nc_ht=instagram.fbga1-4.fna.fbcdn.net&_nc_ohc=_85yJuvhnVsAX_mvbGq&oh=de5eab3fd6622c526f10fa92e5118c28&oe=5F94CB09",
            "username": "tobon_v"
        },
        "likes_count": 0,
        "answers": []
    },
    {
        "id": 18074174005037492,
        "created_at": 1559606090,
        "text": "\ud83d\ude01",
        "owner": {
            "id": "10392432546",
            "is_verified": false,
            "profile_pic_url": "https://instagram.fbga1-4.fna.fbcdn.net/v/t51.2885-19/s150x150/49844043_2364650373553228_2942733942781902848_n.jpg?_nc_ht=instagram.fbga1-4.fna.fbcdn.net&_nc_ohc=4K0i0oTgFKQAX8YE-YF&oh=79f52291ad7f87bd4ba40a6de4f8ffb4&oe=5F975AA6",
            "username": "samprobysamueldiaz"
        },
        "likes_count": 1,
        "answers": []
    }
]