[
    {
        "id": 17949800944272885,
        "created_at": 1556479066,
        "text": "Que hermosa\u2764\ufe0f",
        "owner": {
            "id": "5610110323",
            "is_verified": false,
            "profile_pic_url": "https://instagram.fbga1-4.fna.fbcdn.net/v/t51.2885-19/s150x150/35263180_190184441691062_1873502513047535616_n.jpg?_nc_ht=instagram.fbga1-4.fna.fbcdn.net&_nc_ohc=XovNWea3TY4AX8QKV2f&oh=e07318888c95f279d6abdf0fd0b9e747&oe=5F97825B",
            "username": "edimassard"
        },
        "likes_count": 1,
        "answers": []
    },
    {
        "id": 17847879907421009,
        "created_at": 1556469246,
        "text": "D",
        "owner": {
            "id": "1466878217",
            "is_verified": false,
            "profile_pic_url": "https://instagram.fbga1-4.fna.fbcdn.net/v/t51.2885-19/s150x150/109346886_587998075243341_1714887259895646318_n.jpg?_nc_ht=instagram.fbga1-4.fna.fbcdn.net&_nc_ohc=5q24fVeYnKsAX80G_bU&oh=47d1ccabb295a0fadab79dc7fd911fa3&oe=5F98679A",
            "username": "ortiz_p920"
        },
        "likes_count": 1,
        "answers": [
            {
                "id": 17957999092264153,
                "created_at": 1556469301,
                "text": "@ortiz_p920",
                "owner": {
                    "id": "1466878217",
                    "is_verified": false,
                    "profile_pic_url": "https://instagram.fbga1-4.fna.fbcdn.net/v/t51.2885-19/s150x150/109346886_587998075243341_1714887259895646318_n.jpg?_nc_ht=instagram.fbga1-4.fna.fbcdn.net&_nc_ohc=5q24fVeYnKsAX80G_bU&oh=47d1ccabb295a0fadab79dc7fd911fa3&oe=5F98679A",
                    "username": "ortiz_p920"
                },
                "likes_count": 0
            }
        ]
    },
    {
        "id": 18031477048191475,
        "created_at": 1556469244,
        "text": "O",
        "owner": {
            "id": "1466878217",
            "is_verified": false,
            "profile_pic_url": "https://instagram.fbga1-4.fna.fbcdn.net/v/t51.2885-19/s150x150/109346886_587998075243341_1714887259895646318_n.jpg?_nc_ht=instagram.fbga1-4.fna.fbcdn.net&_nc_ohc=5q24fVeYnKsAX80G_bU&oh=47d1ccabb295a0fadab79dc7fd911fa3&oe=5F98679A",
            "username": "ortiz_p920"
        },
        "likes_count": 1,
        "answers": []
    }
]