[
    {
        "id": 17981201452235430,
        "created_at": 1556040479,
        "text": "YA me\ud83d\udc4f dices",
        "owner": {
            "id": "12412050841",
            "is_verified": false,
            "profile_pic_url": "https://instagram.fbga1-4.fna.fbcdn.net/v/t51.2885-19/s150x150/119859254_333714478048097_7263237854022832049_n.jpg?_nc_ht=instagram.fbga1-4.fna.fbcdn.net&_nc_ohc=ZzTelNuIvOoAX-Lfpj4&oh=719b77e6c2246a23cecadd1d8e2c894b&oe=5F959DE7",
            "username": "ospina3962"
        },
        "likes_count": 0,
        "answers": []
    },
    {
        "id": 17857805008388348,
        "created_at": 1556040474,
        "text": "\ud83d\ude22",
        "owner": {
            "id": "12412050841",
            "is_verified": false,
            "profile_pic_url": "https://instagram.fbga1-4.fna.fbcdn.net/v/t51.2885-19/s150x150/119859254_333714478048097_7263237854022832049_n.jpg?_nc_ht=instagram.fbga1-4.fna.fbcdn.net&_nc_ohc=ZzTelNuIvOoAX-Lfpj4&oh=719b77e6c2246a23cecadd1d8e2c894b&oe=5F959DE7",
            "username": "ospina3962"
        },
        "likes_count": 0,
        "answers": []
    },
    {
        "id": 17859572188361842,
        "created_at": 1553364532,
        "text": "9",
        "owner": {
            "id": "5681329002",
            "is_verified": false,
            "profile_pic_url": "https://instagram.fbga1-4.fna.fbcdn.net/v/t51.2885-19/s150x150/29717942_1653585671389404_2500403953980669952_n.jpg?_nc_ht=instagram.fbga1-4.fna.fbcdn.net&_nc_ohc=XS1lM5uKRYEAX_n343L&oh=a7e02e8b1b906498d6389a868ff652cc&oe=5F94CC85",
            "username": "aleydaul.ul"
        },
        "likes_count": 0,
        "answers": []
    }
]