[
    {
        "id": 17842772740350080,
        "created_at": 1547659891,
        "text": "\ud83d\udc93",
        "owner": {
            "id": "2265534419",
            "is_verified": false,
            "profile_pic_url": "https://instagram.fbga1-4.fna.fbcdn.net/v/t51.2885-19/s150x150/47585920_393119127899606_1942138336705511424_n.jpg?_nc_ht=instagram.fbga1-4.fna.fbcdn.net&_nc_ohc=fYdbxyABaLgAX824gut&oh=154459826ce0b12be6251832b5a83b05&oe=5F960F60",
            "username": "dubyselenaavilagarcia"
        },
        "likes_count": 1,
        "answers": []
    },
    {
        "id": 17846656042341959,
        "created_at": 1547584440,
        "text": "@cyuranytoro Hola!! Nuestra pr\u00f3xima convocatoria de Modelo EPK es el pr\u00f3ximo semestre del a\u00f1o. Sigue atenta a nuestras redes. \u00a1Feliz d\u00eda!",
        "owner": {
            "id": "208034677",
            "is_verified": true,
            "profile_pic_url": "https://instagram.fbga1-4.fna.fbcdn.net/v/t51.2885-19/s150x150/116713279_329296981536344_3404171181868667674_n.jpg?_nc_ht=instagram.fbga1-4.fna.fbcdn.net&_nc_ohc=e_8u8kf3ZDMAX9GL6vk&oh=cb797d66d56f5631c9bff6ad98af462e&oe=5F97C031",
            "username": "epk"
        },
        "likes_count": 3,
        "answers": []
    },
    {
        "id": 17959245175215571,
        "created_at": 1547571364,
        "text": "Hola, para cuando es la convocatoria de modelo epk?",
        "owner": {
            "id": "7396310438",
            "is_verified": false,
            "profile_pic_url": "https://instagram.fbga1-4.fna.fbcdn.net/v/t51.2885-19/s150x150/40790011_482308622285466_6142033774239547392_n.jpg?_nc_ht=instagram.fbga1-4.fna.fbcdn.net&_nc_ohc=69NPfZ2GRkgAX9q_tyP&oh=df05eb501de3f2b37cb55ebb786bb3ba&oe=5F962BA3",
            "username": "cyuranytoro"
        },
        "likes_count": 2,
        "answers": []
    }
]