[
    {
        "id": 17876973682862847,
        "created_at": 1599798689,
        "text": "ola",
        "owner": {
            "id": "29560269583",
            "is_verified": false,
            "profile_pic_url": "https://instagram.fbga1-4.fna.fbcdn.net/v/t51.2885-19/s150x150/96530193_724192524992828_5561492206004469760_n.jpg?_nc_ht=instagram.fbga1-4.fna.fbcdn.net&_nc_ohc=FQBlgfESRWMAX_pfJ_h&oh=19176035b20cc30c0505d9ef127ff514&oe=5F97476A",
            "username": "mariaisagon86"
        },
        "likes_count": 0,
        "answers": []
    },
    {
        "id": 17882102020756910,
        "created_at": 1599798662,
        "text": "ola",
        "owner": {
            "id": "29560269583",
            "is_verified": false,
            "profile_pic_url": "https://instagram.fbga1-4.fna.fbcdn.net/v/t51.2885-19/s150x150/96530193_724192524992828_5561492206004469760_n.jpg?_nc_ht=instagram.fbga1-4.fna.fbcdn.net&_nc_ohc=FQBlgfESRWMAX_pfJ_h&oh=19176035b20cc30c0505d9ef127ff514&oe=5F97476A",
            "username": "mariaisagon86"
        },
        "likes_count": 0,
        "answers": []
    },
    {
        "id": 18112200922149099,
        "created_at": 1596764583,
        "text": "que precio",
        "owner": {
            "id": "37695907958",
            "is_verified": false,
            "profile_pic_url": "https://instagram.fbga1-4.fna.fbcdn.net/v/t51.2885-19/s150x150/103159994_2786781598099629_5747868603970248594_n.jpg?_nc_ht=instagram.fbga1-4.fna.fbcdn.net&_nc_ohc=S-OQV-Y81pMAX99yyPi&oh=5d4fdbade7134fee494aa16aa6d64469&oe=5F963A3E",
            "username": "vivianaherrera606"
        },
        "likes_count": 0,
        "answers": []
    },
    {
        "id": 17906407528481732,
        "created_at": 1596764570,
        "text": "talla  0 a 3 meses",
        "owner": {
            "id": "37695907958",
            "is_verified": false,
            "profile_pic_url": "https://instagram.fbga1-4.fna.fbcdn.net/v/t51.2885-19/s150x150/103159994_2786781598099629_5747868603970248594_n.jpg?_nc_ht=instagram.fbga1-4.fna.fbcdn.net&_nc_ohc=S-OQV-Y81pMAX99yyPi&oh=5d4fdbade7134fee494aa16aa6d64469&oe=5F963A3E",
            "username": "vivianaherrera606"
        },
        "likes_count": 0,
        "answers": []
    },
    {
        "id": 18068398219114897,
        "created_at": 1564663980,
        "text": "\ud83d\ude0d\ud83d\ude22\ud83d\ude22\ud83d\ude0d\ud83d\ude0d\ud83d\ude2e\ud83d\ude2e\ud83d\ude22cc\u00f1\ud83d\udc4f",
        "owner": {
            "id": "1456996771",
            "is_verified": false,
            "profile_pic_url": "https://instagram.fbga1-4.fna.fbcdn.net/v/t51.2885-19/s150x150/13183401_1057937177615686_801619914_a.jpg?_nc_ht=instagram.fbga1-4.fna.fbcdn.net&_nc_ohc=rhUyv14Qqu8AX_sn39T&oh=967061279d5af4c4201a546c8ca90440&oe=5F94FA0D",
            "username": "dbadrandiaz"
        },
        "likes_count": 1,
        "answers": []
    },
    {
        "id": 17874108793417974,
        "created_at": 1564441645,
        "text": "Precio??",
        "owner": {
            "id": "2328338177",
            "is_verified": false,
            "profile_pic_url": "https://instagram.fbga1-4.fna.fbcdn.net/v/t51.2885-19/s150x150/118766448_967561290413746_581856220782472190_n.jpg?_nc_ht=instagram.fbga1-4.fna.fbcdn.net&_nc_ohc=DsYnG8b4L-sAX9TIapA&oh=b475c31a70d69c29576505de9705184f&oe=5F969525",
            "username": "andre_donado"
        },
        "likes_count": 0,
        "answers": [
            {
                "id": 18091261873042598,
                "created_at": 1565290873,
                "text": "@andre_donado \u00a1Hola! \u00a1Te invitamos a visitarnos en www.epk.com y descubrir todas las prendas que tenemos para ti! \u2764\ufe0f",
                "owner": {
                    "id": "208034677",
                    "is_verified": true,
                    "profile_pic_url": "https://instagram.fbga1-4.fna.fbcdn.net/v/t51.2885-19/s150x150/116713279_329296981536344_3404171181868667674_n.jpg?_nc_ht=instagram.fbga1-4.fna.fbcdn.net&_nc_ohc=e_8u8kf3ZDMAX9GL6vk&oh=cb797d66d56f5631c9bff6ad98af462e&oe=5F97C031",
                    "username": "epk"
                },
                "likes_count": 2
            }
        ]
    },
    {
        "id": 17916169615318353,
        "created_at": 1564351367,
        "text": "Hola, he realizado varias compras de 3 prendas o m\u00e1s, pero nunca me han dicho qu\u00e9 hacer para pertenecer al club baby epk",
        "owner": {
            "id": "1509567983",
            "is_verified": false,
            "profile_pic_url": "https://instagram.fbga1-4.fna.fbcdn.net/v/t51.2885-19/s150x150/118075336_358822825116776_109065907637076232_n.jpg?_nc_ht=instagram.fbga1-4.fna.fbcdn.net&_nc_ohc=ui-LpddGWbgAX9VvSo7&oh=ceaf6d2a6bbc5bc5505fcec8f39825d4&oe=5F96A4D4",
            "username": "m_jose13"
        },
        "likes_count": 0,
        "answers": [
            {
                "id": 17845125154558370,
                "created_at": 1564404475,
                "text": "@m_jose13 Hola!\nPor favor env\u00edanos tus datos Completos a clubbabyepk@epk.com y con gusto validaremos tu estado en el club baby. Saludos! \u2764\ufe0f",
                "owner": {
                    "id": "208034677",
                    "is_verified": true,
                    "profile_pic_url": "https://instagram.fbga1-4.fna.fbcdn.net/v/t51.2885-19/s150x150/116713279_329296981536344_3404171181868667674_n.jpg?_nc_ht=instagram.fbga1-4.fna.fbcdn.net&_nc_ohc=e_8u8kf3ZDMAX9GL6vk&oh=cb797d66d56f5631c9bff6ad98af462e&oe=5F97C031",
                    "username": "epk"
                },
                "likes_count": 2
            }
        ]
    },
    {
        "id": 18059218702143792,
        "created_at": 1564337687,
        "text": "\u2764\ufe0f",
        "owner": {
            "id": "1695789847",
            "is_verified": false,
            "profile_pic_url": "https://instagram.fbga1-4.fna.fbcdn.net/v/t51.2885-19/s150x150/18812295_1329914170441017_7317702125725679616_a.jpg?_nc_ht=instagram.fbga1-4.fna.fbcdn.net&_nc_ohc=EOsRtOeYudEAX8I_Yk0&oh=3e548b478bd1c6892d126fb7f68b9a98&oe=5F97E630",
            "username": "liafossa"
        },
        "likes_count": 1,
        "answers": []
    },
    {
        "id": 17895458077361196,
        "created_at": 1564321820,
        "text": "\u2764\ufe0f",
        "owner": {
            "id": "11891411433",
            "is_verified": false,
            "profile_pic_url": "https://instagram.fbga1-4.fna.fbcdn.net/v/t51.2885-19/s150x150/97329899_901028490362737_1388980139919933440_n.jpg?_nc_ht=instagram.fbga1-4.fna.fbcdn.net&_nc_ohc=jgVTnZTDFTwAX-7YspK&oh=6ba71d9419a301eb96b03c2ad1df511a&oe=5F975882",
            "username": "isabellove2016"
        },
        "likes_count": 1,
        "answers": []
    },
    {
        "id": 18016714027216045,
        "created_at": 1564290296,
        "text": "@paorobledo.20 mira",
        "owner": {
            "id": "651582028",
            "is_verified": false,
            "profile_pic_url": "https://instagram.fbga1-4.fna.fbcdn.net/v/t51.2885-19/s150x150/104127810_608196393132440_6255413708426419774_n.jpg?_nc_ht=instagram.fbga1-4.fna.fbcdn.net&_nc_ohc=syxN_p1s7s0AX-Xfexy&oh=0adf3f0c555f53a88af74a7ca6911ff9&oe=5F95A60C",
            "username": "karinapasso"
        },
        "likes_count": 2,
        "answers": [
            {
                "id": 17851119286505677,
                "created_at": 1564348453,
                "text": "@karinapasso jajajajaja sii, ya la hab\u00eda visto en Facebook",
                "owner": {
                    "id": "1439881791",
                    "is_verified": false,
                    "profile_pic_url": "https://instagram.fbga1-4.fna.fbcdn.net/v/t51.2885-19/s150x150/15101594_415175102205232_1677478990182350848_a.jpg?_nc_ht=instagram.fbga1-4.fna.fbcdn.net&_nc_ohc=CqCdubvlKs4AX_y0rmU&oh=4e5aa39de4c57d0457e97b44357cf194&oe=5F97B858",
                    "username": "paorobledo.20"
                },
                "likes_count": 0
            }
        ]
    },
    {
        "id": 17854750477486260,
        "created_at": 1564289034,
        "text": "@yerlis_cuadrado",
        "owner": {
            "id": "1435125896",
            "is_verified": false,
            "profile_pic_url": "https://instagram.fbga1-4.fna.fbcdn.net/v/t51.2885-19/s150x150/56716432_689874494765107_3707759629283885056_n.jpg?_nc_ht=instagram.fbga1-4.fna.fbcdn.net&_nc_ohc=nk-k74JX9U8AX-5Wwyb&oh=8cee34e087445adee855f3625c60f7aa&oe=5F97FBDE",
            "username": "anyvikych"
        },
        "likes_count": 1,
        "answers": []
    },
    {
        "id": 18055823824181062,
        "created_at": 1564282680,
        "text": "@alejasolis16",
        "owner": {
            "id": "16034646754",
            "is_verified": false,
            "profile_pic_url": "https://instagram.fbga1-4.fna.fbcdn.net/v/t51.2885-19/s150x150/92215310_1514459795383237_3496860152181555200_n.jpg?_nc_ht=instagram.fbga1-4.fna.fbcdn.net&_nc_ohc=CO1PrcccdywAX9oGBDe&oh=bd0a95f7c1e3434fc9c686204fe12d4c&oe=5F987832",
            "username": "elmundodeluciaep"
        },
        "likes_count": 2,
        "answers": []
    },
    {
        "id": 18008647792233499,
        "created_at": 1564279203,
        "text": "Ternurita\ud83d\ude0d\ud83d\ude0d",
        "owner": {
            "id": "13628479729",
            "is_verified": false,
            "profile_pic_url": "https://instagram.fbga1-4.fna.fbcdn.net/v/t51.2885-19/s150x150/89065759_644327542802793_3988672785617518592_n.jpg?_nc_ht=instagram.fbga1-4.fna.fbcdn.net&_nc_ohc=1CPVaIf7mVYAX8zXrTY&oh=6e799e4bd0e466ca8602da86f625e3cd&oe=5F970DED",
            "username": "aydadiaz8"
        },
        "likes_count": 1,
        "answers": []
    }
]