[
    {
        "id": 17881621660352189,
        "created_at": 1557885450,
        "text": "Venezuela ya no tiene EPK :(",
        "owner": {
            "id": "5591209904",
            "is_verified": false,
            "profile_pic_url": "https://instagram.fbga1-4.fna.fbcdn.net/v/t51.2885-19/s150x150/19051994_209171499605372_8146027061710946304_a.jpg?_nc_ht=instagram.fbga1-4.fna.fbcdn.net&_nc_ohc=LrrpUshyX00AX-RF2OS&oh=c5d80b1d39cac2d9f7394fb766e0177c&oe=5F95F6E3",
            "username": "marihernayibe"
        },
        "likes_count": 0,
        "answers": []
    },
    {
        "id": 18031657387159610,
        "created_at": 1557623374,
        "text": "\u2764\ufe0f",
        "owner": {
            "id": "12185990627",
            "is_verified": false,
            "profile_pic_url": "https://instagram.ftuc1-1.fna.fbcdn.net/v/t51.2885-19/44884218_345707102882519_2446069589734326272_n.jpg?_nc_ht=instagram.ftuc1-1.fna.fbcdn.net&_nc_ohc=RLYRR3IenIMAX-L8Wew&oh=d1d4b878fbd6d83896a0daeca2f54619&oe=5F96310F&ig_cache_key=YW5vbnltb3VzX3Byb2ZpbGVfcGlj.2",
            "username": "naslyjackelinemorenoro"
        },
        "likes_count": 0,
        "answers": []
    }
]