[
    {
        "id": 18071025475082343,
        "created_at": 1569025216,
        "text": "En que tienda est\u00e1 disponible y hasta que talla",
        "owner": {
            "id": "2320254294",
            "is_verified": false,
            "profile_pic_url": "https://instagram.fbga1-4.fna.fbcdn.net/v/t51.2885-19/s150x150/67552940_472157603331524_6806429893119705088_n.jpg?_nc_ht=instagram.fbga1-4.fna.fbcdn.net&_nc_ohc=bDINPCUY3SMAX-DkC_k&oh=1943e2d1037270a693f28f5857debf50&oe=5F95087F",
            "username": "mateogomezrios832712"
        },
        "likes_count": 0,
        "answers": []
    },
    {
        "id": 18100296073049214,
        "created_at": 1568178121,
        "text": "Hola aun sigue disponible en talla 5",
        "owner": {
            "id": "4874206607",
            "is_verified": false,
            "profile_pic_url": "https://instagram.fbga1-4.fna.fbcdn.net/v/t51.2885-19/s150x150/82587853_543297619684332_2740591908113433899_n.jpg?_nc_ht=instagram.fbga1-4.fna.fbcdn.net&_nc_ohc=vypDntiDtv8AX_DVhr2&oh=a33317385e6e263d131ef3e2128b73ef&oe=5F951EB2",
            "username": "julianacamelolpz"
        },
        "likes_count": 0,
        "answers": []
    },
    {
        "id": 17850694516559855,
        "created_at": 1567729726,
        "text": "@epk deber\u00edan siempre estar estas modelos en la ropa son preciosas",
        "owner": {
            "id": "196211587",
            "is_verified": false,
            "profile_pic_url": "https://instagram.fbga1-4.fna.fbcdn.net/v/t51.2885-19/s150x150/42800716_722747711436968_8965873109483651072_n.jpg?_nc_ht=instagram.fbga1-4.fna.fbcdn.net&_nc_ohc=9B6P9BXjAlcAX-Klp_Q&oh=480a415ad7aa8369017814ee5e534106&oe=5F96FF1F",
            "username": "majo3palacios"
        },
        "likes_count": 0,
        "answers": []
    },
    {
        "id": 17861367007487795,
        "created_at": 1567460256,
        "text": "Precio m",
        "owner": {
            "id": "6918143494",
            "is_verified": false,
            "profile_pic_url": "https://instagram.fbga1-4.fna.fbcdn.net/v/t51.2885-19/s150x150/26070543_2027079304202698_9112148919512465408_n.jpg?_nc_ht=instagram.fbga1-4.fna.fbcdn.net&_nc_ohc=rkdCG4KfiyoAX-bmq9R&oh=4f96ddd6d79f238d28aa08d9f1ae5063&oe=5F959858",
            "username": "jenni.duque.39"
        },
        "likes_count": 0,
        "answers": []
    },
    {
        "id": 17846913031580544,
        "created_at": 1567089473,
        "text": "Hola, estoy interesada en el vestido manga larga pero a las tiendas donde he ido no lo tienen, y el la p\u00e1gina no est\u00e1 porfa ay\u00fadame en que tienda lo compro???",
        "owner": {
            "id": "10864551690",
            "is_verified": false,
            "profile_pic_url": "https://instagram.fbga1-4.fna.fbcdn.net/v/t51.2885-19/s150x150/119945491_1272337733126104_5607874897188105736_n.jpg?_nc_ht=instagram.fbga1-4.fna.fbcdn.net&_nc_ohc=Pis7Yo7LMYwAX-Q_Fhg&oh=31853610bb8f18013e44bfe008c46834&oe=5F97BC7F",
            "username": "rociomoravendano"
        },
        "likes_count": 0,
        "answers": []
    },
    {
        "id": 18071620633129439,
        "created_at": 1565140463,
        "text": "Precio del manga larga",
        "owner": {
            "id": "2521201198",
            "is_verified": false,
            "profile_pic_url": "https://instagram.fbga1-4.fna.fbcdn.net/v/t51.2885-19/s150x150/22580674_132231767351818_6005552757388345344_n.jpg?_nc_ht=instagram.fbga1-4.fna.fbcdn.net&_nc_ohc=2zHkNVWh61UAX_FPp7H&oh=a30db387d7fc8d055acc7d1bc2d0a137&oe=5F965770",
            "username": "blancalucymartinezmunoz"
        },
        "likes_count": 0,
        "answers": [
            {
                "id": 17986941577267873,
                "created_at": 1565280810,
                "text": "@blancalucymartinezmunoz \u00a1Hola! \u00a1Te invitamos a visitarnos en www.epk.com y descubrir todas las prendas que tenemos para ti! \u2764\ufe0f",
                "owner": {
                    "id": "208034677",
                    "is_verified": true,
                    "profile_pic_url": "https://instagram.fbga1-4.fna.fbcdn.net/v/t51.2885-19/s150x150/116713279_329296981536344_3404171181868667674_n.jpg?_nc_ht=instagram.fbga1-4.fna.fbcdn.net&_nc_ohc=e_8u8kf3ZDMAX9GL6vk&oh=cb797d66d56f5631c9bff6ad98af462e&oe=5F97C031",
                    "username": "epk"
                },
                "likes_count": 1
            }
        ]
    },
    {
        "id": 17864491024454319,
        "created_at": 1565114827,
        "text": "Q valor tienen por favor",
        "owner": {
            "id": "3418161655",
            "is_verified": false,
            "profile_pic_url": "https://instagram.fbga1-4.fna.fbcdn.net/v/t51.2885-19/s150x150/109722977_317226749406796_3020963075112005344_n.jpg?_nc_ht=instagram.fbga1-4.fna.fbcdn.net&_nc_ohc=wwYfpGbVfi8AX8K4tgi&oh=58df66718bbbf8c38689fd05ee22d3b2&oe=5F95CA33",
            "username": "sujecb.25"
        },
        "likes_count": 1,
        "answers": [
            {
                "id": 17875101091422678,
                "created_at": 1565280816,
                "text": "@sujecb.25 \u00a1Hola! \u00a1Te invitamos a visitarnos en www.epk.com y descubrir todas las prendas que tenemos para ti! \u2764\ufe0f",
                "owner": {
                    "id": "208034677",
                    "is_verified": true,
                    "profile_pic_url": "https://instagram.fbga1-4.fna.fbcdn.net/v/t51.2885-19/s150x150/116713279_329296981536344_3404171181868667674_n.jpg?_nc_ht=instagram.fbga1-4.fna.fbcdn.net&_nc_ohc=e_8u8kf3ZDMAX9GL6vk&oh=cb797d66d56f5631c9bff6ad98af462e&oe=5F97C031",
                    "username": "epk"
                },
                "likes_count": 1
            }
        ]
    },
    {
        "id": 18057703576179591,
        "created_at": 1565103262,
        "text": "\u2764\ufe0f\u2764\ufe0f\u2764\ufe0f",
        "owner": {
            "id": "11891411433",
            "is_verified": false,
            "profile_pic_url": "https://instagram.fbga1-4.fna.fbcdn.net/v/t51.2885-19/s150x150/97329899_901028490362737_1388980139919933440_n.jpg?_nc_ht=instagram.fbga1-4.fna.fbcdn.net&_nc_ohc=jgVTnZTDFTwAX-7YspK&oh=6ba71d9419a301eb96b03c2ad1df511a&oe=5F975882",
            "username": "isabellove2016"
        },
        "likes_count": 0,
        "answers": []
    },
    {
        "id": 18011865553227122,
        "created_at": 1565101392,
        "text": "Preciosas esas modelos",
        "owner": {
            "id": "196211587",
            "is_verified": false,
            "profile_pic_url": "https://instagram.fbga1-4.fna.fbcdn.net/v/t51.2885-19/s150x150/42800716_722747711436968_8965873109483651072_n.jpg?_nc_ht=instagram.fbga1-4.fna.fbcdn.net&_nc_ohc=9B6P9BXjAlcAX-Klp_Q&oh=480a415ad7aa8369017814ee5e534106&oe=5F96FF1F",
            "username": "majo3palacios"
        },
        "likes_count": 1,
        "answers": []
    },
    {
        "id": 17992478056260079,
        "created_at": 1565094862,
        "text": "Preciosas \ud83d\ude0d\u2764\ufe0f",
        "owner": {
            "id": "3101121184",
            "is_verified": false,
            "profile_pic_url": "https://instagram.fbga1-4.fna.fbcdn.net/v/t51.2885-19/s150x150/12912552_1758800354340025_452857717_a.jpg?_nc_ht=instagram.fbga1-4.fna.fbcdn.net&_nc_ohc=7oSbcvIn_MoAX8zHOvg&oh=4148b1ffc668ea3038fd5fa9c0f68d02&oe=5F9742B5",
            "username": "josefinadgs"
        },
        "likes_count": 1,
        "answers": []
    },
    {
        "id": 18071337733103120,
        "created_at": 1565058832,
        "text": "beeeeeeeeeeeeellas\ud83d\ude0d\u2764\ufe0f\u2764\ufe0f\u2764\ufe0f\ud83d\ude0d\u2764\ufe0f\ud83d\ude0d",
        "owner": {
            "id": "4357557343",
            "is_verified": false,
            "profile_pic_url": "https://instagram.fbga1-4.fna.fbcdn.net/v/t51.2885-19/s150x150/15802980_170213093458896_2096645464442011648_a.jpg?_nc_ht=instagram.fbga1-4.fna.fbcdn.net&_nc_ohc=8lE8zMDRz9kAX_FMDjt&oh=e2a53b258f535ac5c1bf19fb6e927923&oe=5F96A6F1",
            "username": "jenny_corcino"
        },
        "likes_count": 1,
        "answers": []
    },
    {
        "id": 17872633531429200,
        "created_at": 1565033915,
        "text": "DIVINASSSSS",
        "owner": {
            "id": "1675354427",
            "is_verified": false,
            "profile_pic_url": "https://instagram.fbga1-4.fna.fbcdn.net/v/t51.2885-19/s150x150/46354129_2348270671909974_1805308212027588608_n.jpg?_nc_ht=instagram.fbga1-4.fna.fbcdn.net&_nc_ohc=Y_JfIpJScJ8AX-zEksx&oh=3f00c00c20611adcd6dd3a843a6523ac&oe=5F96FECF",
            "username": "marianaosaa"
        },
        "likes_count": 2,
        "answers": []
    },
    {
        "id": 17856960514480959,
        "created_at": 1565002110,
        "text": "@k_rolina_79",
        "owner": {
            "id": "2890814974",
            "is_verified": false,
            "profile_pic_url": "https://instagram.fbga1-4.fna.fbcdn.net/v/t51.2885-19/s150x150/67832376_884511885238939_961761976369807360_n.jpg?_nc_ht=instagram.fbga1-4.fna.fbcdn.net&_nc_ohc=vcwp0eHT5CkAX9J9cJz&oh=0a53c4b8d33b19dee1d61e79226481d2&oe=5F984E18",
            "username": "vanessaecheverryescobar"
        },
        "likes_count": 1,
        "answers": []
    },
    {
        "id": 17895340900367576,
        "created_at": 1564975980,
        "text": "Precio",
        "owner": {
            "id": "691248587",
            "is_verified": false,
            "profile_pic_url": "https://instagram.fbga1-4.fna.fbcdn.net/v/t51.2885-19/s150x150/15034736_1625964051030237_6482104366999273472_a.jpg?_nc_ht=instagram.fbga1-4.fna.fbcdn.net&_nc_ohc=xUBCKwe4WFsAX8O7G2U&oh=9f9701d94e339a4b452f40f742d0a884&oe=5F95BD6A",
            "username": "alejandrafrancoherrrera"
        },
        "likes_count": 1,
        "answers": [
            {
                "id": 18069427402112161,
                "created_at": 1565015311,
                "text": "@alejandrafrancoherrrera \u00a1Hola! \u00a1Te invitamos a visitarnos en www.epk.com y descubrir todas las prendas que tenemos para ti! \u2764\ufe0f",
                "owner": {
                    "id": "208034677",
                    "is_verified": true,
                    "profile_pic_url": "https://instagram.fbga1-4.fna.fbcdn.net/v/t51.2885-19/s150x150/116713279_329296981536344_3404171181868667674_n.jpg?_nc_ht=instagram.fbga1-4.fna.fbcdn.net&_nc_ohc=e_8u8kf3ZDMAX9GL6vk&oh=cb797d66d56f5631c9bff6ad98af462e&oe=5F97C031",
                    "username": "epk"
                },
                "likes_count": 0
            }
        ]
    },
    {
        "id": 18053384362152882,
        "created_at": 1564969011,
        "text": "Cu\u00e1nto cuesta?",
        "owner": {
            "id": "2286496796",
            "is_verified": false,
            "profile_pic_url": "https://instagram.fbga1-4.fna.fbcdn.net/v/t51.2885-19/s150x150/38096873_1766138843499306_280274013660381184_n.jpg?_nc_ht=instagram.fbga1-4.fna.fbcdn.net&_nc_ohc=GE9cOuWmY6IAX9V0xbG&oh=9c57c9bf5974c3221ab8eb1183a3f75a&oe=5F957953",
            "username": "paulasilvana98"
        },
        "likes_count": 1,
        "answers": [
            {
                "id": 18025295935207114,
                "created_at": 1565051879,
                "text": "@epk no aparece en la p\u00e1gina web",
                "owner": {
                    "id": "2308273981",
                    "is_verified": false,
                    "profile_pic_url": "https://instagram.fbga1-4.fna.fbcdn.net/v/t51.2885-19/s150x150/83862861_602827596941778_3238640421923979264_n.jpg?_nc_ht=instagram.fbga1-4.fna.fbcdn.net&_nc_ohc=N1_QBiSo4D4AX8gJo3c&oh=2d96eb3aa5f774b860215e9034e36758&oe=5F96FD5B",
                    "username": "tatsalamanca"
                },
                "likes_count": 0
            },
            {
                "id": 17921121589311530,
                "created_at": 1565015304,
                "text": "@paulasilvana98 \u00a1Hola! \u00a1Te invitamos a visitarnos en www.epk.com y descubrir todas las prendas que tenemos para ti! \u2764\ufe0f",
                "owner": {
                    "id": "208034677",
                    "is_verified": true,
                    "profile_pic_url": "https://instagram.fbga1-4.fna.fbcdn.net/v/t51.2885-19/s150x150/116713279_329296981536344_3404171181868667674_n.jpg?_nc_ht=instagram.fbga1-4.fna.fbcdn.net&_nc_ohc=e_8u8kf3ZDMAX9GL6vk&oh=cb797d66d56f5631c9bff6ad98af462e&oe=5F97C031",
                    "username": "epk"
                },
                "likes_count": 0
            }
        ]
    },
    {
        "id": 18060717037139900,
        "created_at": 1564966220,
        "text": "Tambi\u00e9n hay para bebe?",
        "owner": {
            "id": "3312791716",
            "is_verified": false,
            "profile_pic_url": "https://instagram.fbga1-4.fna.fbcdn.net/v/t51.2885-19/s150x150/72247490_446857846032221_5670457476219142144_n.jpg?_nc_ht=instagram.fbga1-4.fna.fbcdn.net&_nc_ohc=NcYaBmNBzi0AX8mTvRm&oh=f51aa80f57778fcbc3dde1090e030864&oe=5F987E50",
            "username": "yulymadethomas"
        },
        "likes_count": 0,
        "answers": [
            {
                "id": 18011804113230091,
                "created_at": 1565015322,
                "text": "@yuly.thomas712 \u00a1Hola, yuly! \u00a1Te invitamos a visitarnos en www.epk.com y descubrir todas las prendas que tenemos para ti! \u2764\ufe0f",
                "owner": {
                    "id": "208034677",
                    "is_verified": true,
                    "profile_pic_url": "https://instagram.fbga1-4.fna.fbcdn.net/v/t51.2885-19/s150x150/116713279_329296981536344_3404171181868667674_n.jpg?_nc_ht=instagram.fbga1-4.fna.fbcdn.net&_nc_ohc=e_8u8kf3ZDMAX9GL6vk&oh=cb797d66d56f5631c9bff6ad98af462e&oe=5F97C031",
                    "username": "epk"
                },
                "likes_count": 0
            }
        ]
    },
    {
        "id": 17843894515565551,
        "created_at": 1564966083,
        "text": "Hola, en qu\u00e9 tienda consigo el rojo enterizo por favor",
        "owner": {
            "id": "10864551690",
            "is_verified": false,
            "profile_pic_url": "https://instagram.fbga1-4.fna.fbcdn.net/v/t51.2885-19/s150x150/119945491_1272337733126104_5607874897188105736_n.jpg?_nc_ht=instagram.fbga1-4.fna.fbcdn.net&_nc_ohc=Pis7Yo7LMYwAX-Q_Fhg&oh=31853610bb8f18013e44bfe008c46834&oe=5F97BC7F",
            "username": "rociomoravendano"
        },
        "likes_count": 0,
        "answers": [
            {
                "id": 18055794439149093,
                "created_at": 1565015830,
                "text": "@epk en Bogot\u00e1",
                "owner": {
                    "id": "10864551690",
                    "is_verified": false,
                    "profile_pic_url": "https://instagram.fbga1-4.fna.fbcdn.net/v/t51.2885-19/s150x150/119945491_1272337733126104_5607874897188105736_n.jpg?_nc_ht=instagram.fbga1-4.fna.fbcdn.net&_nc_ohc=Pis7Yo7LMYwAX-Q_Fhg&oh=31853610bb8f18013e44bfe008c46834&oe=5F97BC7F",
                    "username": "rociomoravendano"
                },
                "likes_count": 0
            },
            {
                "id": 17917368955321694,
                "created_at": 1565015545,
                "text": "@rociomoravendano Hola Rocio, En que ciudad te encuentras? para ampliar esta informaci\u00f3n por favor env\u00edanos tus datos a info@epk.com y con gusto te ayudaremos!",
                "owner": {
                    "id": "208034677",
                    "is_verified": true,
                    "profile_pic_url": "https://instagram.fbga1-4.fna.fbcdn.net/v/t51.2885-19/s150x150/116713279_329296981536344_3404171181868667674_n.jpg?_nc_ht=instagram.fbga1-4.fna.fbcdn.net&_nc_ohc=e_8u8kf3ZDMAX9GL6vk&oh=cb797d66d56f5631c9bff6ad98af462e&oe=5F97C031",
                    "username": "epk"
                },
                "likes_count": 2
            }
        ]
    },
    {
        "id": 18057995311184410,
        "created_at": 1564962428,
        "text": "Estos tambi\u00e9n est\u00e1n en 29.900?",
        "owner": {
            "id": "1521258622",
            "is_verified": false,
            "profile_pic_url": "https://instagram.fbga1-4.fna.fbcdn.net/v/t51.2885-19/s150x150/119566772_535897787209851_2188290320625321540_n.jpg?_nc_ht=instagram.fbga1-4.fna.fbcdn.net&_nc_ohc=CTJXobyYuYQAX8N4-Bx&oh=bf2416a4bdb6caffb2f32ec926052cca&oe=5F95C66A",
            "username": "paholasalazarmer"
        },
        "likes_count": 0,
        "answers": [
            {
                "id": 18009629920242417,
                "created_at": 1565015595,
                "text": "@paholasalazarmer As\u00ed es! Hasta el d\u00eda de hoy! Te esperamos!",
                "owner": {
                    "id": "208034677",
                    "is_verified": true,
                    "profile_pic_url": "https://instagram.fbga1-4.fna.fbcdn.net/v/t51.2885-19/s150x150/116713279_329296981536344_3404171181868667674_n.jpg?_nc_ht=instagram.fbga1-4.fna.fbcdn.net&_nc_ohc=e_8u8kf3ZDMAX9GL6vk&oh=cb797d66d56f5631c9bff6ad98af462e&oe=5F97C031",
                    "username": "epk"
                },
                "likes_count": 0
            }
        ]
    },
    {
        "id": 17910236599327953,
        "created_at": 1564961138,
        "text": "\ud83d\ude0d\ud83d\ude0d\ud83d\ude0d",
        "owner": {
            "id": "388986953",
            "is_verified": false,
            "profile_pic_url": "https://instagram.fbga1-4.fna.fbcdn.net/v/t51.2885-19/s150x150/64645624_626990394467845_424322256080994304_n.jpg?_nc_ht=instagram.fbga1-4.fna.fbcdn.net&_nc_ohc=9JC7Eg3Ne98AX9Jj0Ub&oh=016be84cb97b27290a4da2c336c30dbe&oe=5F97C5ED",
            "username": "monicabischoff"
        },
        "likes_count": 2,
        "answers": []
    },
    {
        "id": 18088883641043680,
        "created_at": 1564961006,
        "text": "tienen para ni\u00f1o?",
        "owner": {
            "id": "939194482",
            "is_verified": false,
            "profile_pic_url": "https://instagram.fbga1-4.fna.fbcdn.net/v/t51.2885-19/s150x150/118333915_958297354645560_29236798818505498_n.jpg?_nc_ht=instagram.fbga1-4.fna.fbcdn.net&_nc_ohc=elIkYbzx2asAX8hha39&oh=fce1db061dc5f4de1c37a79993a9127b&oe=5F95981B",
            "username": "pbohorquezg"
        },
        "likes_count": 0,
        "answers": [
            {
                "id": 17864377927454942,
                "created_at": 1565015616,
                "text": "@pbohorquezg \u00a1Hola! \u00a1Te invitamos a visitarnos en www.epk.com y descubrir todas las prendas que tenemos para ti! \u2764\ufe0f",
                "owner": {
                    "id": "208034677",
                    "is_verified": true,
                    "profile_pic_url": "https://instagram.fbga1-4.fna.fbcdn.net/v/t51.2885-19/s150x150/116713279_329296981536344_3404171181868667674_n.jpg?_nc_ht=instagram.fbga1-4.fna.fbcdn.net&_nc_ohc=e_8u8kf3ZDMAX9GL6vk&oh=cb797d66d56f5631c9bff6ad98af462e&oe=5F97C031",
                    "username": "epk"
                },
                "likes_count": 0
            }
        ]
    },
    {
        "id": 17869206598441197,
        "created_at": 1564960762,
        "text": "Hay tiendas en Peru.",
        "owner": {
            "id": "1956460131",
            "is_verified": false,
            "profile_pic_url": "https://instagram.fbga1-4.fna.fbcdn.net/v/t51.2885-19/s150x150/45443251_353560955191779_9119969191670054912_n.jpg?_nc_ht=instagram.fbga1-4.fna.fbcdn.net&_nc_ohc=E5qW1jeNyjUAX90olGF&oh=979b74f529ba92fa7b42e17a15755717&oe=5F9635CF",
            "username": "vanessalissethalcalde"
        },
        "likes_count": 2,
        "answers": [
            {
                "id": 18021125641215291,
                "created_at": 1565015635,
                "text": "@vanessalissethalcalde Hola, tu tienda m\u00e1s cercana se encuentra en Ipiales! Te esperamos!",
                "owner": {
                    "id": "208034677",
                    "is_verified": true,
                    "profile_pic_url": "https://instagram.fbga1-4.fna.fbcdn.net/v/t51.2885-19/s150x150/116713279_329296981536344_3404171181868667674_n.jpg?_nc_ht=instagram.fbga1-4.fna.fbcdn.net&_nc_ohc=e_8u8kf3ZDMAX9GL6vk&oh=cb797d66d56f5631c9bff6ad98af462e&oe=5F97C031",
                    "username": "epk"
                },
                "likes_count": 0
            }
        ]
    },
    {
        "id": 17852305465511525,
        "created_at": 1564960395,
        "text": "Hermosas \ud83d\udc4f\ud83c\udffb\ud83d\udc4f\ud83c\udffb\ud83d\udc4f\ud83c\udffb\ud83d\udc4f\ud83c\udffb",
        "owner": {
            "id": "196211587",
            "is_verified": false,
            "profile_pic_url": "https://instagram.fbga1-4.fna.fbcdn.net/v/t51.2885-19/s150x150/42800716_722747711436968_8965873109483651072_n.jpg?_nc_ht=instagram.fbga1-4.fna.fbcdn.net&_nc_ohc=9B6P9BXjAlcAX-Klp_Q&oh=480a415ad7aa8369017814ee5e534106&oe=5F96FF1F",
            "username": "majo3palacios"
        },
        "likes_count": 1,
        "answers": []
    }
]