[
    {
        "id": 18067071940212454,
        "created_at": 1591644108,
        "text": "Buenas tardes que vale en talla 6?",
        "owner": {
            "id": "7946720522",
            "is_verified": false,
            "profile_pic_url": "https://instagram.fbga1-4.fna.fbcdn.net/v/t51.2885-19/s150x150/66692999_364854301076060_2210596732125839360_n.jpg?_nc_ht=instagram.fbga1-4.fna.fbcdn.net&_nc_ohc=e_6Ty6uGCPUAX-Ohny6&oh=a4b7e7eb6f8305aefb69377eb6726001&oe=5F9697A1",
            "username": "natalia.jimenez1946"
        },
        "likes_count": 0,
        "answers": []
    },
    {
        "id": 17854429552608059,
        "created_at": 1571676813,
        "text": "Hola me interesa",
        "owner": {
            "id": "890281308",
            "is_verified": false,
            "profile_pic_url": "https://instagram.fbga1-4.fna.fbcdn.net/v/t51.2885-19/s150x150/107388338_2587232321489728_624878049433016370_n.jpg?_nc_ht=instagram.fbga1-4.fna.fbcdn.net&_nc_ohc=YcfC8hNrm6EAX-hvVhW&oh=1de72dfbe3cddc46cfe1403c869bf709&oe=5F97BA4A",
            "username": "tati_101219"
        },
        "likes_count": 0,
        "answers": []
    },
    {
        "id": 18049686463051489,
        "created_at": 1553543419,
        "text": "Hola buenas tardes quisiera adquirir este vestido",
        "owner": {
            "id": "626969471",
            "is_verified": false,
            "profile_pic_url": "https://instagram.fbga1-4.fna.fbcdn.net/v/t51.2885-19/s150x150/119953827_348817586264495_5621305864024083153_n.jpg?_nc_ht=instagram.fbga1-4.fna.fbcdn.net&_nc_ohc=n0eX6t_3uYkAX8lJgZH&oh=84860ae783fc44c095b177a802a7854a&oe=5F95DA50",
            "username": "ivandaclau"
        },
        "likes_count": 0,
        "answers": []
    },
    {
        "id": 17859574180356723,
        "created_at": 1552430036,
        "text": "@ingridgonzalezgarcia Te invitamos a visitarnos en www.epk.com ! \ud83d\udc9c",
        "owner": {
            "id": "208034677",
            "is_verified": true,
            "profile_pic_url": "https://instagram.fbga1-4.fna.fbcdn.net/v/t51.2885-19/s150x150/116713279_329296981536344_3404171181868667674_n.jpg?_nc_ht=instagram.fbga1-4.fna.fbcdn.net&_nc_ohc=e_8u8kf3ZDMAX9GL6vk&oh=cb797d66d56f5631c9bff6ad98af462e&oe=5F97C031",
            "username": "epk"
        },
        "likes_count": 0,
        "answers": []
    },
    {
        "id": 17934730330272250,
        "created_at": 1552430008,
        "text": "Hola @matilde_daza Nuestras tallas llegan hasta 12 A\u00f1os. Saludos! \ud83d\udc9c",
        "owner": {
            "id": "208034677",
            "is_verified": true,
            "profile_pic_url": "https://instagram.fbga1-4.fna.fbcdn.net/v/t51.2885-19/s150x150/116713279_329296981536344_3404171181868667674_n.jpg?_nc_ht=instagram.fbga1-4.fna.fbcdn.net&_nc_ohc=e_8u8kf3ZDMAX9GL6vk&oh=cb797d66d56f5631c9bff6ad98af462e&oe=5F97C031",
            "username": "epk"
        },
        "likes_count": 0,
        "answers": []
    },
    {
        "id": 18020274631121069,
        "created_at": 1551500080,
        "text": "Qu\u00e9 pas\u00f3 con la epk de venezuela",
        "owner": {
            "id": "11301521408",
            "is_verified": false,
            "profile_pic_url": "https://instagram.fbga1-4.fna.fbcdn.net/v/t51.2885-19/s150x150/70402792_993663770968974_8106489808987095040_n.jpg?_nc_ht=instagram.fbga1-4.fna.fbcdn.net&_nc_ohc=DzQoKzlNmdkAX94-Anl&oh=d118dcf318291fbd21dbb113b7bbae86&oe=5F94F9F6",
            "username": "juandacarrillo14"
        },
        "likes_count": 0,
        "answers": []
    },
    {
        "id": 17850693514365047,
        "created_at": 1551453093,
        "text": "Precio del vestido",
        "owner": {
            "id": "2045761786",
            "is_verified": false,
            "profile_pic_url": "https://instagram.fbga1-4.fna.fbcdn.net/v/t51.2885-19/s150x150/117647686_3260551727354994_4455068699541612293_n.jpg?_nc_ht=instagram.fbga1-4.fna.fbcdn.net&_nc_ohc=AfauJjxVT0cAX9Ma4vI&oh=7ee38d1f708792ef4ef8c9f6d0dab6d7&oe=5F966B5A",
            "username": "ingridgonzalezgarcia"
        },
        "likes_count": 0,
        "answers": []
    },
    {
        "id": 17871895366320120,
        "created_at": 1551405407,
        "text": "Buenas noches hasta que talla tienen por qu\u00e9 mi hija tiene 9 a\u00f1os pero usa talla 14",
        "owner": {
            "id": "1489380687",
            "is_verified": false,
            "profile_pic_url": "https://instagram.fbga1-4.fna.fbcdn.net/v/t51.2885-19/s150x150/15043608_340365732998335_9074396784045850624_a.jpg?_nc_ht=instagram.fbga1-4.fna.fbcdn.net&_nc_ohc=kToVXjDBNNYAX8WUNTC&oh=ac3e44911b79e149c652a1c15e587462&oe=5F9648A4",
            "username": "matilde_daza"
        },
        "likes_count": 2,
        "answers": []
    }
]