[
    {
        "id": 17917849129280636,
        "created_at": 1550758368,
        "text": "\ud83d\udc96",
        "owner": {
            "id": "290063942",
            "is_verified": false,
            "profile_pic_url": "https://instagram.fbga1-4.fna.fbcdn.net/v/t51.2885-19/s150x150/12677580_1013500382022137_216583351_a.jpg?_nc_ht=instagram.fbga1-4.fna.fbcdn.net&_nc_ohc=uEJfIuvP3yoAX9rYtHY&oh=ffb22fa49734d56687d768e526ed398b&oe=5F97E3FD",
            "username": "piliamaris"
        },
        "likes_count": 0,
        "answers": []
    },
    {
        "id": 18025384399006362,
        "created_at": 1547772735,
        "text": "As\u00ed es!!\ud83d\udc4c",
        "owner": {
            "id": "9230156221",
            "is_verified": false,
            "profile_pic_url": "https://instagram.fbga1-4.fna.fbcdn.net/v/t51.2885-19/s150x150/43628358_602978253492949_5784738580211433472_n.jpg?_nc_ht=instagram.fbga1-4.fna.fbcdn.net&_nc_ohc=qrdEKehQ02MAX_iLE3T&oh=5e248a6c9a5391451920705e150a6cde&oe=5F96FE03",
            "username": "emi.help"
        },
        "likes_count": 2,
        "answers": [
            {
                "id": 17926196308264741,
                "created_at": 1548166545,
                "text": "@emi.help \u2764\ufe0f\u2764\ufe0f",
                "owner": {
                    "id": "208034677",
                    "is_verified": true,
                    "profile_pic_url": "https://instagram.fbga1-4.fna.fbcdn.net/v/t51.2885-19/s150x150/116713279_329296981536344_3404171181868667674_n.jpg?_nc_ht=instagram.fbga1-4.fna.fbcdn.net&_nc_ohc=e_8u8kf3ZDMAX9GL6vk&oh=cb797d66d56f5631c9bff6ad98af462e&oe=5F97C031",
                    "username": "epk"
                },
                "likes_count": 0
            }
        ]
    }
]