[
    {
        "id": 18078690514179950,
        "created_at": 1575158050,
        "text": "Hermoso el dise\u00f1o de la espalda",
        "owner": {
            "id": "1600033864",
            "is_verified": false,
            "profile_pic_url": "https://instagram.fbga1-4.fna.fbcdn.net/v/t51.2885-19/s150x150/119043414_366362271060509_1953365726126416207_n.jpg?_nc_ht=instagram.fbga1-4.fna.fbcdn.net&_nc_ohc=gm0QH_lcQfgAX-9S6BL&oh=be41a018bd42e8113df176bb53bf3d62&oe=5F980BF0",
            "username": "zafirasolano06"
        },
        "likes_count": 0,
        "answers": []
    },
    {
        "id": 18055234654032664,
        "created_at": 1554409978,
        "text": "5\u00fdpm\u00f1",
        "owner": {
            "id": "3980976483",
            "is_verified": false,
            "profile_pic_url": "https://instagram.fbga1-4.fna.fbcdn.net/v/t51.2885-19/s150x150/75231159_2139915056313350_6207011952208642048_n.jpg?_nc_ht=instagram.fbga1-4.fna.fbcdn.net&_nc_ohc=AV87O-jM084AX8It-ev&oh=265db407e0982484da1bb069f8aa0469&oe=5F96F7BF",
            "username": "yisneii__brianna_marykay"
        },
        "likes_count": 0,
        "answers": []
    },
    {
        "id": 17958042145251651,
        "created_at": 1554409916,
        "text": "\ud83d\ude02",
        "owner": {
            "id": "3980976483",
            "is_verified": false,
            "profile_pic_url": "https://instagram.fbga1-4.fna.fbcdn.net/v/t51.2885-19/s150x150/75231159_2139915056313350_6207011952208642048_n.jpg?_nc_ht=instagram.fbga1-4.fna.fbcdn.net&_nc_ohc=AV87O-jM084AX8It-ev&oh=265db407e0982484da1bb069f8aa0469&oe=5F96F7BF",
            "username": "yisneii__brianna_marykay"
        },
        "likes_count": 0,
        "answers": []
    },
    {
        "id": 18030686365101101,
        "created_at": 1553092308,
        "text": "Por fin estampados diferentes",
        "owner": {
            "id": "262073554",
            "is_verified": false,
            "profile_pic_url": "https://instagram.fbga1-4.fna.fbcdn.net/v/t51.2885-19/s150x150/103798686_337916030508674_5673519468302857265_n.jpg?_nc_ht=instagram.fbga1-4.fna.fbcdn.net&_nc_ohc=zqeRhDGJelUAX_yao4W&oh=a6819f1a0dbd3d28212ed614d0587256&oe=5F98034B",
            "username": "alejitaarod"
        },
        "likes_count": 1,
        "answers": []
    },
    {
        "id": 17983680385204749,
        "created_at": 1552771341,
        "text": "Que hermosos",
        "owner": {
            "id": "2177644497",
            "is_verified": false,
            "profile_pic_url": "https://instagram.fbga1-4.fna.fbcdn.net/v/t51.2885-19/s150x150/118556700_859558111242838_4762116691407535271_n.jpg?_nc_ht=instagram.fbga1-4.fna.fbcdn.net&_nc_ohc=nw2jCgGFBFEAX98wZWm&oh=86b42f81b8c38fa7ca4f238110763e4f&oe=5F961691",
            "username": "ivanna_flaka"
        },
        "likes_count": 1,
        "answers": []
    },
    {
        "id": 17875804855316873,
        "created_at": 1552738625,
        "text": "Me encanta \ud83e\udd17",
        "owner": {
            "id": "2123695702",
            "is_verified": false,
            "profile_pic_url": "https://instagram.fbga1-4.fna.fbcdn.net/v/t51.2885-19/s150x150/117312218_304402414209130_3233249426284998635_n.jpg?_nc_ht=instagram.fbga1-4.fna.fbcdn.net&_nc_ohc=mSX4JovSErQAX9kKRD5&oh=b217cd1657a69470100f0f07c628f5ff&oe=5F954803",
            "username": "chriskanth"
        },
        "likes_count": 2,
        "answers": []
    },
    {
        "id": 17845065238388283,
        "created_at": 1552693750,
        "text": "\ud83d\ude2d\ud83d\ude2d\ud83d\ude2d\ud83d\ude2d\ud83d\ude2d\ud83d\ude2d\ud83d\ude2d\ud83d\ude2d",
        "owner": {
            "id": "1574011303",
            "is_verified": false,
            "profile_pic_url": "https://instagram.fbga1-4.fna.fbcdn.net/v/t51.2885-19/s150x150/117170890_696458367751792_1427062131973813805_n.jpg?_nc_ht=instagram.fbga1-4.fna.fbcdn.net&_nc_ohc=Bi3nLe40SpsAX8zZmWn&oh=1242031d8b3b8c9503fe6ac552393d2c&oe=5F967F48",
            "username": "natacha.romero.940"
        },
        "likes_count": 2,
        "answers": []
    },
    {
        "id": 17858350366361715,
        "created_at": 1552681981,
        "text": "@luisadicelis  mire para Mar\u00eda p",
        "owner": {
            "id": "600523130",
            "is_verified": false,
            "profile_pic_url": "https://instagram.fbga1-4.fna.fbcdn.net/v/t51.2885-19/s150x150/13642879_301238966877941_714870234_a.jpg?_nc_ht=instagram.fbga1-4.fna.fbcdn.net&_nc_ohc=M0Zo-POGxesAX8bjDQw&oh=002de4ec5af04f45349f4b258332698a&oe=5F966F05",
            "username": "dianadicelis"
        },
        "likes_count": 2,
        "answers": []
    },
    {
        "id": 17863210081346095,
        "created_at": 1552676261,
        "text": "\ud83d\ude0d",
        "owner": {
            "id": "1998936307",
            "is_verified": false,
            "profile_pic_url": "https://instagram.fbga1-4.fna.fbcdn.net/v/t51.2885-19/s150x150/106085877_194182345320136_6655763974264663881_n.jpg?_nc_ht=instagram.fbga1-4.fna.fbcdn.net&_nc_ohc=JJoZSBgvQzoAX8wL_9p&oh=70ddd86930729a4723695893d623a3a4&oe=5F962169",
            "username": "paola.castillopuerta"
        },
        "likes_count": 2,
        "answers": []
    },
    {
        "id": 18013319575155311,
        "created_at": 1552673343,
        "text": "\u2764\ufe0f",
        "owner": {
            "id": "1650372184",
            "is_verified": false,
            "profile_pic_url": "https://instagram.fbga1-4.fna.fbcdn.net/v/t51.2885-19/s150x150/94397108_156012645839318_8750276690506153984_n.jpg?_nc_ht=instagram.fbga1-4.fna.fbcdn.net&_nc_ohc=YD_rdGGBAGsAX9mup4w&oh=502ad107bb7cd8f54671b52ecc72d1c5&oe=5F97BD6F",
            "username": "jplopezcantillo2013"
        },
        "likes_count": 2,
        "answers": []
    },
    {
        "id": 17870041930327752,
        "created_at": 1552671847,
        "text": "\ud83d\ude0d\ud83d\ude0d",
        "owner": {
            "id": "1489976536",
            "is_verified": false,
            "profile_pic_url": "https://instagram.fbga1-4.fna.fbcdn.net/v/t51.2885-19/s150x150/114708298_570676923598030_8872206210957799824_n.jpg?_nc_ht=instagram.fbga1-4.fna.fbcdn.net&_nc_ohc=EkADwywV3RMAX8YymPI&oh=bc45a3804b5f3c4a2e344d3def1ef93c&oe=5F974B80",
            "username": "leidycotrino"
        },
        "likes_count": 1,
        "answers": []
    },
    {
        "id": 17952440677247756,
        "created_at": 1552666620,
        "text": "Q hermosos estampados",
        "owner": {
            "id": "1787567415",
            "is_verified": false,
            "profile_pic_url": "https://instagram.fbga1-4.fna.fbcdn.net/v/t51.2885-19/s150x150/66800331_1328159744020692_8812266382986051584_n.jpg?_nc_ht=instagram.fbga1-4.fna.fbcdn.net&_nc_ohc=ZwEd6lvZVm0AX8Hqz3-&oh=a7fa337e294e559dd777a9d166f99390&oe=5F9728A4",
            "username": "marsehernandes"
        },
        "likes_count": 1,
        "answers": []
    },
    {
        "id": 17911936678288982,
        "created_at": 1552664510,
        "text": "Esta \ud83d\ude0d\ud83d\ude0d\ud83d\ude0d",
        "owner": {
            "id": "347623587",
            "is_verified": false,
            "profile_pic_url": "https://instagram.fbga1-4.fna.fbcdn.net/v/t51.2885-19/s150x150/119998971_189512389254038_7428591080908983378_n.jpg?_nc_ht=instagram.fbga1-4.fna.fbcdn.net&_nc_ohc=AZGwii321O4AX_wtKHZ&oh=4decc47877790735b1c75d3265781ae0&oe=5F94CC2F",
            "username": "kelsyanelis02"
        },
        "likes_count": 1,
        "answers": []
    },
    {
        "id": 18005795446174163,
        "created_at": 1552664354,
        "text": "Me encanta esta colecci\u00f3n es bellisima",
        "owner": {
            "id": "2509503461",
            "is_verified": false,
            "profile_pic_url": "https://instagram.fbga1-4.fna.fbcdn.net/v/t51.2885-19/s150x150/12383120_246176225726014_754580156_a.jpg?_nc_ht=instagram.fbga1-4.fna.fbcdn.net&_nc_ohc=2gNraX8CuOQAX-vmrjE&oh=b7a48a7bc897fe01f418f50ac3857a4e&oe=5F955E32",
            "username": "yiset_pico"
        },
        "likes_count": 1,
        "answers": []
    },
    {
        "id": 18046063894020157,
        "created_at": 1552664244,
        "text": "Ooomm\ud83d\ude0d\ud83d\ude0d\ud83d\ude0d\ud83c\udf88",
        "owner": {
            "id": "1519077962",
            "is_verified": false,
            "profile_pic_url": "https://instagram.fbga1-4.fna.fbcdn.net/v/t51.2885-19/s150x150/117402903_1229918524041480_2321846596027359457_n.jpg?_nc_ht=instagram.fbga1-4.fna.fbcdn.net&_nc_ohc=SOmz1hhAuRQAX_Sk7Wa&oh=e5c226c1a3cf448e003ae3fae543169f&oe=5F97B5BE",
            "username": "roxxy2201"
        },
        "likes_count": 1,
        "answers": []
    }
]