[
    {
        "id": 18071517754153837,
        "created_at": 1571532694,
        "text": "Precios",
        "owner": {
            "id": "5417821038",
            "is_verified": false,
            "profile_pic_url": "https://instagram.fbga1-4.fna.fbcdn.net/v/t51.2885-19/s150x150/46205456_309607142981811_6640395382398386176_n.jpg?_nc_ht=instagram.fbga1-4.fna.fbcdn.net&_nc_ohc=LnjiK2_aeA0AX8BQWth&oh=9d3175e7e6af61fce3327f1cd1c2ecd7&oe=5F96408E",
            "username": "collazoskatherine27"
        },
        "likes_count": 0,
        "answers": []
    }
]