[
    {
        "id": 17862300853332480,
        "created_at": 1550757983,
        "text": "\ud83d\udc9c\ud83c\udf4d",
        "owner": {
            "id": "290063942",
            "is_verified": false,
            "profile_pic_url": "https://instagram.fbga1-4.fna.fbcdn.net/v/t51.2885-19/s150x150/12677580_1013500382022137_216583351_a.jpg?_nc_ht=instagram.fbga1-4.fna.fbcdn.net&_nc_ohc=uEJfIuvP3yoAX9rYtHY&oh=ffb22fa49734d56687d768e526ed398b&oe=5F97E3FD",
            "username": "piliamaris"
        },
        "likes_count": 0,
        "answers": []
    },
    {
        "id": 17862236860331423,
        "created_at": 1550723071,
        "text": "Como se hace para inscribir a un ni\u00f1o para que sea modelo EPK",
        "owner": {
            "id": "1491841596",
            "is_verified": false,
            "profile_pic_url": "https://instagram.fbga1-4.fna.fbcdn.net/v/t51.2885-19/s150x150/36113715_1048112612008128_8246841519084929024_n.jpg?_nc_ht=instagram.fbga1-4.fna.fbcdn.net&_nc_ohc=QwD-KnauVf8AX9HZ2sk&oh=5159964b8388bc54d5d5dbd6028f4c23&oe=5F976ACF",
            "username": "kiara.perez"
        },
        "likes_count": 0,
        "answers": []
    },
    {
        "id": 17872370482313636,
        "created_at": 1550721074,
        "text": "Hermosa luchy",
        "owner": {
            "id": "847653744",
            "is_verified": false,
            "profile_pic_url": "https://instagram.fbga1-4.fna.fbcdn.net/v/t51.2885-19/s150x150/119982270_1753843598117255_6457981030521059679_n.jpg?_nc_ht=instagram.fbga1-4.fna.fbcdn.net&_nc_ohc=bB14JK4-djAAX8U_wvt&oh=cdc2c849611498528ba75d6fdb437531&oe=5F97AE0C",
            "username": "margelisvizcainocalvo"
        },
        "likes_count": 0,
        "answers": []
    },
    {
        "id": 18011471434084591,
        "created_at": 1550712109,
        "text": "A",
        "owner": {
            "id": "8123154658",
            "is_verified": false,
            "profile_pic_url": "https://instagram.fbga1-4.fna.fbcdn.net/v/t51.2885-19/s150x150/116678773_160481628897681_3238406207777316825_n.jpg?_nc_ht=instagram.fbga1-4.fna.fbcdn.net&_nc_ohc=u-1D_rYxbLAAX-fBjSa&oh=ed991b9e68ef3d308f41bf4e6f07b5f1&oe=5F989764",
            "username": "heidyo_1829"
        },
        "likes_count": 0,
        "answers": []
    }
]