[
    {
        "id": 17968685848301494,
        "created_at": 1563832406,
        "text": "Hola, una recomendaci\u00f3n, muestren fotos con los complementos ideales para cada outfit",
        "owner": {
            "id": "564372494",
            "is_verified": false,
            "profile_pic_url": "https://instagram.fbga1-4.fna.fbcdn.net/v/t51.2885-19/11257081_392269954301394_716749770_a.jpg?_nc_ht=instagram.fbga1-4.fna.fbcdn.net&_nc_ohc=UmOnDB0HixMAX9sbCvq&oh=c0fec4361c89f03777be68035dff6ab1&oe=5F9897CC",
            "username": "karyrzm"
        },
        "likes_count": 0,
        "answers": []
    },
    {
        "id": 17855770720429435,
        "created_at": 1559701611,
        "text": "Hasta que talla tienen mi hija es talla 14 tiene 9 a\u00f1os ,si conseguimos ropa con esa talla en EPK,agradezco su pronta respuesta ,",
        "owner": {
            "id": "1489380687",
            "is_verified": false,
            "profile_pic_url": "https://instagram.fbga1-4.fna.fbcdn.net/v/t51.2885-19/s150x150/15043608_340365732998335_9074396784045850624_a.jpg?_nc_ht=instagram.fbga1-4.fna.fbcdn.net&_nc_ohc=kToVXjDBNNYAX8WUNTC&oh=ac3e44911b79e149c652a1c15e587462&oe=5F9648A4",
            "username": "matilde_daza"
        },
        "likes_count": 0,
        "answers": [
            {
                "id": 18041045200193786,
                "created_at": 1559828521,
                "text": "@matilde_daza Hola Matilde, Nuestras tallas van de 0 a 12 a\u00f1os. Saludos!",
                "owner": {
                    "id": "208034677",
                    "is_verified": true,
                    "profile_pic_url": "https://instagram.fbga1-4.fna.fbcdn.net/v/t51.2885-19/s150x150/116713279_329296981536344_3404171181868667674_n.jpg?_nc_ht=instagram.fbga1-4.fna.fbcdn.net&_nc_ohc=e_8u8kf3ZDMAX9GL6vk&oh=cb797d66d56f5631c9bff6ad98af462e&oe=5F97C031",
                    "username": "epk"
                },
                "likes_count": 0
            }
        ]
    },
    {
        "id": 18038004925158743,
        "created_at": 1559660432,
        "text": "En la pagina web no esta disponible, por que?",
        "owner": {
            "id": "4061099764",
            "is_verified": false,
            "profile_pic_url": "https://instagram.fbga1-4.fna.fbcdn.net/v/t51.2885-19/s150x150/117250154_1832809963527456_2199658777594745590_n.jpg?_nc_ht=instagram.fbga1-4.fna.fbcdn.net&_nc_ohc=Vv4KeSdRVQMAX9VSsAI&oh=2fa069e662083a2a5a8476f552c73a88&oe=5F94F936",
            "username": "irmote11_"
        },
        "likes_count": 0,
        "answers": [
            {
                "id": 17895653920336583,
                "created_at": 1559828544,
                "text": "@irmote11_ Hola, estamos realizando algunas actualizaciones. Estaremos muy pronto listos! saludos.",
                "owner": {
                    "id": "208034677",
                    "is_verified": true,
                    "profile_pic_url": "https://instagram.fbga1-4.fna.fbcdn.net/v/t51.2885-19/s150x150/116713279_329296981536344_3404171181868667674_n.jpg?_nc_ht=instagram.fbga1-4.fna.fbcdn.net&_nc_ohc=e_8u8kf3ZDMAX9GL6vk&oh=cb797d66d56f5631c9bff6ad98af462e&oe=5F97C031",
                    "username": "epk"
                },
                "likes_count": 1
            }
        ]
    },
    {
        "id": 17994440521229664,
        "created_at": 1559654955,
        "text": "Que precio",
        "owner": {
            "id": "3454447187",
            "is_verified": false,
            "profile_pic_url": "https://instagram.fbga1-4.fna.fbcdn.net/v/t51.2885-19/s150x150/25016591_1597422670346597_3815144235569512448_n.jpg?_nc_ht=instagram.fbga1-4.fna.fbcdn.net&_nc_ohc=6mXjXJ4AQGMAX9UP9y1&oh=102865e1baeefefbde892516705eed91&oe=5F975926",
            "username": "yuravane77"
        },
        "likes_count": 0,
        "answers": [
            {
                "id": 17859741634422402,
                "created_at": 1559828588,
                "text": "@yuravane77 \u00a1Hola! \u00a1Te invitamos a visitarnos muy pronto en www.epk.com, una vez terminemos de realizar algunas actualizaciones y descubrir todas las prendas que tenemos para ti! \u2764\ufe0f",
                "owner": {
                    "id": "208034677",
                    "is_verified": true,
                    "profile_pic_url": "https://instagram.fbga1-4.fna.fbcdn.net/v/t51.2885-19/s150x150/116713279_329296981536344_3404171181868667674_n.jpg?_nc_ht=instagram.fbga1-4.fna.fbcdn.net&_nc_ohc=e_8u8kf3ZDMAX9GL6vk&oh=cb797d66d56f5631c9bff6ad98af462e&oe=5F97C031",
                    "username": "epk"
                },
                "likes_count": 0
            }
        ]
    }
]