[
    {
        "id": 17860172056572879,
        "created_at": 1573152694,
        "text": "Buenas tardes hasta q talla tienen, necesito una 14 o 16",
        "owner": {
            "id": "5488414493",
            "is_verified": false,
            "profile_pic_url": "https://instagram.fbga1-4.fna.fbcdn.net/v/t51.2885-19/s150x150/82490330_184696969268433_1568359796929724416_n.jpg?_nc_ht=instagram.fbga1-4.fna.fbcdn.net&_nc_ohc=JA9D4XKW4TUAX_33IEZ&oh=7fca18ce20ac37ff3287eeafe82b4885&oe=5F96D79A",
            "username": "dianilun21"
        },
        "likes_count": 0,
        "answers": []
    },
    {
        "id": 18018403840131567,
        "created_at": 1553399043,
        "text": "Esta divina la nueva colecci\u00f3n \u2764\ufe0f",
        "owner": {
            "id": "5916349138",
            "is_verified": false,
            "profile_pic_url": "https://instagram.fbga1-4.fna.fbcdn.net/v/t51.2885-19/s150x150/68717352_428568838008752_714485191422246912_n.jpg?_nc_ht=instagram.fbga1-4.fna.fbcdn.net&_nc_ohc=UeSku76IJmEAX9FPz8_&oh=44fd9d667fadfd177c5f0c80370109a2&oe=5F95D3BA",
            "username": "linatamayoperez"
        },
        "likes_count": 1,
        "answers": []
    },
    {
        "id": 18016010716176564,
        "created_at": 1553290777,
        "text": "Extra\u00f1ando en Venezuela todas esas colecciones para nuestros hijos",
        "owner": {
            "id": "1609074123",
            "is_verified": false,
            "profile_pic_url": "https://instagram.fbga1-4.fna.fbcdn.net/v/t51.2885-19/s150x150/79489989_2578482412476781_1574373068971704320_n.jpg?_nc_ht=instagram.fbga1-4.fna.fbcdn.net&_nc_ohc=-Tiqejv9CUUAX9jMBkt&oh=0ed7050f1aebe04a82e97b75a7ebc477&oe=5F97B064",
            "username": "marianabvergara22"
        },
        "likes_count": 0,
        "answers": [
            {
                "id": 17846756017385897,
                "created_at": 1553291396,
                "text": "@mbva2201.nana hola! Vis\u00edtanos en tu tienda EPK m\u00e1s cercana en C\u00facuta, Colombia. Te esperamos \u2764\ufe0f",
                "owner": {
                    "id": "208034677",
                    "is_verified": true,
                    "profile_pic_url": "https://instagram.fbga1-4.fna.fbcdn.net/v/t51.2885-19/s150x150/116713279_329296981536344_3404171181868667674_n.jpg?_nc_ht=instagram.fbga1-4.fna.fbcdn.net&_nc_ohc=e_8u8kf3ZDMAX9GL6vk&oh=cb797d66d56f5631c9bff6ad98af462e&oe=5F97C031",
                    "username": "epk"
                },
                "likes_count": 1
            }
        ]
    },
    {
        "id": 18019934173138569,
        "created_at": 1553289176,
        "text": "Deber\u00edan de vender zapatos \ud83d\ude0d est\u00e1n lindos esos jejej",
        "owner": {
            "id": "1088026929",
            "is_verified": false,
            "profile_pic_url": "https://instagram.fbga1-4.fna.fbcdn.net/v/t51.2885-19/s150x150/119997729_184049506456836_4675288808447651646_n.jpg?_nc_ht=instagram.fbga1-4.fna.fbcdn.net&_nc_ohc=cJ3kBiUI_1YAX9IIDEv&oh=3dec90d951688324cc0e1dd7ffcd466e&oe=5F9534F2",
            "username": "silv0423"
        },
        "likes_count": 0,
        "answers": [
            {
                "id": 17872181722332401,
                "created_at": 1553291416,
                "text": "@silv0423 gracias por tu mensaje! Lo tendremos en cuenta \u2764\ufe0f",
                "owner": {
                    "id": "208034677",
                    "is_verified": true,
                    "profile_pic_url": "https://instagram.fbga1-4.fna.fbcdn.net/v/t51.2885-19/s150x150/116713279_329296981536344_3404171181868667674_n.jpg?_nc_ht=instagram.fbga1-4.fna.fbcdn.net&_nc_ohc=e_8u8kf3ZDMAX9GL6vk&oh=cb797d66d56f5631c9bff6ad98af462e&oe=5F97C031",
                    "username": "epk"
                },
                "likes_count": 1
            }
        ]
    },
    {
        "id": 17971222912231723,
        "created_at": 1553277211,
        "text": "Divinos todos y la ropa muy cheverre",
        "owner": {
            "id": "1639218176",
            "is_verified": false,
            "profile_pic_url": "https://instagram.fbga1-4.fna.fbcdn.net/v/t51.2885-19/11355175_448113318696683_967106208_a.jpg?_nc_ht=instagram.fbga1-4.fna.fbcdn.net&_nc_ohc=Jo07n1GQh1gAX8nALnH&oh=d0feb1311463759e8ec88040a3ac1cc9&oe=5F985477",
            "username": "marguiyunez"
        },
        "likes_count": 0,
        "answers": [
            {
                "id": 18044302243066594,
                "created_at": 1553291427,
                "text": "@marguiyunez gracias! \ud83d\ude0a",
                "owner": {
                    "id": "208034677",
                    "is_verified": true,
                    "profile_pic_url": "https://instagram.fbga1-4.fna.fbcdn.net/v/t51.2885-19/s150x150/116713279_329296981536344_3404171181868667674_n.jpg?_nc_ht=instagram.fbga1-4.fna.fbcdn.net&_nc_ohc=e_8u8kf3ZDMAX9GL6vk&oh=cb797d66d56f5631c9bff6ad98af462e&oe=5F97C031",
                    "username": "epk"
                },
                "likes_count": 0
            }
        ]
    },
    {
        "id": 18019462453136706,
        "created_at": 1553275826,
        "text": "\u00a1Que ni\u00f1os tan hermosos! La colecci\u00f3n que esta por salir\u2764\ud83d\udc4c",
        "owner": {
            "id": "53911293",
            "is_verified": false,
            "profile_pic_url": "https://instagram.fbga1-4.fna.fbcdn.net/v/t51.2885-19/s150x150/119066716_179625680276727_4469823546776593398_n.jpg?_nc_ht=instagram.fbga1-4.fna.fbcdn.net&_nc_ohc=0beWfJmMFLgAX8Qhnzb&oh=612937cdb3cf94a5db6435590d4b52c4&oe=5F978C36",
            "username": "lilojulio"
        },
        "likes_count": 0,
        "answers": [
            {
                "id": 18030488929111819,
                "created_at": 1553291437,
                "text": "@lilojulio \ud83d\ude0agracias \ud83d\ude0a",
                "owner": {
                    "id": "208034677",
                    "is_verified": true,
                    "profile_pic_url": "https://instagram.fbga1-4.fna.fbcdn.net/v/t51.2885-19/s150x150/116713279_329296981536344_3404171181868667674_n.jpg?_nc_ht=instagram.fbga1-4.fna.fbcdn.net&_nc_ohc=e_8u8kf3ZDMAX9GL6vk&oh=cb797d66d56f5631c9bff6ad98af462e&oe=5F97C031",
                    "username": "epk"
                },
                "likes_count": 1
            }
        ]
    },
    {
        "id": 17967135112246458,
        "created_at": 1553270699,
        "text": "\ud83d\ude0d\ud83d\ude0d\ud83d\ude0d\ud83d\ude0d",
        "owner": {
            "id": "272288037",
            "is_verified": false,
            "profile_pic_url": "https://scontent-nrt1-1.cdninstagram.com/v/t51.2885-19/44884218_345707102882519_2446069589734326272_n.jpg?_nc_ht=scontent-nrt1-1.cdninstagram.com&_nc_ohc=RLYRR3IenIMAX_qVJc_&oh=365e7661243bcf3233c3d7f708cd1cad&oe=5F96310F&ig_cache_key=YW5vbnltb3VzX3Byb2ZpbGVfcGlj.2",
            "username": "helena_sampayo06"
        },
        "likes_count": 0,
        "answers": [
            {
                "id": 18016232416181765,
                "created_at": 1553291441,
                "text": "@helena_sampayo06 \ud83d\ude0a\u2764\ufe0f",
                "owner": {
                    "id": "208034677",
                    "is_verified": true,
                    "profile_pic_url": "https://instagram.fbga1-4.fna.fbcdn.net/v/t51.2885-19/s150x150/116713279_329296981536344_3404171181868667674_n.jpg?_nc_ht=instagram.fbga1-4.fna.fbcdn.net&_nc_ohc=e_8u8kf3ZDMAX9GL6vk&oh=cb797d66d56f5631c9bff6ad98af462e&oe=5F97C031",
                    "username": "epk"
                },
                "likes_count": 0
            }
        ]
    },
    {
        "id": 17842309003396889,
        "created_at": 1553266949,
        "text": "Que hermosura ya deseo que llegue la colecci\u00f3n",
        "owner": {
            "id": "2509503461",
            "is_verified": false,
            "profile_pic_url": "https://instagram.fbga1-4.fna.fbcdn.net/v/t51.2885-19/s150x150/12383120_246176225726014_754580156_a.jpg?_nc_ht=instagram.fbga1-4.fna.fbcdn.net&_nc_ohc=2gNraX8CuOQAX-vmrjE&oh=b7a48a7bc897fe01f418f50ac3857a4e&oe=5F955E32",
            "username": "yiset_pico"
        },
        "likes_count": 1,
        "answers": [
            {
                "id": 18017858896185625,
                "created_at": 1553291449,
                "text": "@yiset_pico muy pronto! \ud83e\udde1\ud83d\ude0a",
                "owner": {
                    "id": "208034677",
                    "is_verified": true,
                    "profile_pic_url": "https://instagram.fbga1-4.fna.fbcdn.net/v/t51.2885-19/s150x150/116713279_329296981536344_3404171181868667674_n.jpg?_nc_ht=instagram.fbga1-4.fna.fbcdn.net&_nc_ohc=e_8u8kf3ZDMAX9GL6vk&oh=cb797d66d56f5631c9bff6ad98af462e&oe=5F97C031",
                    "username": "epk"
                },
                "likes_count": 2
            }
        ]
    }
]