[
    {
        "id": 17856424597436632,
        "created_at": 1560544747,
        "text": "Para cuando esta nueva coleccion",
        "owner": {
            "id": "13924789919",
            "is_verified": false,
            "profile_pic_url": "https://instagram.fbga1-4.fna.fbcdn.net/v/t51.2885-19/s150x150/87308436_554891118452353_6707425846065364992_n.jpg?_nc_ht=instagram.fbga1-4.fna.fbcdn.net&_nc_ohc=kSYPuNhPdSUAX80Da1q&oh=3fc36698e2130002eaa098fb96a6da17&oe=5F963E3C",
            "username": "echeverri8266"
        },
        "likes_count": 0,
        "answers": [
            {
                "id": 17973259861269403,
                "created_at": 1560777592,
                "text": "@echeverri8266 Hola! Puedes encontrar nuestra nueva Colecci\u00f3n California en nuestras tiendas f\u00edsicas y en epk.com, te invitamos a visitarnos! saludos \u2764\ufe0f",
                "owner": {
                    "id": "208034677",
                    "is_verified": true,
                    "profile_pic_url": "https://instagram.fbga1-4.fna.fbcdn.net/v/t51.2885-19/s150x150/116713279_329296981536344_3404171181868667674_n.jpg?_nc_ht=instagram.fbga1-4.fna.fbcdn.net&_nc_ohc=e_8u8kf3ZDMAX9GL6vk&oh=cb797d66d56f5631c9bff6ad98af462e&oe=5F97C031",
                    "username": "epk"
                },
                "likes_count": 0
            }
        ]
    },
    {
        "id": 17939981893294384,
        "created_at": 1560539565,
        "text": "La mejor ropaEpk",
        "owner": {
            "id": "8485694531",
            "is_verified": false,
            "profile_pic_url": "https://instagram.fsdu15-1.fna.fbcdn.net/v/t51.2885-19/44884218_345707102882519_2446069589734326272_n.jpg?_nc_ht=instagram.fsdu15-1.fna.fbcdn.net&_nc_ohc=RLYRR3IenIMAX9jLpJb&oh=b79d77cd9e41b4d530d369e98a29935b&oe=5F96310F&ig_cache_key=YW5vbnltb3VzX3Byb2ZpbGVfcGlj.2",
            "username": "etybitar26"
        },
        "likes_count": 1,
        "answers": []
    }
]