[
    {
        "id": 18063906169099222,
        "created_at": 1562329969,
        "text": "Hola este vestido aun esta disponible gracias",
        "owner": {
            "id": "312926054",
            "is_verified": false,
            "profile_pic_url": "https://instagram.fbga1-4.fna.fbcdn.net/v/t51.2885-19/s150x150/88924971_1130025954009245_4456134337464631296_n.jpg?_nc_ht=instagram.fbga1-4.fna.fbcdn.net&_nc_ohc=kEUEeX-6hU8AX9Jb1QA&oh=bc29a7fb0f776d008507beca31bc3469&oe=5F9550A0",
            "username": "taniia.toro1212"
        },
        "likes_count": 0,
        "answers": []
    },
    {
        "id": 18069521923078060,
        "created_at": 1561421184,
        "text": "\ud83d\ude0d",
        "owner": {
            "id": "4205380062",
            "is_verified": false,
            "profile_pic_url": "https://instagram.fbga1-4.fna.fbcdn.net/v/t51.2885-19/s150x150/15101704_1809805855904233_942919516755591168_a.jpg?_nc_ht=instagram.fbga1-4.fna.fbcdn.net&_nc_ohc=6XnOhQhjf1UAX_J4w5p&oh=ade7bd0f7040211f11ba95efe233ed43&oe=5F963761",
            "username": "aidarllerena"
        },
        "likes_count": 0,
        "answers": [
            {
                "id": 18078668935028385,
                "created_at": 1561468461,
                "text": "@aidarllerena \u2764\ufe0f\u2764\ufe0f",
                "owner": {
                    "id": "208034677",
                    "is_verified": true,
                    "profile_pic_url": "https://instagram.fbga1-4.fna.fbcdn.net/v/t51.2885-19/s150x150/116713279_329296981536344_3404171181868667674_n.jpg?_nc_ht=instagram.fbga1-4.fna.fbcdn.net&_nc_ohc=e_8u8kf3ZDMAX9GL6vk&oh=cb797d66d56f5631c9bff6ad98af462e&oe=5F97C031",
                    "username": "epk"
                },
                "likes_count": 0
            }
        ]
    },
    {
        "id": 17943245797293692,
        "created_at": 1561399508,
        "text": "J\u2019ai achet\u00e9 a Lena chez bonpoint, quasiment la m\u00eame, en je pense moins jolie.\ud83d\udc4d\ud83d\ude18\ud83d\ude18\u2764\ufe0f\u2764\ufe0f",
        "owner": {
            "id": "566203863",
            "is_verified": false,
            "profile_pic_url": "https://instagram.fbga1-4.fna.fbcdn.net/v/t51.2885-19/s150x150/52347596_376397176290587_3321284594950471680_n.jpg?_nc_ht=instagram.fbga1-4.fna.fbcdn.net&_nc_ohc=KkWLILrcLkYAX83uAoA&oh=97fe22296fdae37b5795fca079cfe5a6&oe=5F951C2F",
            "username": "suzanneruffini"
        },
        "likes_count": 1,
        "answers": []
    },
    {
        "id": 18077725567036780,
        "created_at": 1561347623,
        "text": "Hola yo hice dos compras de m\u00e1s de dos prendas cada una me enviaron el correo para registrarme y me sale error de p\u00e1gina.",
        "owner": {
            "id": "1813420871",
            "is_verified": false,
            "profile_pic_url": "https://instagram.fbga1-4.fna.fbcdn.net/v/t51.2885-19/s150x150/53889228_304239120255792_6621083650362441728_n.jpg?_nc_ht=instagram.fbga1-4.fna.fbcdn.net&_nc_ohc=ftRQToAcDs0AX-fUHRg&oh=c7fc08d03ace2d0fcd191135f062b8c8&oe=5F955E47",
            "username": "natimar1858"
        },
        "likes_count": 2,
        "answers": [
            {
                "id": 18078452449050013,
                "created_at": 1561468607,
                "text": "@natimar1858 Hola! Gracias por tu mensaje. Por favor cont\u00e1ctanos a clubbabyepk@epk.com y te ayudaremos. \u2764\ufe0f",
                "owner": {
                    "id": "208034677",
                    "is_verified": true,
                    "profile_pic_url": "https://instagram.fbga1-4.fna.fbcdn.net/v/t51.2885-19/s150x150/116713279_329296981536344_3404171181868667674_n.jpg?_nc_ht=instagram.fbga1-4.fna.fbcdn.net&_nc_ohc=e_8u8kf3ZDMAX9GL6vk&oh=cb797d66d56f5631c9bff6ad98af462e&oe=5F97C031",
                    "username": "epk"
                },
                "likes_count": 0
            }
        ]
    },
    {
        "id": 18049159306143635,
        "created_at": 1561335013,
        "text": "Hermosa, super chevere estos beneficios que nos dan.!",
        "owner": {
            "id": "9127849250",
            "is_verified": false,
            "profile_pic_url": "https://instagram.fbga1-4.fna.fbcdn.net/v/t51.2885-19/s150x150/102446465_1480818662110518_6915539903732252672_n.jpg?_nc_ht=instagram.fbga1-4.fna.fbcdn.net&_nc_ohc=vFjHHuM8WnUAX-YBYeb&oh=8392062319d66b86f8fcd7c26e7c7f3c&oe=5F95C4EF",
            "username": "zoe_selen_sarria"
        },
        "likes_count": 2,
        "answers": [
            {
                "id": 18049905298136936,
                "created_at": 1561468457,
                "text": "@zoe_selen_sarria \ud83d\ude0a\u2764\ufe0f",
                "owner": {
                    "id": "208034677",
                    "is_verified": true,
                    "profile_pic_url": "https://instagram.fbga1-4.fna.fbcdn.net/v/t51.2885-19/s150x150/116713279_329296981536344_3404171181868667674_n.jpg?_nc_ht=instagram.fbga1-4.fna.fbcdn.net&_nc_ohc=e_8u8kf3ZDMAX9GL6vk&oh=cb797d66d56f5631c9bff6ad98af462e&oe=5F97C031",
                    "username": "epk"
                },
                "likes_count": 0
            }
        ]
    }
]