[
    {
        "id": 17847118895164117,
        "created_at": 1591814896,
        "text": "Hola precio",
        "owner": {
            "id": "9939461123",
            "is_verified": false,
            "profile_pic_url": "https://instagram.fbga1-4.fna.fbcdn.net/v/t51.2885-19/s150x150/64625504_492276031523661_7387880405283635200_n.jpg?_nc_ht=instagram.fbga1-4.fna.fbcdn.net&_nc_ohc=98pQyIRCC7QAX93kajn&oh=16611e924f8bc0b997234c427aea48d2&oe=5F980055",
            "username": "soniavelasquez73"
        },
        "likes_count": 0,
        "answers": []
    },
    {
        "id": 17857301323960921,
        "created_at": 1590708349,
        "text": "\ud83d\ude18\ud83d\ude18\ud83d\ude18\ud83c\udf38\ud83c\udf38\ud83c\udf38",
        "owner": {
            "id": "541165464",
            "is_verified": false,
            "profile_pic_url": "https://instagram.fbga1-4.fna.fbcdn.net/v/t51.2885-19/s150x150/91144705_570688960239528_8875015387029176320_n.jpg?_nc_ht=instagram.fbga1-4.fna.fbcdn.net&_nc_ohc=YUpZlgOY4RUAX9z3MHq&oh=277a1476055f716b316e37e0dc8594c0&oe=5F96F768",
            "username": "pranafloristeria"
        },
        "likes_count": 0,
        "answers": []
    },
    {
        "id": 17995136317295282,
        "created_at": 1589856743,
        "text": "Me interesa. Haces env\u00edos a casa",
        "owner": {
            "id": "1253929746",
            "is_verified": false,
            "profile_pic_url": "https://instagram.fbga1-4.fna.fbcdn.net/v/t51.2885-19/s150x150/22159445_121608225213819_638857139531546624_n.jpg?_nc_ht=instagram.fbga1-4.fna.fbcdn.net&_nc_ohc=JWtfdFJaVMkAX8YuBmI&oh=3cd4333a5aea66cd9c74a040510714ae&oe=5F96DB68",
            "username": "marcelagonzalez522"
        },
        "likes_count": 0,
        "answers": []
    },
    {
        "id": 17856155500616880,
        "created_at": 1573585350,
        "text": "Precio porfavor?",
        "owner": {
            "id": "3640082769",
            "is_verified": false,
            "profile_pic_url": "https://instagram.fbga1-4.fna.fbcdn.net/v/t51.2885-19/s150x150/72162752_2343154882680885_7612071444662452224_n.jpg?_nc_ht=instagram.fbga1-4.fna.fbcdn.net&_nc_ohc=GRK42lcWlj8AX--k9Wu&oh=362ddfeecd3e9fbcbd0bd762fccfad92&oe=5F951B29",
            "username": "marbelysgiraldo"
        },
        "likes_count": 0,
        "answers": []
    },
    {
        "id": 17848101253688117,
        "created_at": 1571636451,
        "text": "Buenas noches q precio tiene el vestido",
        "owner": {
            "id": "3524329652",
            "is_verified": false,
            "profile_pic_url": "https://instagram.fbga1-4.fna.fbcdn.net/v/t51.2885-19/s150x150/117673323_1686358598213285_119657097179953078_n.jpg?_nc_ht=instagram.fbga1-4.fna.fbcdn.net&_nc_ohc=cJAPsBGD2KgAX9kt-2L&oh=4a80dcb00255dadc35d793a747e73abc&oe=5F955BF6",
            "username": "josimaracostasa"
        },
        "likes_count": 0,
        "answers": []
    },
    {
        "id": 18083877502052307,
        "created_at": 1563133678,
        "text": "Buenas",
        "owner": {
            "id": "5941221175",
            "is_verified": false,
            "profile_pic_url": "https://instagram.fbga1-4.fna.fbcdn.net/v/t51.2885-19/s150x150/39377559_515266552251203_3429009555919470592_n.jpg?_nc_ht=instagram.fbga1-4.fna.fbcdn.net&_nc_ohc=oFyKpLzJ1SMAX9X5yVe&oh=367a44df6f81a73b49613900dd74d7a9&oe=5F950CBC",
            "username": "frankmonterogamarra"
        },
        "likes_count": 0,
        "answers": []
    },
    {
        "id": 18050588746148691,
        "created_at": 1563133673,
        "text": "Precio",
        "owner": {
            "id": "5941221175",
            "is_verified": false,
            "profile_pic_url": "https://instagram.fbga1-4.fna.fbcdn.net/v/t51.2885-19/s150x150/39377559_515266552251203_3429009555919470592_n.jpg?_nc_ht=instagram.fbga1-4.fna.fbcdn.net&_nc_ohc=oFyKpLzJ1SMAX9X5yVe&oh=367a44df6f81a73b49613900dd74d7a9&oe=5F950CBC",
            "username": "frankmonterogamarra"
        },
        "likes_count": 0,
        "answers": []
    },
    {
        "id": 18055535560082751,
        "created_at": 1562887801,
        "text": "Precio",
        "owner": {
            "id": "13970563784",
            "is_verified": false,
            "profile_pic_url": "https://instagram.fbga1-4.fna.fbcdn.net/v/t51.2885-19/s150x150/95477102_262318921622447_8873425222632472576_n.jpg?_nc_ht=instagram.fbga1-4.fna.fbcdn.net&_nc_ohc=XKO9lmlWvEEAX83AWBZ&oh=fee143b6927b100164609f552e5eea77&oe=5F95C5C5",
            "username": "juliehtperilla"
        },
        "likes_count": 0,
        "answers": []
    },
    {
        "id": 17866224187410203,
        "created_at": 1560528937,
        "text": "Precio porfa",
        "owner": {
            "id": "465556369",
            "is_verified": false,
            "profile_pic_url": "https://instagram.fbga1-4.fna.fbcdn.net/v/t51.2885-19/s150x150/117295048_2972031353086139_477414750242712239_n.jpg?_nc_ht=instagram.fbga1-4.fna.fbcdn.net&_nc_ohc=QqeqFnPQRbcAX-t56kd&oh=f4f7d751e3c3606e089b07ed8523036e&oe=5F96966E",
            "username": "claupacos18"
        },
        "likes_count": 0,
        "answers": []
    },
    {
        "id": 18044649934087596,
        "created_at": 1559309629,
        "text": "Precio? Y hasta que talla ay?",
        "owner": {
            "id": "1265304988",
            "is_verified": false,
            "profile_pic_url": "https://instagram.fbga1-4.fna.fbcdn.net/v/t51.2885-19/s150x150/89715389_871182583343303_6086508316777775104_n.jpg?_nc_ht=instagram.fbga1-4.fna.fbcdn.net&_nc_ohc=wVF1F6QHUlwAX-735Ix&oh=96b7dc87e3a19db1e6d307759324cb93&oe=5F95B837",
            "username": "stefasamac"
        },
        "likes_count": 0,
        "answers": [
            {
                "id": 17996357746237855,
                "created_at": 1560368824,
                "text": "@stefanii_63 \u00a1Hola stefani! \u00a1Te invitamos a visitarnos en www.epk.com o en nuestras tiendas f\u00edsicas y descubrir todas las prendas que tenemos para ti! \u2764\ufe0f",
                "owner": {
                    "id": "208034677",
                    "is_verified": true,
                    "profile_pic_url": "https://instagram.fbga1-4.fna.fbcdn.net/v/t51.2885-19/s150x150/116713279_329296981536344_3404171181868667674_n.jpg?_nc_ht=instagram.fbga1-4.fna.fbcdn.net&_nc_ohc=e_8u8kf3ZDMAX9GL6vk&oh=cb797d66d56f5631c9bff6ad98af462e&oe=5F97C031",
                    "username": "epk"
                },
                "likes_count": 0
            }
        ]
    },
    {
        "id": 17935467355294111,
        "created_at": 1559180813,
        "text": "Hoy fui a la tienda del portal y no lo hay",
        "owner": {
            "id": "477225214",
            "is_verified": false,
            "profile_pic_url": "https://instagram.fbga1-4.fna.fbcdn.net/v/t51.2885-19/s150x150/117481762_219743762749988_2070883685188659063_n.jpg?_nc_ht=instagram.fbga1-4.fna.fbcdn.net&_nc_ohc=X_1nHLPDsOwAX-Bovmy&oh=b6fe309d380af0dd0c7a04c5835b6cca&oe=5F977B5F",
            "username": "ladyinsignares"
        },
        "likes_count": 0,
        "answers": [
            {
                "id": 18073181560024131,
                "created_at": 1559246102,
                "text": "@epk pero yo quiero este modelo",
                "owner": {
                    "id": "477225214",
                    "profile_pic_url": "https://instagram.fbga1-4.fna.fbcdn.net/v/t51.2885-19/s150x150/117481762_219743762749988_2070883685188659063_n.jpg?_nc_ht=instagram.fbga1-4.fna.fbcdn.net&_nc_ohc=X_1nHLPDsOwAX-Bovmy&oh=b6fe309d380af0dd0c7a04c5835b6cca&oe=5F977B5F",
                    "username": "ladyinsignares"
                },
                "likes_count": 0
            },
            {
                "id": 18070549888049754,
                "created_at": 1559246581,
                "text": "@lejoinma Actualmente no lo tenemos disponible, sin embargo te recomendamos mirar este: https://epk.com/collections/bebe-nina-vestidos/products/vestido-epk-bebe-nina-1190112 \u00a1feliz d\u00eda! \u2764\ufe0f",
                "owner": {
                    "id": "208034677",
                    "profile_pic_url": "https://instagram.fbga1-4.fna.fbcdn.net/v/t51.2885-19/s150x150/116713279_329296981536344_3404171181868667674_n.jpg?_nc_ht=instagram.fbga1-4.fna.fbcdn.net&_nc_ohc=e_8u8kf3ZDMAX9GL6vk&oh=cb797d66d56f5631c9bff6ad98af462e&oe=5F97C031",
                    "username": "epk"
                },
                "likes_count": 1
            },
            {
                "id": 17974325611259685,
                "created_at": 1559247301,
                "text": "@epk cuando estar\u00e1 disponible el vestido es muy lindo",
                "owner": {
                    "id": "1441371019",
                    "profile_pic_url": "https://instagram.fbga1-4.fna.fbcdn.net/v/t51.2885-19/s150x150/84161675_472869816718225_8426364516333256704_n.jpg?_nc_ht=instagram.fbga1-4.fna.fbcdn.net&_nc_ohc=5aeI5KLUpckAX-8XBxl&oh=458a4ff021639983124a153cc17f62e5&oe=5F97D039",
                    "username": "lisbeth_pinzon"
                },
                "likes_count": 0
            },
            {
                "id": 17950278634304470,
                "created_at": 1559227548,
                "text": "@lejoinma \u00a1Hola lejoinma! Te invitamos ingresar a www.epk.com en donde encontraras prendas hermosas! \u00a1feliz d\u00eda! \u2764\ufe0f",
                "owner": {
                    "id": "208034677",
                    "profile_pic_url": "https://instagram.fbga1-4.fna.fbcdn.net/v/t51.2885-19/s150x150/116713279_329296981536344_3404171181868667674_n.jpg?_nc_ht=instagram.fbga1-4.fna.fbcdn.net&_nc_ohc=e_8u8kf3ZDMAX9GL6vk&oh=cb797d66d56f5631c9bff6ad98af462e&oe=5F97C031",
                    "username": "epk"
                },
                "likes_count": 0
            },
            {
                "id": 17854446850433336,
                "created_at": 1559246680,
                "text": "@epk ya mire me gusta ese o el vestido de bolitas amarilla.. Tampoco lo tienen disponible en la p\u00e1gina ni en tienda f\u00edsico",
                "owner": {
                    "id": "477225214",
                    "profile_pic_url": "https://instagram.fbga1-4.fna.fbcdn.net/v/t51.2885-19/s150x150/117481762_219743762749988_2070883685188659063_n.jpg?_nc_ht=instagram.fbga1-4.fna.fbcdn.net&_nc_ohc=X_1nHLPDsOwAX-Bovmy&oh=b6fe309d380af0dd0c7a04c5835b6cca&oe=5F977B5F",
                    "username": "ladyinsignares"
                },
                "likes_count": 0
            }
        ]
    },
    {
        "id": 17851569664442137,
        "created_at": 1559068788,
        "text": "Hermoso",
        "owner": {
            "id": "2231434723",
            "is_verified": false,
            "profile_pic_url": "https://instagram.fbga1-4.fna.fbcdn.net/v/t51.2885-19/s150x150/23596068_1984799928432845_1859840827669348352_n.jpg?_nc_ht=instagram.fbga1-4.fna.fbcdn.net&_nc_ohc=oOSL_uuiz2oAX_-SsiF&oh=7f988fffb7632bcc0516fb6242062069&oe=5F95B8F1",
            "username": "dorelgonzalez06"
        },
        "likes_count": 1,
        "answers": []
    },
    {
        "id": 17864326030398673,
        "created_at": 1559061126,
        "text": "A c\u00f3mo las prendas",
        "owner": {
            "id": "4537193356",
            "is_verified": false,
            "profile_pic_url": "https://instagram.fbga1-4.fna.fbcdn.net/v/t51.2885-19/s150x150/108026483_202242864536222_4908589330933408635_n.jpg?_nc_ht=instagram.fbga1-4.fna.fbcdn.net&_nc_ohc=2PdvY_QvVgoAX_G5SpD&oh=a182ebf9c2b6ce79070eee2cff2646f7&oe=5F9758A3",
            "username": "deivid_4519"
        },
        "likes_count": 1,
        "answers": [
            {
                "id": 18071572561045470,
                "created_at": 1559227608,
                "text": "@el_makia23 Hola! Hasta el 60% de descuento. V\u00e1lido hasta el 3 de Junio y/o hasta agotar existencias! \u00a1Visitanos! \u2764\ufe0f",
                "owner": {
                    "id": "208034677",
                    "is_verified": true,
                    "profile_pic_url": "https://instagram.fbga1-4.fna.fbcdn.net/v/t51.2885-19/s150x150/116713279_329296981536344_3404171181868667674_n.jpg?_nc_ht=instagram.fbga1-4.fna.fbcdn.net&_nc_ohc=e_8u8kf3ZDMAX9GL6vk&oh=cb797d66d56f5631c9bff6ad98af462e&oe=5F97C031",
                    "username": "epk"
                },
                "likes_count": 0
            }
        ]
    },
    {
        "id": 17879963440359749,
        "created_at": 1559015728,
        "text": "\u2764\ufe0f\ud83d\ude0d",
        "owner": {
            "id": "8049815347",
            "is_verified": false,
            "profile_pic_url": "https://instagram.fbga1-4.fna.fbcdn.net/v/t51.2885-19/s150x150/119242823_663801814562269_8842706276067680237_n.jpg?_nc_ht=instagram.fbga1-4.fna.fbcdn.net&_nc_ohc=0AkM41EqtGMAX-RJKR5&oh=0045d02c0a5d34d44e50056790a67cd4&oe=5F97BDE1",
            "username": "linabarreroortiz"
        },
        "likes_count": 1,
        "answers": []
    },
    {
        "id": 18070281778045592,
        "created_at": 1559011879,
        "text": "Divino",
        "owner": {
            "id": "11121181196",
            "is_verified": false,
            "profile_pic_url": "https://instagram.fbga1-4.fna.fbcdn.net/v/t51.2885-19/s150x150/74609536_392851864935444_4926851225414008832_n.jpg?_nc_ht=instagram.fbga1-4.fna.fbcdn.net&_nc_ohc=zVPEJY_ekE8AX_R0zM1&oh=3ffcbc8356d4028e0c56944dddf2b660&oe=5F953782",
            "username": "olivaresmarbel"
        },
        "likes_count": 1,
        "answers": []
    },
    {
        "id": 18001912450216287,
        "created_at": 1559009139,
        "text": "Hermoso",
        "owner": {
            "id": "1284876823",
            "is_verified": false,
            "profile_pic_url": "https://instagram.fbga1-4.fna.fbcdn.net/v/t51.2885-19/10890990_279471688843417_1975052231_a.jpg?_nc_ht=instagram.fbga1-4.fna.fbcdn.net&_nc_ohc=mVANDWWb6ZsAX-dHWx-&oh=49c544df981041d8c3534d4b72c6eee6&oe=5F94FBCD",
            "username": "olivamiranda"
        },
        "likes_count": 1,
        "answers": []
    },
    {
        "id": 18040985311185033,
        "created_at": 1559001850,
        "text": "Ternurita!!!",
        "owner": {
            "id": "8203347422",
            "is_verified": false,
            "profile_pic_url": "https://instagram.fbga1-4.fna.fbcdn.net/v/t51.2885-19/s150x150/37103560_412733355906342_6058910557740728320_n.jpg?_nc_ht=instagram.fbga1-4.fna.fbcdn.net&_nc_ohc=xQgLZn568MUAX8oS6iK&oh=f73d0f9ffe6fd33eaa593fba16bec738&oe=5F98981B",
            "username": "garzonklauss"
        },
        "likes_count": 1,
        "answers": []
    },
    {
        "id": 18037428109176411,
        "created_at": 1558999744,
        "text": "@connieangulo20 \ud83e\udd24",
        "owner": {
            "id": "409081418",
            "is_verified": false,
            "profile_pic_url": "https://instagram.fbga1-4.fna.fbcdn.net/v/t51.2885-19/s150x150/36576231_259512464634629_7356159735340466176_n.jpg?_nc_ht=instagram.fbga1-4.fna.fbcdn.net&_nc_ohc=ypK0snaMKHkAX9pgCCk&oh=af3ee78bcf1ac8d37c9ad3336c3ae302&oe=5F94E22C",
            "username": "catafedez"
        },
        "likes_count": 2,
        "answers": [
            {
                "id": 18040459159193283,
                "created_at": 1559004341,
                "text": "@catafedez viste que cosa m\u00e1s linda?\ud83d\udc99\ud83d\udc9a\ud83d\udc9a\ud83d\udc9c",
                "owner": {
                    "id": "1525669860",
                    "is_verified": false,
                    "profile_pic_url": "https://instagram.fbga1-4.fna.fbcdn.net/v/t51.2885-19/s150x150/18888811_1542834729122449_5379544381889970176_a.jpg?_nc_ht=instagram.fbga1-4.fna.fbcdn.net&_nc_ohc=pMkutFxld9oAX8rDx4S&oh=6bf20b48cbf71386a24e967230eda195&oe=5F982BA1",
                    "username": "connieangulo20"
                },
                "likes_count": 2
            }
        ]
    },
    {
        "id": 17853484765432856,
        "created_at": 1558994150,
        "text": "Ternura de modelo",
        "owner": {
            "id": "4022059242",
            "is_verified": false,
            "profile_pic_url": "https://instagram.fbga1-4.fna.fbcdn.net/v/t51.2885-19/s150x150/47105445_512258185963568_7897345315651452928_n.jpg?_nc_ht=instagram.fbga1-4.fna.fbcdn.net&_nc_ohc=K4DJbAGU0dwAX9RI9wT&oh=3b2f1d0b93cc83a322b325bcc5d04992&oe=5F95DB94",
            "username": "pabellito"
        },
        "likes_count": 1,
        "answers": []
    },
    {
        "id": 17877872893367348,
        "created_at": 1558993717,
        "text": "@linamariacardonaquiceno Se parece a Alice por detr\u00e1s :)",
        "owner": {
            "id": "3639752515",
            "is_verified": false,
            "profile_pic_url": "https://instagram.fbga1-4.fna.fbcdn.net/v/t51.2885-19/s150x150/25008307_141891459922329_2053279939863511040_n.jpg?_nc_ht=instagram.fbga1-4.fna.fbcdn.net&_nc_ohc=XJ1qEuQbbVgAX-JvBje&oh=90f1c3435fcf17042c3ea92451d010cd&oe=5F96FCE2",
            "username": "marlencris"
        },
        "likes_count": 1,
        "answers": []
    },
    {
        "id": 18070584520007873,
        "created_at": 1558991061,
        "text": "\ud83d\ude2e",
        "owner": {
            "id": "8492754360",
            "is_verified": false,
            "profile_pic_url": "https://instagram.fbga1-4.fna.fbcdn.net/v/t51.2885-19/s150x150/52864804_2148764968575538_2887722923617943552_n.jpg?_nc_ht=instagram.fbga1-4.fna.fbcdn.net&_nc_ohc=O0TuLzKB6pkAX9RRDZj&oh=e284f733496b124a3ce4e1661021a588&oe=5F97A4A6",
            "username": "angelamarialopezmolina"
        },
        "likes_count": 1,
        "answers": []
    },
    {
        "id": 18052180441110344,
        "created_at": 1558988557,
        "text": "@farfan3564 para la peque\ud83d\udc78",
        "owner": {
            "id": "2117133847",
            "is_verified": false,
            "profile_pic_url": "https://instagram.fbga1-4.fna.fbcdn.net/v/t51.2885-19/s150x150/43224471_257000984963184_3283223307737890816_n.jpg?_nc_ht=instagram.fbga1-4.fna.fbcdn.net&_nc_ohc=_Jy6VWLvDGkAX9FGa_P&oh=64bf3d82401dac1059e12b7755773689&oe=5F96303C",
            "username": "andreitaflorez_"
        },
        "likes_count": 1,
        "answers": []
    },
    {
        "id": 18069377230008476,
        "created_at": 1558983391,
        "text": "hermoso para mi princesa luciana",
        "owner": {
            "id": "13789318653",
            "is_verified": false,
            "profile_pic_url": "https://instagram.fbga1-4.fna.fbcdn.net/v/t51.2885-19/s150x150/60944433_323730145248809_1783722316283248640_n.jpg?_nc_ht=instagram.fbga1-4.fna.fbcdn.net&_nc_ohc=Xpnc7nB9FmwAX9lcRcE&oh=df983382007a2e7e9ee7780f0841b1db&oe=5F9533DD",
            "username": "maryocampo67"
        },
        "likes_count": 1,
        "answers": []
    },
    {
        "id": 17843289718466473,
        "created_at": 1558982885,
        "text": "@castromila7",
        "owner": {
            "id": "2043529785",
            "is_verified": false,
            "profile_pic_url": "https://instagram.fbga1-4.fna.fbcdn.net/v/t51.2885-19/s150x150/52014135_880127099003341_691017009080565760_n.jpg?_nc_ht=instagram.fbga1-4.fna.fbcdn.net&_nc_ohc=Et08iGiu8zMAX8E6SmD&oh=c42e909d3c7e35a5d62a8101c0e13c72&oe=5F968B63",
            "username": "alenxime"
        },
        "likes_count": 2,
        "answers": []
    },
    {
        "id": 17990823700240862,
        "created_at": 1558981128,
        "text": "@fran25martinez divino para la princesa",
        "owner": {
            "id": "1067573325",
            "is_verified": false,
            "profile_pic_url": "https://instagram.fbga1-4.fna.fbcdn.net/v/t51.2885-19/s150x150/64810072_2372722853048712_8185364765959258112_n.jpg?_nc_ht=instagram.fbga1-4.fna.fbcdn.net&_nc_ohc=X9ue8BLYBrYAX_5KiyC&oh=2e689c3faac0ddb04ea472aa1911fe90&oe=5F97BB33",
            "username": "eibysdaniella"
        },
        "likes_count": 2,
        "answers": []
    },
    {
        "id": 17883535111356427,
        "created_at": 1558974599,
        "text": "@epk este vestido no lo encuentro en la tienda on line? Estoy en cali, donde lo consigo?",
        "owner": {
            "id": "366842418",
            "is_verified": false,
            "profile_pic_url": "https://instagram.fbga1-4.fna.fbcdn.net/v/t51.2885-19/s150x150/118815084_246205466581842_1831838095718208426_n.jpg?_nc_ht=instagram.fbga1-4.fna.fbcdn.net&_nc_ohc=veIJNmm_HzkAX8vYPzG&oh=c334770d3d54500ede1ab7de7bf77a9c&oe=5F96149F",
            "username": "nathaliagarciam20"
        },
        "likes_count": 0,
        "answers": [
            {
                "id": 18052734676105255,
                "created_at": 1559053097,
                "text": "@epk Si, y me encantan los vestidos\ud83e\udd29, pero ese que est\u00e1 en la foto, no lo veo\u2639 en la p\u00e1gina y llam\u00e9 a la tienda f\u00edsica de CC Centenario ac\u00e1 en Cali y me dijeron que este vestido no est\u00e1.",
                "owner": {
                    "id": "366842418",
                    "is_verified": false,
                    "profile_pic_url": "https://instagram.fbga1-4.fna.fbcdn.net/v/t51.2885-19/s150x150/118815084_246205466581842_1831838095718208426_n.jpg?_nc_ht=instagram.fbga1-4.fna.fbcdn.net&_nc_ohc=veIJNmm_HzkAX8vYPzG&oh=c334770d3d54500ede1ab7de7bf77a9c&oe=5F96149F",
                    "username": "nathaliagarciam20"
                },
                "likes_count": 0
            },
            {
                "id": 17890520893337991,
                "created_at": 1559051977,
                "text": "@nathaliagarciam20 \u00a1Hola! \u00a1Te invitamos a visitarnos en nuestras tiendas f\u00edsicas o en epk.com y descubrir todas las prendas que tenemos para ti! Recuerda que nuestro inventario es bastante din\u00e1mico\u2764\ufe0f",
                "owner": {
                    "id": "208034677",
                    "is_verified": true,
                    "profile_pic_url": "https://instagram.fbga1-4.fna.fbcdn.net/v/t51.2885-19/s150x150/116713279_329296981536344_3404171181868667674_n.jpg?_nc_ht=instagram.fbga1-4.fna.fbcdn.net&_nc_ohc=e_8u8kf3ZDMAX9GL6vk&oh=cb797d66d56f5631c9bff6ad98af462e&oe=5F97C031",
                    "username": "epk"
                },
                "likes_count": 1
            }
        ]
    },
    {
        "id": 17858837752413755,
        "created_at": 1558972693,
        "text": "Precio",
        "owner": {
            "id": "6089233796",
            "is_verified": false,
            "profile_pic_url": "https://instagram.fbga1-4.fna.fbcdn.net/v/t51.2885-19/s150x150/80351308_2704646762982257_7528296797588946944_n.jpg?_nc_ht=instagram.fbga1-4.fna.fbcdn.net&_nc_ohc=rK98K2FmLSAAX-aMP41&oh=12a055a59c93da08afb9eb07cbde6dcd&oe=5F97FE2D",
            "username": "laudith.q"
        },
        "likes_count": 0,
        "answers": [
            {
                "id": 18067880377015962,
                "created_at": 1559051984,
                "text": "@laudith.q \u00a1Hola! \u00a1Te invitamos a visitarnos en www.epk.com y descubrir todas las prendas que tenemos para ti! \u2764\ufe0f",
                "owner": {
                    "id": "208034677",
                    "is_verified": true,
                    "profile_pic_url": "https://instagram.fbga1-4.fna.fbcdn.net/v/t51.2885-19/s150x150/116713279_329296981536344_3404171181868667674_n.jpg?_nc_ht=instagram.fbga1-4.fna.fbcdn.net&_nc_ohc=e_8u8kf3ZDMAX9GL6vk&oh=cb797d66d56f5631c9bff6ad98af462e&oe=5F97C031",
                    "username": "epk"
                },
                "likes_count": 1
            }
        ]
    },
    {
        "id": 17857661062417398,
        "created_at": 1558963095,
        "text": "@vale.perez01 mira amor \ud83d\ude0d",
        "owner": {
            "id": "780612896",
            "is_verified": false,
            "profile_pic_url": "https://instagram.fbga1-4.fna.fbcdn.net/v/t51.2885-19/s150x150/88968286_745387952654227_1335134942383833088_n.jpg?_nc_ht=instagram.fbga1-4.fna.fbcdn.net&_nc_ohc=z_x7adH9-04AX-uqfi7&oh=33f697a980b17e06b5659c05efbb8605&oe=5F96BB03",
            "username": "andressriivera"
        },
        "likes_count": 1,
        "answers": [
            {
                "id": 17858999893415675,
                "created_at": 1558964813,
                "text": "@andressriivera que lindo",
                "owner": {
                    "id": "1499029878",
                    "is_verified": false,
                    "profile_pic_url": "https://instagram.fbga1-4.fna.fbcdn.net/v/t51.2885-19/s150x150/118389796_162880888721349_7675910351805052044_n.jpg?_nc_ht=instagram.fbga1-4.fna.fbcdn.net&_nc_ohc=bP7YaLH_Q_oAX9hOUpA&oh=237722244b46fca1b656300cccb342b3&oe=5F987D65",
                    "username": "vale.perez01"
                },
                "likes_count": 1
            }
        ]
    },
    {
        "id": 17862530389394127,
        "created_at": 1558955929,
        "text": "\ud83d\ude0d\ud83d\ude0d\ud83d\ude0d\ud83d\ude0d\ud83d\ude0d\ud83d\ude0d\ud83d\ude0d\ud83d\ude0d",
        "owner": {
            "id": "1393723527",
            "is_verified": false,
            "profile_pic_url": "https://instagram.fbga1-4.fna.fbcdn.net/v/t51.2885-19/s150x150/66805318_363218497957226_5831500341589311488_n.jpg?_nc_ht=instagram.fbga1-4.fna.fbcdn.net&_nc_ohc=DsL89O8px5oAX98eOnc&oh=da58fdbdf472347043cea97295a89bb0&oe=5F985055",
            "username": "elenithhb"
        },
        "likes_count": 1,
        "answers": []
    },
    {
        "id": 18060829261078990,
        "created_at": 1558952149,
        "text": "Soy de Venezuela spider enviar la compra",
        "owner": {
            "id": "1779631590",
            "is_verified": false,
            "profile_pic_url": "https://instagram.fbga1-4.fna.fbcdn.net/v/t51.2885-19/s150x150/82486279_484710565578186_8160117436364881920_n.jpg?_nc_ht=instagram.fbga1-4.fna.fbcdn.net&_nc_ohc=1dYgjKMgXH0AX-PUhMR&oh=a426478c1ceaab4799c79d0d485728fb&oe=5F984660",
            "username": "mercedes_vm02"
        },
        "likes_count": 1,
        "answers": [
            {
                "id": 17950171153281897,
                "created_at": 1559052008,
                "text": "@mercedes_vm02 Hola! Somos EPK Colombia! La tienda m\u00e1s cercana a venezuela se encuentra en C\u00facuta. Saludos!",
                "owner": {
                    "id": "208034677",
                    "is_verified": true,
                    "profile_pic_url": "https://instagram.fbga1-4.fna.fbcdn.net/v/t51.2885-19/s150x150/116713279_329296981536344_3404171181868667674_n.jpg?_nc_ht=instagram.fbga1-4.fna.fbcdn.net&_nc_ohc=e_8u8kf3ZDMAX9GL6vk&oh=cb797d66d56f5631c9bff6ad98af462e&oe=5F97C031",
                    "username": "epk"
                },
                "likes_count": 0
            }
        ]
    },
    {
        "id": 18070276795043504,
        "created_at": 1558950210,
        "text": "@luisvelascodj  mira \ud83d\ude0d",
        "owner": {
            "id": "371629366",
            "is_verified": false,
            "profile_pic_url": "https://instagram.fbga1-4.fna.fbcdn.net/v/t51.2885-19/s150x150/117040006_425144371723763_3762825595098423021_n.jpg?_nc_ht=instagram.fbga1-4.fna.fbcdn.net&_nc_ohc=GYCeCEKiauwAX9pC3q-&oh=9aeabd881296c9800aa5c4f9757a4728&oe=5F967F1B",
            "username": "andreajimenezochoa"
        },
        "likes_count": 2,
        "answers": []
    },
    {
        "id": 17959309777274218,
        "created_at": 1558926522,
        "text": "Nunca suben los productos completos a la pagiba",
        "owner": {
            "id": "1404337925",
            "is_verified": false,
            "profile_pic_url": "https://instagram.fbga1-4.fna.fbcdn.net/v/t51.2885-19/s150x150/84120535_461404748101383_5544846489018171392_n.jpg?_nc_ht=instagram.fbga1-4.fna.fbcdn.net&_nc_ohc=wyWcsAxdHVQAX__8UaE&oh=9d8b02aac6a2926f3fd35bf46d03d1cb&oe=5F989449",
            "username": "loreniitachacon"
        },
        "likes_count": 0,
        "answers": [
            {
                "id": 18044463370085882,
                "created_at": 1559052035,
                "text": "@loreniitachacon Hola Lorenita! Nuestro inventario es bastante din\u00e1mico. Esperamos puedas elegir las prendas de tu gusto !",
                "owner": {
                    "id": "208034677",
                    "is_verified": true,
                    "profile_pic_url": "https://instagram.fbga1-4.fna.fbcdn.net/v/t51.2885-19/s150x150/116713279_329296981536344_3404171181868667674_n.jpg?_nc_ht=instagram.fbga1-4.fna.fbcdn.net&_nc_ohc=e_8u8kf3ZDMAX9GL6vk&oh=cb797d66d56f5631c9bff6ad98af462e&oe=5F97C031",
                    "username": "epk"
                },
                "likes_count": 0
            }
        ]
    },
    {
        "id": 17847884572453504,
        "created_at": 1558923603,
        "text": "Que cabeza m\u00e1s linda...",
        "owner": {
            "id": "4846218856",
            "is_verified": false,
            "profile_pic_url": "https://instagram.fbga1-4.fna.fbcdn.net/v/t51.2885-19/s150x150/109420059_706316156875072_3307975542032988607_n.jpg?_nc_ht=instagram.fbga1-4.fna.fbcdn.net&_nc_ohc=Cgvhz_L-OD4AX8hSVpP&oh=27e44a898008470cefe7d334bd82d31e&oe=5F965075",
            "username": "yazminnietomejia"
        },
        "likes_count": 2,
        "answers": []
    },
    {
        "id": 18032634781160683,
        "created_at": 1558922836,
        "text": "@drasharonmassi  mira",
        "owner": {
            "id": "1600543007",
            "is_verified": false,
            "profile_pic_url": "https://instagram.fbga1-4.fna.fbcdn.net/v/t51.2885-19/s150x150/65258611_199307644314140_194960136207335424_n.jpg?_nc_ht=instagram.fbga1-4.fna.fbcdn.net&_nc_ohc=iXsh_UW0lSYAX_0DvPh&oh=50199345af9267507d243688ac4fd7c9&oe=5F94B708",
            "username": "shirleysmassi"
        },
        "likes_count": 1,
        "answers": []
    },
    {
        "id": 18037086718181339,
        "created_at": 1558921426,
        "text": "Hermosooooo, perfecto para mi Isa",
        "owner": {
            "id": "1096195538",
            "is_verified": false,
            "profile_pic_url": "https://instagram.fbga1-4.fna.fbcdn.net/v/t51.2885-19/s150x150/106719905_277179420188297_2523437404527362703_n.jpg?_nc_ht=instagram.fbga1-4.fna.fbcdn.net&_nc_ohc=ulSrFxc3DFIAX_5ocZ3&oh=065f8519f089fad46b8cd913e2520fab&oe=5F975B6A",
            "username": "yurscast"
        },
        "likes_count": 1,
        "answers": []
    },
    {
        "id": 17882622610358112,
        "created_at": 1558920221,
        "text": "@weyozuna23",
        "owner": {
            "id": "1678661812",
            "is_verified": false,
            "profile_pic_url": "https://instagram.fbga1-4.fna.fbcdn.net/v/t51.2885-19/s150x150/118596456_383261742657344_2334608612607347660_n.jpg?_nc_ht=instagram.fbga1-4.fna.fbcdn.net&_nc_ohc=zYNaWJP3SA0AX8p8nrT&oh=0b2c8ecbfa75b0ac650eb9d64e8ce664&oe=5F95D497",
            "username": "dss0104"
        },
        "likes_count": 1,
        "answers": []
    },
    {
        "id": 18002784619208754,
        "created_at": 1558920220,
        "text": "\ud83d\ude0d\ud83d\ude0d\ud83d\ude0d",
        "owner": {
            "id": "1991790345",
            "is_verified": false,
            "profile_pic_url": "https://instagram.fbga1-4.fna.fbcdn.net/v/t51.2885-19/s150x150/115797461_607940766767567_412818535688758489_n.jpg?_nc_ht=instagram.fbga1-4.fna.fbcdn.net&_nc_ohc=lw6hl91ct7AAX-iyxaH&oh=ac77f689d88942b5b39d7d93d5907903&oe=5F96A22F",
            "username": "johanauribediaz"
        },
        "likes_count": 1,
        "answers": []
    },
    {
        "id": 17888028886337883,
        "created_at": 1558914913,
        "text": "D\u00f3nde lo consigo",
        "owner": {
            "id": "4986690937",
            "is_verified": false,
            "profile_pic_url": "https://instagram.fbga1-4.fna.fbcdn.net/v/t51.2885-19/s150x150/95894177_278647636867558_8317643037052239872_n.jpg?_nc_ht=instagram.fbga1-4.fna.fbcdn.net&_nc_ohc=Wbr9WlPeaqQAX_oHu_W&oh=7abd75387c19f764911e11766a0c7499&oe=5F94F8CB",
            "username": "andrearuiiz_20"
        },
        "likes_count": 1,
        "answers": [
            {
                "id": 18032760079166318,
                "created_at": 1559052043,
                "text": "@andrearuiiz_20 \u00a1Hola! \u00a1Te invitamos a visitarnos en www.epk.com y descubrir todas las prendas que tenemos para ti! \u2764\ufe0f",
                "owner": {
                    "id": "208034677",
                    "is_verified": true,
                    "profile_pic_url": "https://instagram.fbga1-4.fna.fbcdn.net/v/t51.2885-19/s150x150/116713279_329296981536344_3404171181868667674_n.jpg?_nc_ht=instagram.fbga1-4.fna.fbcdn.net&_nc_ohc=e_8u8kf3ZDMAX9GL6vk&oh=cb797d66d56f5631c9bff6ad98af462e&oe=5F97C031",
                    "username": "epk"
                },
                "likes_count": 0
            }
        ]
    },
    {
        "id": 17848222687449972,
        "created_at": 1558914807,
        "text": "\ud83d\ude0d\ud83d\ude0d\ud83d\ude0d\ud83d\ude0d\ud83d\ude0d\ud83d\ude0d\ud83d\ude0d\ud83d\ude0d\ud83d\ude0d\ud83d\ude0d\ud83d\ude0d\ud83d\ude0d\ud83d\ude0d\ud83d\ude0d\ud83d\ude0d\ud83d\ude0d\ud83d\ude0d\ud83d\ude0d\ud83d\ude0d\ud83d\ude0d\ud83d\ude0d\ud83d\ude0d\ud83d\ude0d\ud83d\ude0d",
        "owner": {
            "id": "13710933757",
            "is_verified": false,
            "profile_pic_url": "https://instagram.fbga1-4.fna.fbcdn.net/v/t51.2885-19/s150x150/73024791_418293802405733_960612600171724800_n.jpg?_nc_ht=instagram.fbga1-4.fna.fbcdn.net&_nc_ohc=awrypb8CRVIAX_rbDXU&oh=2b57f4997fdce5d6ef44cd29e646c889&oe=5F963E89",
            "username": "s_causil"
        },
        "likes_count": 2,
        "answers": []
    },
    {
        "id": 18041378560184106,
        "created_at": 1558914451,
        "text": "\ud83d\ude0d",
        "owner": {
            "id": "4794502660",
            "is_verified": false,
            "profile_pic_url": "https://instagram.fbga1-4.fna.fbcdn.net/v/t51.2885-19/s150x150/77388853_736738800168653_1023889679033827328_n.jpg?_nc_ht=instagram.fbga1-4.fna.fbcdn.net&_nc_ohc=uJ396goojdcAX865GGa&oh=2cd3e793f106d864e565eb1e69547013&oe=5F97CC5D",
            "username": "mirandajah2016"
        },
        "likes_count": 1,
        "answers": []
    },
    {
        "id": 18042555058082625,
        "created_at": 1558914423,
        "text": "Me interesa donde lo puedo conseguir",
        "owner": {
            "id": "5941620265",
            "is_verified": false,
            "profile_pic_url": "https://instagram.fbga1-4.fna.fbcdn.net/v/t51.2885-19/s150x150/71559718_2314046985592632_7164329139938263040_n.jpg?_nc_ht=instagram.fbga1-4.fna.fbcdn.net&_nc_ohc=RKUqoTm8reAAX8EYEmt&oh=1860c6664060f3f8955eb9e06332de83&oe=5F9688B2",
            "username": "gaivissilva"
        },
        "likes_count": 1,
        "answers": [
            {
                "id": 17976176794253532,
                "created_at": 1559052107,
                "text": "@gaivissilva \u00a1Hola! \u00a1Te invitamos a visitarnos en www.epk.com y descubrir todas las prendas que tenemos para ti! \u2764\ufe0f",
                "owner": {
                    "id": "208034677",
                    "is_verified": true,
                    "profile_pic_url": "https://instagram.fbga1-4.fna.fbcdn.net/v/t51.2885-19/s150x150/116713279_329296981536344_3404171181868667674_n.jpg?_nc_ht=instagram.fbga1-4.fna.fbcdn.net&_nc_ohc=e_8u8kf3ZDMAX9GL6vk&oh=cb797d66d56f5631c9bff6ad98af462e&oe=5F97C031",
                    "username": "epk"
                },
                "likes_count": 0
            }
        ]
    },
    {
        "id": 18070243735032771,
        "created_at": 1558913658,
        "text": "Que lindo cual es el precio?",
        "owner": {
            "id": "4370660505",
            "is_verified": false,
            "profile_pic_url": "https://instagram.fbga1-4.fna.fbcdn.net/v/t51.2885-19/s150x150/71146465_552090735537519_1912335567228502016_n.jpg?_nc_ht=instagram.fbga1-4.fna.fbcdn.net&_nc_ohc=XYRVGIUMPMMAX-ORpiS&oh=db2fa5a04b74508d48d20a198227e629&oe=5F974464",
            "username": "karensierraal"
        },
        "likes_count": 0,
        "answers": [
            {
                "id": 18007864945205083,
                "created_at": 1559052099,
                "text": "@karensierraal \u00a1Hola! \u00a1Te invitamos a visitarnos en www.epk.com y descubrir todas las prendas que tenemos para ti! \u2764\ufe0f",
                "owner": {
                    "id": "208034677",
                    "is_verified": true,
                    "profile_pic_url": "https://instagram.fbga1-4.fna.fbcdn.net/v/t51.2885-19/s150x150/116713279_329296981536344_3404171181868667674_n.jpg?_nc_ht=instagram.fbga1-4.fna.fbcdn.net&_nc_ohc=e_8u8kf3ZDMAX9GL6vk&oh=cb797d66d56f5631c9bff6ad98af462e&oe=5F97C031",
                    "username": "epk"
                },
                "likes_count": 0
            }
        ]
    },
    {
        "id": 18006139549203559,
        "created_at": 1558913338,
        "text": "Divinooooooooo\ud83d\udc4d",
        "owner": {
            "id": "3256769159",
            "is_verified": false,
            "profile_pic_url": "https://instagram.faep9-2.fna.fbcdn.net/v/t51.2885-19/44884218_345707102882519_2446069589734326272_n.jpg?_nc_ht=instagram.faep9-2.fna.fbcdn.net&_nc_ohc=RLYRR3IenIMAX-zR8xn&oh=55a1ea94df9cb0a466974ab5578d69b7&oe=5F96310F&ig_cache_key=YW5vbnltb3VzX3Byb2ZpbGVfcGlj.2",
            "username": "maria.sequeda.921"
        },
        "likes_count": 1,
        "answers": []
    },
    {
        "id": 17855598325426364,
        "created_at": 1558913002,
        "text": "@gloryagnessands \ud83d\ude0d",
        "owner": {
            "id": "195189190",
            "is_verified": false,
            "profile_pic_url": "https://instagram.fbga1-4.fna.fbcdn.net/v/t51.2885-19/s150x150/66071513_445522739367190_7556275090728419328_n.jpg?_nc_ht=instagram.fbga1-4.fna.fbcdn.net&_nc_ohc=l8e91mQrrCgAX8QE76A&oh=45449082d1cdc2115d0865166caab48a&oe=5F96F40F",
            "username": "auriavendano"
        },
        "likes_count": 1,
        "answers": []
    },
    {
        "id": 17852243191438228,
        "created_at": 1558912222,
        "text": "Bellisimo\ud83d\udc95",
        "owner": {
            "id": "213123223",
            "is_verified": false,
            "profile_pic_url": "https://instagram.fbga1-4.fna.fbcdn.net/v/t51.2885-19/s150x150/27581895_2323148474377281_1145522160719101952_n.jpg?_nc_ht=instagram.fbga1-4.fna.fbcdn.net&_nc_ohc=zfcyrPO4HXwAX9Fk8U5&oh=ceb8c5b051e4d3d9a2bf1a99b996cd82&oe=5F96EC35",
            "username": "toyiespinosa"
        },
        "likes_count": 3,
        "answers": []
    },
    {
        "id": 17935119499294949,
        "created_at": 1558911068,
        "text": "\ud83d\ude0d",
        "owner": {
            "id": "193513386",
            "is_verified": true,
            "profile_pic_url": "https://instagram.fbga1-4.fna.fbcdn.net/v/t51.2885-19/s150x150/23101659_1522943334438010_4318393834338779136_n.jpg?_nc_ht=instagram.fbga1-4.fna.fbcdn.net&_nc_ohc=ZKq2Spk2eZgAX8ixx_L&oh=53a12df6b55ab457764a23c414b15d36&oe=5F962063",
            "username": "dianajanna"
        },
        "likes_count": 10,
        "answers": []
    }
]