[
    {
        "id": 18026171449045773,
        "created_at": 1548196214,
        "text": "\ud83d\ude4c",
        "owner": {
            "id": "8122689403",
            "is_verified": false,
            "profile_pic_url": "https://instagram.fbga1-4.fna.fbcdn.net/v/t51.2885-19/s150x150/47584980_381191882626933_659276079776661504_n.jpg?_nc_ht=instagram.fbga1-4.fna.fbcdn.net&_nc_ohc=atmfYCPsftkAX9h7xNe&oh=404646797eb0d82f8476c9c08756bddd&oe=5F94F777",
            "username": "glecercha011"
        },
        "likes_count": 0,
        "answers": []
    },
    {
        "id": 18004975129126748,
        "created_at": 1548031835,
        "text": "Me encanta todo\ud83d\ude0d\ud83d\ude0d\ud83d\ude0d pero me encanta aun m\u00e1s que me lleguen sus mensajes cuando hay promo\ud83d\ude0d\ud83d\ude0d\ud83d\ude0d\ud83d\ude0d\ud83d\ude0d amo vestir mi ni\u00f1o con @epk",
        "owner": {
            "id": "1386487911",
            "is_verified": false,
            "profile_pic_url": "https://instagram.fbga1-4.fna.fbcdn.net/v/t51.2885-19/s150x150/120109436_4320654158009205_8601062547058924706_n.jpg?_nc_ht=instagram.fbga1-4.fna.fbcdn.net&_nc_ohc=7qVKVUnyeSMAX-DrGRL&oh=b191967781a931e9b4eb1fa3b47cbc90&oe=5F95AB04",
            "username": "sol.galvez"
        },
        "likes_count": 0,
        "answers": [
            {
                "id": 17987833090171188,
                "created_at": 1548165659,
                "text": "@sol.galvez gracias!! \u2764\ufe0f\u2764\ufe0f",
                "owner": {
                    "id": "208034677",
                    "is_verified": true,
                    "profile_pic_url": "https://instagram.fbga1-4.fna.fbcdn.net/v/t51.2885-19/s150x150/116713279_329296981536344_3404171181868667674_n.jpg?_nc_ht=instagram.fbga1-4.fna.fbcdn.net&_nc_ohc=e_8u8kf3ZDMAX9GL6vk&oh=cb797d66d56f5631c9bff6ad98af462e&oe=5F97C031",
                    "username": "epk"
                },
                "likes_count": 1
            }
        ]
    },
    {
        "id": 17946127027244707,
        "created_at": 1548030241,
        "text": "Me encanta cual es el precio de cada prenda",
        "owner": {
            "id": "9247705942",
            "is_verified": false,
            "profile_pic_url": "https://instagram.fbga1-4.fna.fbcdn.net/v/t51.2885-19/s150x150/92951392_733203844138692_8909931224877760512_n.jpg?_nc_ht=instagram.fbga1-4.fna.fbcdn.net&_nc_ohc=VlFj4SJVENUAX9aDrfe&oh=56d03db5ca51f6db088e50b3f07e535c&oe=5F951A28",
            "username": "arelis546"
        },
        "likes_count": 0,
        "answers": [
            {
                "id": 17946782455245545,
                "created_at": 1548165689,
                "text": "@arelis546 hola!! Descubre nuestros precios en epk.com! En el momento tenemos promo de todo a $39.900. Te esperamos \u2764\ufe0f",
                "owner": {
                    "id": "208034677",
                    "is_verified": true,
                    "profile_pic_url": "https://instagram.fbga1-4.fna.fbcdn.net/v/t51.2885-19/s150x150/116713279_329296981536344_3404171181868667674_n.jpg?_nc_ht=instagram.fbga1-4.fna.fbcdn.net&_nc_ohc=e_8u8kf3ZDMAX9GL6vk&oh=cb797d66d56f5631c9bff6ad98af462e&oe=5F97C031",
                    "username": "epk"
                },
                "likes_count": 0
            }
        ]
    },
    {
        "id": 18021231253067217,
        "created_at": 1548029857,
        "text": "En C\u00facuta  hay almacen",
        "owner": {
            "id": "1685888058",
            "is_verified": false,
            "profile_pic_url": "https://scontent-atl3-1.cdninstagram.com/v/t51.2885-19/44884218_345707102882519_2446069589734326272_n.jpg?_nc_ht=scontent-atl3-1.cdninstagram.com&_nc_ohc=RLYRR3IenIMAX8ZdHYd&oh=dca9c85ec29db713672bfbe29f3e6d15&oe=5F96310F&ig_cache_key=YW5vbnltb3VzX3Byb2ZpbGVfcGlj.2",
            "username": "rukyjimenez"
        },
        "likes_count": 0,
        "answers": [
            {
                "id": 17862073846312589,
                "created_at": 1548165715,
                "text": "@rukyjimenez si! Estamos en C\u00facuta Centro y Ventura Plaza. Te esperamos \u2764\ufe0f\u2764\ufe0f",
                "owner": {
                    "id": "208034677",
                    "is_verified": true,
                    "profile_pic_url": "https://instagram.fbga1-4.fna.fbcdn.net/v/t51.2885-19/s150x150/116713279_329296981536344_3404171181868667674_n.jpg?_nc_ht=instagram.fbga1-4.fna.fbcdn.net&_nc_ohc=e_8u8kf3ZDMAX9GL6vk&oh=cb797d66d56f5631c9bff6ad98af462e&oe=5F97C031",
                    "username": "epk"
                },
                "likes_count": 0
            },
            {
                "id": 17847097576346246,
                "created_at": 1548380546,
                "text": "@epk  gracias\u2764\ufe0f",
                "owner": {
                    "id": "1685888058",
                    "is_verified": false,
                    "profile_pic_url": "https://scontent-atl3-1.cdninstagram.com/v/t51.2885-19/44884218_345707102882519_2446069589734326272_n.jpg?_nc_ht=scontent-atl3-1.cdninstagram.com&_nc_ohc=RLYRR3IenIMAX8ZdHYd&oh=dca9c85ec29db713672bfbe29f3e6d15&oe=5F96310F&ig_cache_key=YW5vbnltb3VzX3Byb2ZpbGVfcGlj.2",
                    "username": "rukyjimenez"
                },
                "likes_count": 0
            }
        ]
    }
]