[
    {
        "id": 18009381358126651,
        "created_at": 1549070906,
        "text": "Julianavalentinatorres",
        "owner": {
            "id": "1380467955",
            "is_verified": false,
            "profile_pic_url": "https://instagram.fbga1-4.fna.fbcdn.net/v/t51.2885-19/s150x150/54247773_400181410762804_4885375666834374656_n.jpg?_nc_ht=instagram.fbga1-4.fna.fbcdn.net&_nc_ohc=315a3ynMkGIAX_d4LFM&oh=878b5de70d3163023b03feb35dada579&oe=5F978628",
            "username": "julietha123"
        },
        "likes_count": 0,
        "answers": []
    }
]