[
    {
        "id": 17871300565438682,
        "created_at": 1565457713,
        "text": "Q precio tiene ?",
        "owner": {
            "id": "4685583107",
            "is_verified": false,
            "profile_pic_url": "https://instagram.fbga1-4.fna.fbcdn.net/v/t51.2885-19/s150x150/19436277_456835874676381_29272190692098048_a.jpg?_nc_ht=instagram.fbga1-4.fna.fbcdn.net&_nc_ohc=G0XRKs3IfDIAX8CbueE&oh=e8e6fb835644039c39ad9c0596f26e61&oe=5F95A651",
            "username": "jessika.londono"
        },
        "likes_count": 0,
        "answers": []
    },
    {
        "id": 18070872325110333,
        "created_at": 1564960857,
        "text": "Que precio tiene",
        "owner": {
            "id": "1688034564",
            "is_verified": false,
            "profile_pic_url": "https://instagram.fbga1-4.fna.fbcdn.net/v/t51.2885-19/s150x150/69484624_2505768759492675_9214409784432787456_n.jpg?_nc_ht=instagram.fbga1-4.fna.fbcdn.net&_nc_ohc=xdT02EtgHCwAX8SOmrm&oh=6aec7e522b91edb70612370c12170126&oe=5F965ED3",
            "username": "katerine_carreno0409"
        },
        "likes_count": 0,
        "answers": []
    },
    {
        "id": 18015409147179403,
        "created_at": 1553274366,
        "text": "que bello",
        "owner": {
            "id": "10903329602",
            "is_verified": false,
            "profile_pic_url": "https://instagram.fbga1-4.fna.fbcdn.net/v/t51.2885-19/s150x150/58068433_2273966122922403_3908624181587083264_n.jpg?_nc_ht=instagram.fbga1-4.fna.fbcdn.net&_nc_ohc=0dJ67Wb4kJgAX_H8Iaa&oh=c710983ad37debb5df4d40c8fc6a4266&oe=5F98405D",
            "username": "isabella.1309.contreras"
        },
        "likes_count": 1,
        "answers": []
    },
    {
        "id": 18046787758055165,
        "created_at": 1553216104,
        "text": "\ud83d\ude0d\ud83d\ude0d\ud83d\ude0d\ud83d\ude0d\ud83d\ude0d\ud83d\ude0d\ud83d\ude0d\ud83d\ude0d\ud83d\ude0d",
        "owner": {
            "id": "300619997",
            "is_verified": false,
            "profile_pic_url": "https://instagram.fbga1-4.fna.fbcdn.net/v/t51.2885-19/11313586_702762243158028_1545189721_a.jpg?_nc_ht=instagram.fbga1-4.fna.fbcdn.net&_nc_ohc=lenYEIuVT1MAX9Hp6qS&oh=78336c490c45e33818b33e02d4ff5335&oe=5F98481F",
            "username": "tabathajanna"
        },
        "likes_count": 0,
        "answers": []
    },
    {
        "id": 17967392377246275,
        "created_at": 1553014482,
        "text": "Sun funcionan en Barquisimeto, edo Lara?",
        "owner": {
            "id": "692380392",
            "is_verified": false,
            "profile_pic_url": "https://instagram.fbga1-4.fna.fbcdn.net/v/t51.2885-19/s150x150/25024695_1975379166068555_4453316302047543296_n.jpg?_nc_ht=instagram.fbga1-4.fna.fbcdn.net&_nc_ohc=97cA-QVlKCMAX992HWR&oh=599178cbc638b2654f304d61e3eff853&oe=5F9513FE",
            "username": "susyfal6"
        },
        "likes_count": 1,
        "answers": [
            {
                "id": 17982264817213248,
                "created_at": 1553098991,
                "text": "@susyfal6 hola, gracias por escribirnos. Somos la cuenta oficial de EPK Colombia. Feliz d\u00eda\u2764\ufe0f",
                "owner": {
                    "id": "208034677",
                    "is_verified": true,
                    "profile_pic_url": "https://instagram.fbga1-4.fna.fbcdn.net/v/t51.2885-19/s150x150/116713279_329296981536344_3404171181868667674_n.jpg?_nc_ht=instagram.fbga1-4.fna.fbcdn.net&_nc_ohc=e_8u8kf3ZDMAX9GL6vk&oh=cb797d66d56f5631c9bff6ad98af462e&oe=5F97C031",
                    "username": "epk"
                },
                "likes_count": 1
            }
        ]
    },
    {
        "id": 18046514341010424,
        "created_at": 1552999374,
        "text": "\ud83d\ude18\ud83d\ude0d\ud83d\ude0d\ud83d\ude0d\ud83d\ude0d\ud83d\ude0d",
        "owner": {
            "id": "2369332502",
            "is_verified": false,
            "profile_pic_url": "https://instagram.fbga1-4.fna.fbcdn.net/v/t51.2885-19/s150x150/70822048_380996679499130_5424430573999357952_n.jpg?_nc_ht=instagram.fbga1-4.fna.fbcdn.net&_nc_ohc=WUKC2Kwqex8AX_YLhGX&oh=5a5bdadd567094d108853017744bdb6b&oe=5F98302E",
            "username": "angela64garcia"
        },
        "likes_count": 1,
        "answers": [
            {
                "id": 17971001356238106,
                "created_at": 1553098994,
                "text": "@angela64garcia \u2764\ufe0f\u2764\ufe0f\u2764\ufe0f",
                "owner": {
                    "id": "208034677",
                    "is_verified": true,
                    "profile_pic_url": "https://instagram.fbga1-4.fna.fbcdn.net/v/t51.2885-19/s150x150/116713279_329296981536344_3404171181868667674_n.jpg?_nc_ht=instagram.fbga1-4.fna.fbcdn.net&_nc_ohc=e_8u8kf3ZDMAX9GL6vk&oh=cb797d66d56f5631c9bff6ad98af462e&oe=5F97C031",
                    "username": "epk"
                },
                "likes_count": 1
            }
        ]
    },
    {
        "id": 17876679979318743,
        "created_at": 1552989781,
        "text": "\u2764\ufe0f\ud83d\udc9b",
        "owner": {
            "id": "3414583976",
            "is_verified": false,
            "profile_pic_url": "https://instagram.fbga1-4.fna.fbcdn.net/v/t51.2885-19/s150x150/120081614_650702089182898_3270709052275358998_n.jpg?_nc_ht=instagram.fbga1-4.fna.fbcdn.net&_nc_ohc=iUlYgqWSvEYAX86F20q&oh=18a023426cda525d3c52e0d82ad8f4e0&oe=5F972D58",
            "username": "azucar_pes"
        },
        "likes_count": 2,
        "answers": [
            {
                "id": 18003533209199348,
                "created_at": 1553098998,
                "text": "@pescador.boutique \ud83d\ude0a\u2764\ufe0f",
                "owner": {
                    "id": "208034677",
                    "is_verified": true,
                    "profile_pic_url": "https://instagram.fbga1-4.fna.fbcdn.net/v/t51.2885-19/s150x150/116713279_329296981536344_3404171181868667674_n.jpg?_nc_ht=instagram.fbga1-4.fna.fbcdn.net&_nc_ohc=e_8u8kf3ZDMAX9GL6vk&oh=cb797d66d56f5631c9bff6ad98af462e&oe=5F97C031",
                    "username": "epk"
                },
                "likes_count": 2
            }
        ]
    },
    {
        "id": 17944992469270259,
        "created_at": 1552972834,
        "text": "\ud83e\udd29\ud83e\udd29\ud83e\udd29\ud83e\udd29\ud83e\udd29\ud83e\udd29\ud83e\udd29\ud83e\udd29\ud83e\udd29",
        "owner": {
            "id": "8757347890",
            "is_verified": false,
            "profile_pic_url": "https://instagram.fbga1-4.fna.fbcdn.net/v/t51.2885-19/s150x150/58686734_359853888208092_7631256724271267840_n.jpg?_nc_ht=instagram.fbga1-4.fna.fbcdn.net&_nc_ohc=8K0BrkSBY5wAX-I2R6n&oh=89e7fa24c50efdf8194e17b1b35d1bf9&oe=5F979258",
            "username": "duranruthnohemygomez"
        },
        "likes_count": 1,
        "answers": [
            {
                "id": 17871287839328755,
                "created_at": 1553099004,
                "text": "@duranruthnohemygomez \ud83d\ude0a\ud83d\ude0a\u2764\ufe0f\u2764\ufe0f",
                "owner": {
                    "id": "208034677",
                    "is_verified": true,
                    "profile_pic_url": "https://instagram.fbga1-4.fna.fbcdn.net/v/t51.2885-19/s150x150/116713279_329296981536344_3404171181868667674_n.jpg?_nc_ht=instagram.fbga1-4.fna.fbcdn.net&_nc_ohc=e_8u8kf3ZDMAX9GL6vk&oh=cb797d66d56f5631c9bff6ad98af462e&oe=5F97C031",
                    "username": "epk"
                },
                "likes_count": 1
            }
        ]
    },
    {
        "id": 18046681006014731,
        "created_at": 1552972817,
        "text": "Linda",
        "owner": {
            "id": "8757347890",
            "is_verified": false,
            "profile_pic_url": "https://instagram.fbga1-4.fna.fbcdn.net/v/t51.2885-19/s150x150/58686734_359853888208092_7631256724271267840_n.jpg?_nc_ht=instagram.fbga1-4.fna.fbcdn.net&_nc_ohc=8K0BrkSBY5wAX-I2R6n&oh=89e7fa24c50efdf8194e17b1b35d1bf9&oe=5F979258",
            "username": "duranruthnohemygomez"
        },
        "likes_count": 2,
        "answers": [
            {
                "id": 18020605507186174,
                "created_at": 1553099014,
                "text": "@duranruthnohemygomez gracias!",
                "owner": {
                    "id": "208034677",
                    "is_verified": true,
                    "profile_pic_url": "https://instagram.fbga1-4.fna.fbcdn.net/v/t51.2885-19/s150x150/116713279_329296981536344_3404171181868667674_n.jpg?_nc_ht=instagram.fbga1-4.fna.fbcdn.net&_nc_ohc=e_8u8kf3ZDMAX9GL6vk&oh=cb797d66d56f5631c9bff6ad98af462e&oe=5F97C031",
                    "username": "epk"
                },
                "likes_count": 1
            },
            {
                "id": 17870585839328830,
                "created_at": 1553202719,
                "text": "@epk gracias.",
                "owner": {
                    "id": "8757347890",
                    "is_verified": false,
                    "profile_pic_url": "https://instagram.fbga1-4.fna.fbcdn.net/v/t51.2885-19/s150x150/58686734_359853888208092_7631256724271267840_n.jpg?_nc_ht=instagram.fbga1-4.fna.fbcdn.net&_nc_ohc=8K0BrkSBY5wAX-I2R6n&oh=89e7fa24c50efdf8194e17b1b35d1bf9&oe=5F979258",
                    "username": "duranruthnohemygomez"
                },
                "likes_count": 0
            }
        ]
    },
    {
        "id": 17953641037254185,
        "created_at": 1552967254,
        "text": "\u2764\ufe0f\ud83d\udc4f\ud83d\udc4f",
        "owner": {
            "id": "3612412718",
            "is_verified": false,
            "profile_pic_url": "https://instagram.fbga1-4.fna.fbcdn.net/v/t51.2885-19/s150x150/43985623_1948888678530287_1220496991033753600_n.jpg?_nc_ht=instagram.fbga1-4.fna.fbcdn.net&_nc_ohc=oxjpATUQSXUAX9k8Cac&oh=c0c4b938880b9a3fbbac1f4d3a37509f&oe=5F96BFB5",
            "username": "bellocantillo"
        },
        "likes_count": 1,
        "answers": [
            {
                "id": 17865659707346026,
                "created_at": 1553098927,
                "text": "@bellocantillo \u2764\ufe0f\u2764\ufe0f",
                "owner": {
                    "id": "208034677",
                    "is_verified": true,
                    "profile_pic_url": "https://instagram.fbga1-4.fna.fbcdn.net/v/t51.2885-19/s150x150/116713279_329296981536344_3404171181868667674_n.jpg?_nc_ht=instagram.fbga1-4.fna.fbcdn.net&_nc_ohc=e_8u8kf3ZDMAX9GL6vk&oh=cb797d66d56f5631c9bff6ad98af462e&oe=5F97C031",
                    "username": "epk"
                },
                "likes_count": 0
            }
        ]
    },
    {
        "id": 18045818875004940,
        "created_at": 1552966528,
        "text": "@angelesmaria24",
        "owner": {
            "id": "1528821287",
            "is_verified": false,
            "profile_pic_url": "https://instagram.fbga1-4.fna.fbcdn.net/v/t51.2885-19/s150x150/118223863_679441706114636_3023748401865757895_n.jpg?_nc_ht=instagram.fbga1-4.fna.fbcdn.net&_nc_ohc=tydK0AJwfyEAX8-pDlA&oh=e1c70ea7b42e6e1c98aa1ef8121cf66e&oe=5F989A4B",
            "username": "eglyslou"
        },
        "likes_count": 2,
        "answers": [
            {
                "id": 17954020939254043,
                "created_at": 1553098892,
                "text": "@eglyslou \u2764\ufe0f\u2764\ufe0f",
                "owner": {
                    "id": "208034677",
                    "is_verified": true,
                    "profile_pic_url": "https://instagram.fbga1-4.fna.fbcdn.net/v/t51.2885-19/s150x150/116713279_329296981536344_3404171181868667674_n.jpg?_nc_ht=instagram.fbga1-4.fna.fbcdn.net&_nc_ohc=e_8u8kf3ZDMAX9GL6vk&oh=cb797d66d56f5631c9bff6ad98af462e&oe=5F97C031",
                    "username": "epk"
                },
                "likes_count": 1
            },
            {
                "id": 17863708771354153,
                "created_at": 1553099123,
                "text": "@epk hermoso todo",
                "owner": {
                    "id": "1528821287",
                    "is_verified": false,
                    "profile_pic_url": "https://instagram.fbga1-4.fna.fbcdn.net/v/t51.2885-19/s150x150/118223863_679441706114636_3023748401865757895_n.jpg?_nc_ht=instagram.fbga1-4.fna.fbcdn.net&_nc_ohc=tydK0AJwfyEAX8-pDlA&oh=e1c70ea7b42e6e1c98aa1ef8121cf66e&oe=5F989A4B",
                    "username": "eglyslou"
                },
                "likes_count": 0
            }
        ]
    },
    {
        "id": 18020978773084662,
        "created_at": 1552963496,
        "text": "Divino \ud83d\ude0d",
        "owner": {
            "id": "375760050",
            "is_verified": false,
            "profile_pic_url": "https://instagram.fbga1-4.fna.fbcdn.net/v/t51.2885-19/10597461_553919671386925_1025138751_a.jpg?_nc_ht=instagram.fbga1-4.fna.fbcdn.net&_nc_ohc=a6loL_lV2bEAX9Kgvj6&oh=a23b696efeb5be8954ee4cf57b40037e&oe=5F987CD6",
            "username": "mariatsamper"
        },
        "likes_count": 1,
        "answers": [
            {
                "id": 17852799937373885,
                "created_at": 1553098934,
                "text": "@mariatsamper gracias!",
                "owner": {
                    "id": "208034677",
                    "is_verified": true,
                    "profile_pic_url": "https://instagram.fbga1-4.fna.fbcdn.net/v/t51.2885-19/s150x150/116713279_329296981536344_3404171181868667674_n.jpg?_nc_ht=instagram.fbga1-4.fna.fbcdn.net&_nc_ohc=e_8u8kf3ZDMAX9GL6vk&oh=cb797d66d56f5631c9bff6ad98af462e&oe=5F97C031",
                    "username": "epk"
                },
                "likes_count": 0
            }
        ]
    },
    {
        "id": 18014375638146485,
        "created_at": 1552958218,
        "text": "\ud83d\ude0d\ud83d\ude0d\ud83d\ude0d",
        "owner": {
            "id": "1765661657",
            "is_verified": false,
            "profile_pic_url": "https://instagram.fbga1-4.fna.fbcdn.net/v/t51.2885-19/10413844_535993166543949_283078997_a.jpg?_nc_ht=instagram.fbga1-4.fna.fbcdn.net&_nc_ohc=x9Vf6ck77tcAX_4l03l&oh=ee03ec83210d5b9bd8d2aacd1c7c3fc0&oe=5F95FF48",
            "username": "daleahumada"
        },
        "likes_count": 1,
        "answers": [
            {
                "id": 18011854411163689,
                "created_at": 1553098939,
                "text": "@daleahumada \u2764\ufe0f\u2764\ufe0f",
                "owner": {
                    "id": "208034677",
                    "is_verified": true,
                    "profile_pic_url": "https://instagram.fbga1-4.fna.fbcdn.net/v/t51.2885-19/s150x150/116713279_329296981536344_3404171181868667674_n.jpg?_nc_ht=instagram.fbga1-4.fna.fbcdn.net&_nc_ohc=e_8u8kf3ZDMAX9GL6vk&oh=cb797d66d56f5631c9bff6ad98af462e&oe=5F97C031",
                    "username": "epk"
                },
                "likes_count": 0
            }
        ]
    },
    {
        "id": 17852312014374564,
        "created_at": 1552955983,
        "text": "\ud83d\ude0d\ud83d\ude0d\ud83d\ude0d",
        "owner": {
            "id": "1511494204",
            "is_verified": false,
            "profile_pic_url": "https://instagram.fbga1-4.fna.fbcdn.net/v/t51.2885-19/s150x150/108558209_789778448428370_8771187195222392316_n.jpg?_nc_ht=instagram.fbga1-4.fna.fbcdn.net&_nc_ohc=mDkEcjoY9XgAX_wmmWF&oh=29a75418480a12ef7ecc32d214fa59e5&oe=5F978AE1",
            "username": "jennyfregner"
        },
        "likes_count": 1,
        "answers": [
            {
                "id": 17979879586221531,
                "created_at": 1553098943,
                "text": "@jennyfregner \ud83d\udc9c\ud83d\ude4c",
                "owner": {
                    "id": "208034677",
                    "is_verified": true,
                    "profile_pic_url": "https://instagram.fbga1-4.fna.fbcdn.net/v/t51.2885-19/s150x150/116713279_329296981536344_3404171181868667674_n.jpg?_nc_ht=instagram.fbga1-4.fna.fbcdn.net&_nc_ohc=e_8u8kf3ZDMAX9GL6vk&oh=cb797d66d56f5631c9bff6ad98af462e&oe=5F97C031",
                    "username": "epk"
                },
                "likes_count": 0
            }
        ]
    },
    {
        "id": 17953954660248793,
        "created_at": 1552953558,
        "text": "Me puedo inscribir al Club Baby Epk si realizo compras por Internet?",
        "owner": {
            "id": "488327828",
            "is_verified": false,
            "profile_pic_url": "https://instagram.fbga1-4.fna.fbcdn.net/v/t51.2885-19/s150x150/118006379_191080785782819_586179846572729421_n.jpg?_nc_ht=instagram.fbga1-4.fna.fbcdn.net&_nc_ohc=iNB5zST8zCoAX8ONjvi&oh=56776483557af7289654516d642b4cf8&oe=5F95B947",
            "username": "laura_vane90"
        },
        "likes_count": 2,
        "answers": [
            {
                "id": 18044088220067461,
                "created_at": 1553267443,
                "text": "@epk como es el proceso?",
                "owner": {
                    "id": "488327828",
                    "is_verified": false,
                    "profile_pic_url": "https://instagram.fbga1-4.fna.fbcdn.net/v/t51.2885-19/s150x150/118006379_191080785782819_586179846572729421_n.jpg?_nc_ht=instagram.fbga1-4.fna.fbcdn.net&_nc_ohc=iNB5zST8zCoAX8ONjvi&oh=56776483557af7289654516d642b4cf8&oe=5F95B947",
                    "username": "laura_vane90"
                },
                "likes_count": 0
            },
            {
                "id": 18017968411190093,
                "created_at": 1553098924,
                "text": "@laura_vane90 Hola! Si, por una compra de 2 prendas o m\u00e1s de la categor\u00eda beb\u00e9 (0 a 3 a\u00f1os) podr\u00e1s ser parte de Club Baby \u2764\ufe0f",
                "owner": {
                    "id": "208034677",
                    "is_verified": true,
                    "profile_pic_url": "https://instagram.fbga1-4.fna.fbcdn.net/v/t51.2885-19/s150x150/116713279_329296981536344_3404171181868667674_n.jpg?_nc_ht=instagram.fbga1-4.fna.fbcdn.net&_nc_ohc=e_8u8kf3ZDMAX9GL6vk&oh=cb797d66d56f5631c9bff6ad98af462e&oe=5F97C031",
                    "username": "epk"
                },
                "likes_count": 0
            }
        ]
    },
    {
        "id": 18018291073138376,
        "created_at": 1552950332,
        "text": "Beenas noches... especificamente, que tiendas, y d\u00f3nde  siguen funcionando en venezuela? @epk",
        "owner": {
            "id": "322739400",
            "is_verified": false,
            "profile_pic_url": "https://instagram.fbga1-4.fna.fbcdn.net/v/t51.2885-19/s150x150/77037048_537726583619418_8866987380188381184_n.jpg?_nc_ht=instagram.fbga1-4.fna.fbcdn.net&_nc_ohc=pPKlGLtnrxoAX9UVHf6&oh=2058320d27735cd81cafae4a29805bcc&oe=5F95AB1F",
            "username": "nolamadriz"
        },
        "likes_count": 1,
        "answers": [
            {
                "id": 17937121060273101,
                "created_at": 1553098964,
                "text": "@nolamadriz Hola! Gracias por tu mensaje. Somos la cuenta oficial de EPK Colombia. Saludos! \u2764\ufe0f",
                "owner": {
                    "id": "208034677",
                    "is_verified": true,
                    "profile_pic_url": "https://instagram.fbga1-4.fna.fbcdn.net/v/t51.2885-19/s150x150/116713279_329296981536344_3404171181868667674_n.jpg?_nc_ht=instagram.fbga1-4.fna.fbcdn.net&_nc_ohc=e_8u8kf3ZDMAX9GL6vk&oh=cb797d66d56f5631c9bff6ad98af462e&oe=5F97C031",
                    "username": "epk"
                },
                "likes_count": 0
            }
        ]
    }
]