[
    {
        "id": 18080445376076773,
        "created_at": 1565280536,
        "text": "En la p\u00e1gina est\u00e1 agotado este vestido, donde m\u00e1s lo puedo conseguir",
        "owner": {
            "id": "1017859315",
            "is_verified": false,
            "profile_pic_url": "https://instagram.fbga1-4.fna.fbcdn.net/v/t51.2885-19/s150x150/113357470_949359445527462_4050413837898867023_n.jpg?_nc_ht=instagram.fbga1-4.fna.fbcdn.net&_nc_ohc=E39gq7oKn5QAX-imTud&oh=107a6d430c7f6f67b8e561b30c58b115&oe=5F96698D",
            "username": "mayicla"
        },
        "likes_count": 0,
        "answers": []
    },
    {
        "id": 18008399695241268,
        "created_at": 1564691817,
        "text": "Como hago para comprarlo",
        "owner": {
            "id": "1017859315",
            "is_verified": false,
            "profile_pic_url": "https://instagram.fbga1-4.fna.fbcdn.net/v/t51.2885-19/s150x150/113357470_949359445527462_4050413837898867023_n.jpg?_nc_ht=instagram.fbga1-4.fna.fbcdn.net&_nc_ohc=E39gq7oKn5QAX-imTud&oh=107a6d430c7f6f67b8e561b30c58b115&oe=5F96698D",
            "username": "mayicla"
        },
        "likes_count": 0,
        "answers": []
    },
    {
        "id": 17877317290410379,
        "created_at": 1564410278,
        "text": "Me encanta!..pero veo que ac\u00e1 en valledupar solo venden para ni\u00f1as chiquitas. No veo para tallas 12 ni 14\u2639",
        "owner": {
            "id": "7944778236",
            "is_verified": false,
            "profile_pic_url": "https://instagram.fbga1-4.fna.fbcdn.net/v/t51.2885-19/s150x150/80437827_112192680186017_8015481277345955840_n.jpg?_nc_ht=instagram.fbga1-4.fna.fbcdn.net&_nc_ohc=xOK-ctqlgycAX-nMWFC&oh=ed3203511c51ada4b2cf2f825bac460a&oe=5F9545F1",
            "username": "taticamendoza79"
        },
        "likes_count": 0,
        "answers": []
    },
    {
        "id": 18089424829026727,
        "created_at": 1564191318,
        "text": "Precio ?",
        "owner": {
            "id": "1635498417",
            "is_verified": false,
            "profile_pic_url": "https://instagram.fbga1-4.fna.fbcdn.net/v/t51.2885-19/s150x150/119216201_349375999519068_1082087060400826139_n.jpg?_nc_ht=instagram.fbga1-4.fna.fbcdn.net&_nc_ohc=Nvq_D9ClY9gAX8P1Xqu&oh=ab577d8962f7c7b3c1082909e47b3ee8&oe=5F95AC8E",
            "username": "mapv2202"
        },
        "likes_count": 0,
        "answers": []
    },
    {
        "id": 17914752589321345,
        "created_at": 1563893229,
        "text": "Le gusta a isabela mazorra_model",
        "owner": {
            "id": "14585912059",
            "is_verified": false,
            "profile_pic_url": "https://instagram.fbga1-4.fna.fbcdn.net/v/t51.2885-19/s150x150/109695470_645628909714814_2640778800750654563_n.jpg?_nc_ht=instagram.fbga1-4.fna.fbcdn.net&_nc_ohc=JtQijc30EiMAX-wrKjU&oh=ec85ce8828a5ffd14cac5f37a433890a&oe=5F97CB53",
            "username": "isabelamazorra_model"
        },
        "likes_count": 1,
        "answers": []
    }
]