[
    {
        "id": 18079230568093002,
        "created_at": 1572882295,
        "text": "Que precio tiene",
        "owner": {
            "id": "811624185",
            "is_verified": false,
            "profile_pic_url": "https://instagram.fbga1-4.fna.fbcdn.net/v/t51.2885-19/s150x150/31571576_1609052625870241_2333242963531923456_n.jpg?_nc_ht=instagram.fbga1-4.fna.fbcdn.net&_nc_ohc=QYGB10vKQIcAX-X16mW&oh=9f8b6263d776af472f06725e69207dcb&oe=5F94B777",
            "username": "claufranco16"
        },
        "likes_count": 0,
        "answers": []
    },
    {
        "id": 17856859576517953,
        "created_at": 1566955759,
        "text": "Precio por favor",
        "owner": {
            "id": "2301457634",
            "is_verified": false,
            "profile_pic_url": "https://instagram.fbga1-4.fna.fbcdn.net/v/t51.2885-19/s150x150/118734103_239383434039360_1458388275199304003_n.jpg?_nc_ht=instagram.fbga1-4.fna.fbcdn.net&_nc_ohc=s6VMbZPoLY0AX9N89IY&oh=2e7b164a2bf599fac0d870e382302929&oe=5F97963D",
            "username": "osan_deivis"
        },
        "likes_count": 0,
        "answers": []
    },
    {
        "id": 18080144035018906,
        "created_at": 1562042256,
        "text": "Como hago para ser parte del club baby epk. Si en la tienda no disponen de formularios . \ud83d\ude2dSiempre me pasa . Hay otra forma de tenerlo \ud83d\ude4f\ud83c\udffd???",
        "owner": {
            "id": "5869006560",
            "is_verified": false,
            "profile_pic_url": "https://instagram.fbga1-4.fna.fbcdn.net/v/t51.2885-19/s150x150/120091122_2771507409789294_1145520901446072969_n.jpg?_nc_ht=instagram.fbga1-4.fna.fbcdn.net&_nc_ohc=WUtPJi66LcEAX9Oamzf&oh=c8cdc7fffa6a26cd1a025a3df55544b0&oe=5F952098",
            "username": "vivianasantoss"
        },
        "likes_count": 0,
        "answers": []
    },
    {
        "id": 18046160623183182,
        "created_at": 1561921497,
        "text": "\u2764\ufe0f",
        "owner": {
            "id": "1679328319",
            "is_verified": false,
            "profile_pic_url": "https://instagram.fbga1-4.fna.fbcdn.net/v/t51.2885-19/s150x150/94139075_1296810580708166_2945017250475671552_n.jpg?_nc_ht=instagram.fbga1-4.fna.fbcdn.net&_nc_ohc=hwQHC3kaWOIAX8WklCx&oh=ffff2344b732c9915c7d9b117e07135f&oe=5F9854C7",
            "username": "vanecocu"
        },
        "likes_count": 0,
        "answers": []
    },
    {
        "id": 17848461973477262,
        "created_at": 1561824320,
        "text": "Publican las prendas y no las consigue uno.. Me parece un emga\u00f1o",
        "owner": {
            "id": "11410044150",
            "is_verified": false,
            "profile_pic_url": "https://instagram.fbga1-4.fna.fbcdn.net/v/t51.2885-19/s150x150/61502868_396119317654294_438410496136183808_n.jpg?_nc_ht=instagram.fbga1-4.fna.fbcdn.net&_nc_ohc=br9m-meM708AX9Ff5By&oh=04c38cd7fdfd967ce5ba16287716be13&oe=5F973224",
            "username": "patriciacastaneda14"
        },
        "likes_count": 0,
        "answers": []
    },
    {
        "id": 17997202228244080,
        "created_at": 1561824290,
        "text": "Es verda publiv",
        "owner": {
            "id": "11410044150",
            "is_verified": false,
            "profile_pic_url": "https://instagram.fbga1-4.fna.fbcdn.net/v/t51.2885-19/s150x150/61502868_396119317654294_438410496136183808_n.jpg?_nc_ht=instagram.fbga1-4.fna.fbcdn.net&_nc_ohc=br9m-meM708AX9Ff5By&oh=04c38cd7fdfd967ce5ba16287716be13&oe=5F973224",
            "username": "patriciacastaneda14"
        },
        "likes_count": 0,
        "answers": []
    },
    {
        "id": 18063251848103403,
        "created_at": 1561790029,
        "text": "No se porque publica prendas que no hay en tienda fisica ni online \ud83d\ude11",
        "owner": {
            "id": "13318394534",
            "is_verified": false,
            "profile_pic_url": "https://instagram.fbga1-4.fna.fbcdn.net/v/t51.2885-19/s150x150/119999717_1013836395750124_6661365100711147215_n.jpg?_nc_ht=instagram.fbga1-4.fna.fbcdn.net&_nc_ohc=Ca92i7_z0_4AX92HsjU&oh=8cbfc9283618445815eb265b50d0e24f&oe=5F9719B7",
            "username": "oficialmendezvalentina"
        },
        "likes_count": 2,
        "answers": []
    },
    {
        "id": 17853374383458807,
        "created_at": 1561778912,
        "text": "Que quede claro, al bebe no a la ropa \ud83d\ude18",
        "owner": {
            "id": "7523703417",
            "is_verified": false,
            "profile_pic_url": "https://instagram.fbga1-4.fna.fbcdn.net/v/t51.2885-19/s150x150/30086847_173117980015508_6905819735611408384_n.jpg?_nc_ht=instagram.fbga1-4.fna.fbcdn.net&_nc_ohc=oHeExaNDFwEAX_QN9dK&oh=6fa65209078cadf225f15901e26df408&oe=5F96D2B5",
            "username": "bordados_l.e"
        },
        "likes_count": 1,
        "answers": []
    },
    {
        "id": 17888334403361279,
        "created_at": 1561766665,
        "text": "\ud83d\ude0d",
        "owner": {
            "id": "1995808154",
            "is_verified": false,
            "profile_pic_url": "https://instagram.fbga1-4.fna.fbcdn.net/v/t51.2885-19/39314905_656050728114860_115432258306834432_n.jpg?_nc_ht=instagram.fbga1-4.fna.fbcdn.net&_nc_ohc=_2V4z1K4YmsAX_vpSEy&oh=b8203698880ff1d726702fcccc8c19bf&oe=5F9563B4",
            "username": "keny_rous"
        },
        "likes_count": 0,
        "answers": []
    },
    {
        "id": 17901804127335367,
        "created_at": 1561764118,
        "text": "\ud83d\ude0d\ud83d\ude0d\ud83d\ude0d",
        "owner": {
            "id": "2872416124",
            "is_verified": false,
            "profile_pic_url": "https://instagram.fbga1-4.fna.fbcdn.net/v/t51.2885-19/s150x150/12716995_969107069844737_2077141316_a.jpg?_nc_ht=instagram.fbga1-4.fna.fbcdn.net&_nc_ohc=lbQetshiTGMAX-WyIB5&oh=a21c8c0560317230ac6873920f0ba097&oe=5F95EFA2",
            "username": "pediatra_"
        },
        "likes_count": 0,
        "answers": []
    },
    {
        "id": 17877019627377979,
        "created_at": 1561762936,
        "text": "Que hermosura Dios.!\ud83d\udc9a\ud83d\ude0d",
        "owner": {
            "id": "9127849250",
            "is_verified": false,
            "profile_pic_url": "https://instagram.fbga1-4.fna.fbcdn.net/v/t51.2885-19/s150x150/102446465_1480818662110518_6915539903732252672_n.jpg?_nc_ht=instagram.fbga1-4.fna.fbcdn.net&_nc_ohc=vFjHHuM8WnUAX-YBYeb&oh=8392062319d66b86f8fcd7c26e7c7f3c&oe=5F95C4EF",
            "username": "zoe_selen_sarria"
        },
        "likes_count": 1,
        "answers": []
    }
]