[
    {
        "id": 18029450098167432,
        "created_at": 1557964699,
        "text": "Muchas gracias EPK por sus grandes deseos.",
        "owner": {
            "id": "1499941866",
            "is_verified": false,
            "profile_pic_url": "https://instagram.fbga1-4.fna.fbcdn.net/v/t51.2885-19/s150x150/75501168_560233927868572_3286421001084076032_n.jpg?_nc_ht=instagram.fbga1-4.fna.fbcdn.net&_nc_ohc=eCk3uQYP4HQAX9h5gzz&oh=429af9682da1b42f9c94050a6d2adf5f&oe=5F973AC3",
            "username": "mary_ortega30"
        },
        "likes_count": 1,
        "answers": []
    },
    {
        "id": 18067189270048735,
        "created_at": 1557937324,
        "text": "Gracias",
        "owner": {
            "id": "4282700510",
            "is_verified": false,
            "profile_pic_url": "https://instagram.fbga1-4.fna.fbcdn.net/v/t51.2885-19/s150x150/26402076_945098625642944_2415606559229870080_n.jpg?_nc_ht=instagram.fbga1-4.fna.fbcdn.net&_nc_ohc=uTIpw2U9A7wAX-lY0KO&oh=6dfd83af92f9ae0e13598a001bdc4045&oe=5F95D14A",
            "username": "nellycc16"
        },
        "likes_count": 1,
        "answers": []
    },
    {
        "id": 18069422119061908,
        "created_at": 1557936143,
        "text": "Jajajja gracias.",
        "owner": {
            "id": "1113020270",
            "is_verified": false,
            "profile_pic_url": "https://instagram.fbga1-4.fna.fbcdn.net/v/t51.2885-19/s150x150/57104328_323481851695155_6124138342029197312_n.jpg?_nc_ht=instagram.fbga1-4.fna.fbcdn.net&_nc_ohc=UbCtzT02-GgAX_3aZ-K&oh=21704c3095f85f8221234ad9137d5756&oe=5F9708AB",
            "username": "yisethhernandez1991"
        },
        "likes_count": 1,
        "answers": []
    },
    {
        "id": 17881608664350708,
        "created_at": 1557932601,
        "text": "@yildartz  jajaja\ud83d\udc4f\ud83d\udc4f",
        "owner": {
            "id": "1413274742",
            "is_verified": false,
            "profile_pic_url": "https://instagram.fbga1-4.fna.fbcdn.net/v/t51.2885-19/s150x150/119121793_2772040706358924_8160708426485265686_n.jpg?_nc_ht=instagram.fbga1-4.fna.fbcdn.net&_nc_ohc=DQg1JACtsbcAX9CWNwT&oh=95de776696b7e78441618c12a7bd91df&oe=5F96CB61",
            "username": "ednapozo"
        },
        "likes_count": 2,
        "answers": []
    }
]