[
    {
        "id": 17845871386422320,
        "created_at": 1556142666,
        "text": "Buenas tardes el vestido con amarillo del video que precio tiene?",
        "owner": {
            "id": "1407131479",
            "is_verified": false,
            "profile_pic_url": "https://instagram.fbga1-4.fna.fbcdn.net/v/t51.2885-19/s150x150/17267803_195051217660250_8167036285081354240_a.jpg?_nc_ht=instagram.fbga1-4.fna.fbcdn.net&_nc_ohc=LuD-n7Y__EUAX9eyjBH&oh=32086488ba19ec002bf29fdf43b187ea&oe=5F97FA72",
            "username": "katamaval"
        },
        "likes_count": 0,
        "answers": [
            {
                "id": 17853810493392935,
                "created_at": 1556142718,
                "text": "@katamaval \u00a1Hola! \u00a1Te invitamos a visitarnos en www.epk.com y descubrir todas las prendas que tenemos para ti! \u2764\ufe0f",
                "owner": {
                    "id": "208034677",
                    "is_verified": true,
                    "profile_pic_url": "https://instagram.fbga1-4.fna.fbcdn.net/v/t51.2885-19/s150x150/116713279_329296981536344_3404171181868667674_n.jpg?_nc_ht=instagram.fbga1-4.fna.fbcdn.net&_nc_ohc=e_8u8kf3ZDMAX9GL6vk&oh=cb797d66d56f5631c9bff6ad98af462e&oe=5F97C031",
                    "username": "epk"
                },
                "likes_count": 0
            }
        ]
    },
    {
        "id": 18038710990079806,
        "created_at": 1553190620,
        "text": "Podr\u00edan hacer talla 14 por favor y 16 se me hace casi que imposible encontrarle ropa a mi hija de 10 a\u00f1os",
        "owner": {
            "id": "1317562986",
            "is_verified": false,
            "profile_pic_url": "https://instagram.fbga1-4.fna.fbcdn.net/v/t51.2885-19/s150x150/83308849_517945632160593_4439992085134704640_n.jpg?_nc_ht=instagram.fbga1-4.fna.fbcdn.net&_nc_ohc=GxyNkyfz9mMAX-IDa1P&oh=8f13ec923ab9d78d3a162b32faddb46e&oe=5F972E67",
            "username": "ftslgomez"
        },
        "likes_count": 1,
        "answers": [
            {
                "id": 18007826758173917,
                "created_at": 1553291522,
                "text": "@ftslgomez hola! Gracias por tu mensaje. Lo tendremos en cuenta \ud83d\ude0a\u2764\ufe0f",
                "owner": {
                    "id": "208034677",
                    "is_verified": true,
                    "profile_pic_url": "https://instagram.fbga1-4.fna.fbcdn.net/v/t51.2885-19/s150x150/116713279_329296981536344_3404171181868667674_n.jpg?_nc_ht=instagram.fbga1-4.fna.fbcdn.net&_nc_ohc=e_8u8kf3ZDMAX9GL6vk&oh=cb797d66d56f5631c9bff6ad98af462e&oe=5F97C031",
                    "username": "epk"
                },
                "likes_count": 0
            }
        ]
    }
]