[
    {
        "id": 17845698385543559,
        "created_at": 1564274257,
        "text": "Lo tienen disponible talla 12?",
        "owner": {
            "id": "465556369",
            "is_verified": false,
            "profile_pic_url": "https://instagram.fbga1-4.fna.fbcdn.net/v/t51.2885-19/s150x150/117295048_2972031353086139_477414750242712239_n.jpg?_nc_ht=instagram.fbga1-4.fna.fbcdn.net&_nc_ohc=QqeqFnPQRbcAX-t56kd&oh=f4f7d751e3c3606e089b07ed8523036e&oe=5F96966E",
            "username": "claupacos18"
        },
        "likes_count": 0,
        "answers": []
    },
    {
        "id": 18068530129106540,
        "created_at": 1564152892,
        "text": "Hola @epk en que parte puedo conseguir este vestido talla 3 santa marta o riohacha xfavvvv \ud83d\ude0d\ud83d\ude0d\ud83d\ude0d",
        "owner": {
            "id": "4219339735",
            "is_verified": false,
            "profile_pic_url": "https://instagram.fbga1-4.fna.fbcdn.net/v/t51.2885-19/s150x150/73385873_3301281936578651_7187229016502304768_n.jpg?_nc_ht=instagram.fbga1-4.fna.fbcdn.net&_nc_ohc=4vMiO-vscysAX9s8DSW&oh=c0b77fe2adbd29afe3b8fbb15812ccc9&oe=5F94DFF3",
            "username": "mayra.mendoza1979"
        },
        "likes_count": 0,
        "answers": []
    },
    {
        "id": 17847785521498814,
        "created_at": 1562810997,
        "text": "Me encanto este vestido lo puedo encontrar  en bucaramanga y que precio tiene",
        "owner": {
            "id": "13996118445",
            "is_verified": false,
            "profile_pic_url": "https://instagram.fbga1-4.fna.fbcdn.net/v/t51.2885-19/s150x150/82434658_769953810416134_7630578983719040171_n.jpg?_nc_ht=instagram.fbga1-4.fna.fbcdn.net&_nc_ohc=WkAAeTNDmDgAX-x2cNv&oh=084b737b87f181a18ea60a3768044c27&oe=5F969FBC",
            "username": "sofiitubers"
        },
        "likes_count": 0,
        "answers": [
            {
                "id": 17874401758406062,
                "created_at": 1562950007,
                "text": "@sofiitubers \u00a1Hola! \u00a1Te invitamos a visitarnos y descubrir todas las prendas que tenemos para ti! \u2764\ufe0f",
                "owner": {
                    "id": "208034677",
                    "is_verified": true,
                    "profile_pic_url": "https://instagram.fbga1-4.fna.fbcdn.net/v/t51.2885-19/s150x150/116713279_329296981536344_3404171181868667674_n.jpg?_nc_ht=instagram.fbga1-4.fna.fbcdn.net&_nc_ohc=e_8u8kf3ZDMAX9GL6vk&oh=cb797d66d56f5631c9bff6ad98af462e&oe=5F97C031",
                    "username": "epk"
                },
                "likes_count": 0
            }
        ]
    },
    {
        "id": 18017781373202156,
        "created_at": 1562611855,
        "text": "Precio por favor",
        "owner": {
            "id": "1458781030",
            "is_verified": false,
            "profile_pic_url": "https://instagram.fbga1-4.fna.fbcdn.net/v/t51.2885-19/s150x150/118580738_355539002271149_3077387304533207330_n.jpg?_nc_ht=instagram.fbga1-4.fna.fbcdn.net&_nc_ohc=ksJN5rupAmcAX-xuTkF&oh=355ddda0af331a276203db781bbbf73b&oe=5F953D31",
            "username": "karenvargas.09"
        },
        "likes_count": 1,
        "answers": [
            {
                "id": 18077781241067544,
                "created_at": 1562624811,
                "text": "@karenvargas.09 Hola! Vis\u00edtanos en epk.com y descubre todos nuestros precios. Feliz d\u00eda \ud83d\ude0a",
                "owner": {
                    "id": "208034677",
                    "is_verified": true,
                    "profile_pic_url": "https://instagram.fbga1-4.fna.fbcdn.net/v/t51.2885-19/s150x150/116713279_329296981536344_3404171181868667674_n.jpg?_nc_ht=instagram.fbga1-4.fna.fbcdn.net&_nc_ohc=e_8u8kf3ZDMAX9GL6vk&oh=cb797d66d56f5631c9bff6ad98af462e&oe=5F97C031",
                    "username": "epk"
                },
                "likes_count": 1
            }
        ]
    },
    {
        "id": 18063199630118474,
        "created_at": 1562603869,
        "text": "Cuando de nuevo en sambil Maracaibo \ud83d\ude4f\ud83c\udffb\ud83d\ude29",
        "owner": {
            "id": "2237205050",
            "is_verified": false,
            "profile_pic_url": "https://instagram.fbga1-4.fna.fbcdn.net/v/t51.2885-19/s150x150/13694739_1198581900193554_221059653_a.jpg?_nc_ht=instagram.fbga1-4.fna.fbcdn.net&_nc_ohc=XxdDrO8tAnQAX-jUIQf&oh=6c523a34a768e38d9d83a0830aa00845&oe=5F964B47",
            "username": "paisajesvenezolanos009"
        },
        "likes_count": 1,
        "answers": [
            {
                "id": 17903852626329989,
                "created_at": 1562624870,
                "text": "@paisajesvenezolanos009 Buenas tardes! Vis\u00edtanos en tu tienda EPK m\u00e1s cercana en C\u00facuta \ud83d\ude03\ud83d\ude03",
                "owner": {
                    "id": "208034677",
                    "is_verified": true,
                    "profile_pic_url": "https://instagram.fbga1-4.fna.fbcdn.net/v/t51.2885-19/s150x150/116713279_329296981536344_3404171181868667674_n.jpg?_nc_ht=instagram.fbga1-4.fna.fbcdn.net&_nc_ohc=e_8u8kf3ZDMAX9GL6vk&oh=cb797d66d56f5631c9bff6ad98af462e&oe=5F97C031",
                    "username": "epk"
                },
                "likes_count": 0
            }
        ]
    }
]