[
    {
        "id": 17861889385320472,
        "created_at": 1548914292,
        "text": "Como  inscribio a mi bb",
        "owner": {
            "id": "8988773812",
            "is_verified": false,
            "profile_pic_url": "https://instagram.fbga1-4.fna.fbcdn.net/v/t51.2885-19/s150x150/118859471_953215905156545_823784169371753552_n.jpg?_nc_ht=instagram.fbga1-4.fna.fbcdn.net&_nc_ohc=PEh8f33C2N0AX_APC9A&oh=d1ebc6fbffa55dea110ed9a69327c4c8&oe=5F97C946",
            "username": "maiaajeans"
        },
        "likes_count": 0,
        "answers": []
    },
    {
        "id": 17996925133152433,
        "created_at": 1548876983,
        "text": "Me gustar\u00eda inscribir a mi ni\u00f1a c\u00f3mo hago gracias",
        "owner": {
            "id": "2177644497",
            "is_verified": false,
            "profile_pic_url": "https://instagram.fbga1-4.fna.fbcdn.net/v/t51.2885-19/s150x150/118556700_859558111242838_4762116691407535271_n.jpg?_nc_ht=instagram.fbga1-4.fna.fbcdn.net&_nc_ohc=nw2jCgGFBFEAX98wZWm&oh=86b42f81b8c38fa7ca4f238110763e4f&oe=5F961691",
            "username": "ivanna_flaka"
        },
        "likes_count": 0,
        "answers": []
    },
    {
        "id": 17935807252261198,
        "created_at": 1548866723,
        "text": "En Popay\u00e1n no escogieron preseleccionados lastima @epk",
        "owner": {
            "id": "2228190549",
            "is_verified": false,
            "profile_pic_url": "https://instagram.fbga1-4.fna.fbcdn.net/v/t51.2885-19/s150x150/89377203_192459825318533_6154259046460293120_n.jpg?_nc_ht=instagram.fbga1-4.fna.fbcdn.net&_nc_ohc=L111XBlzeY8AX8RFkY3&oh=9897f523bfca8433efd112617ba281d2&oe=5F9794A5",
            "username": "sandra9526n"
        },
        "likes_count": 0,
        "answers": []
    },
    {
        "id": 17854550089335670,
        "created_at": 1548823002,
        "text": "Terrible !! Colocan reglas para participar y al final no las cumplen. Terrible este concurso. \nCre\u00ed que @epk era una empresa seria \ud83d\ude21",
        "owner": {
            "id": "1481305670",
            "is_verified": false,
            "profile_pic_url": "https://instagram.fbga1-4.fna.fbcdn.net/v/t51.2885-19/s150x150/91156628_208925740423825_5470216200980004864_n.jpg?_nc_ht=instagram.fbga1-4.fna.fbcdn.net&_nc_ohc=Q-yyir6sUs8AX8AJMAR&oh=520e0c4685f1c931ae152dbefd7d915f&oe=5F985077",
            "username": "milenaplata17"
        },
        "likes_count": 1,
        "answers": []
    },
    {
        "id": 17951668870242279,
        "created_at": 1548803825,
        "text": "Hola Quiero que mi bebe sea modelo adonde  me comunico gracias",
        "owner": {
            "id": "9066166656",
            "is_verified": false,
            "profile_pic_url": "https://instagram.fdel1-3.fna.fbcdn.net/v/t51.2885-19/44884218_345707102882519_2446069589734326272_n.jpg?_nc_ht=instagram.fdel1-3.fna.fbcdn.net&_nc_ohc=RLYRR3IenIMAX-OmgdA&oh=f702f6b5e59ca6b6da725d847fce1e8c&oe=5F96310F&ig_cache_key=YW5vbnltb3VzX3Byb2ZpbGVfcGlj.2",
            "username": "dianapcastillogarcia"
        },
        "likes_count": 0,
        "answers": []
    },
    {
        "id": 17896600402291332,
        "created_at": 1548786940,
        "text": "Jsss",
        "owner": {
            "id": "2886490486",
            "is_verified": false,
            "profile_pic_url": "https://instagram.fbga1-4.fna.fbcdn.net/v/t51.2885-19/s150x150/105279093_611602553103595_1506082530617499514_n.jpg?_nc_ht=instagram.fbga1-4.fna.fbcdn.net&_nc_ohc=yTytC4dLYZMAX-fSKUq&oh=46ef7b7e6d4d57eeeb1024a4a15cdb92&oe=5F96B936",
            "username": "carmenpatricia8116"
        },
        "likes_count": 0,
        "answers": []
    },
    {
        "id": 17985705526195858,
        "created_at": 1548786483,
        "text": "Epk vuelve porcfavor a venezuels",
        "owner": {
            "id": "2016991556",
            "is_verified": false,
            "profile_pic_url": "https://instagram.fbga1-4.fna.fbcdn.net/v/t51.2885-19/s150x150/33210414_616183182108222_7880947001666306048_n.jpg?_nc_ht=instagram.fbga1-4.fna.fbcdn.net&_nc_ohc=DvaEJhBQtQkAX_4mZER&oh=40817df977dbc2f04dbcfc44268aa23e&oe=5F96947B",
            "username": "dayumayanett"
        },
        "likes_count": 0,
        "answers": []
    },
    {
        "id": 17896516732291464,
        "created_at": 1548785074,
        "text": "\ud83d\udc4f\ud83d\udc4f\ud83d\udc4f\ud83d\udc4f\ud83d\udc4f\ud83d\udc4f",
        "owner": {
            "id": "3219768919",
            "is_verified": false,
            "profile_pic_url": "https://instagram.fbga1-4.fna.fbcdn.net/v/t51.2885-19/s150x150/100952171_902746473469417_6818499081933946880_n.jpg?_nc_ht=instagram.fbga1-4.fna.fbcdn.net&_nc_ohc=iMDdcfr3V_gAX9SQ-Jl&oh=29099bac35addcbc2adedf60bcd1def9&oe=5F9752C8",
            "username": "andreahenaocardenas"
        },
        "likes_count": 0,
        "answers": []
    },
    {
        "id": 18029259289002144,
        "created_at": 1548785069,
        "text": "Preciso ganan los hijos de ella, de las amigas o de la familia de ella , que mafia tan est\u00fapida",
        "owner": {
            "id": "3219768919",
            "is_verified": false,
            "profile_pic_url": "https://instagram.fbga1-4.fna.fbcdn.net/v/t51.2885-19/s150x150/100952171_902746473469417_6818499081933946880_n.jpg?_nc_ht=instagram.fbga1-4.fna.fbcdn.net&_nc_ohc=iMDdcfr3V_gAX9SQ-Jl&oh=29099bac35addcbc2adedf60bcd1def9&oe=5F9752C8",
            "username": "andreahenaocardenas"
        },
        "likes_count": 7,
        "answers": []
    },
    {
        "id": 17985303445195681,
        "created_at": 1548783316,
        "text": "\ud83d\ude2d\ud83d\ude2d\ud83d\ude2d",
        "owner": {
            "id": "948821190",
            "is_verified": false,
            "profile_pic_url": "https://instagram.fbga1-4.fna.fbcdn.net/v/t51.2885-19/s150x150/79787369_779285992569327_5487026359379165184_n.jpg?_nc_ht=instagram.fbga1-4.fna.fbcdn.net&_nc_ohc=6rxpE_0x-14AX_Lv7Gv&oh=a3aea7b111b4a2211ea556f70b87a749&oe=5F961BE6",
            "username": "caritoalfonso1"
        },
        "likes_count": 0,
        "answers": []
    }
]