[
    {
        "id": 17842792870521044,
        "created_at": 1562271589,
        "text": "Hola @epk yo estoy intentando y si los correos rebotan, queremos que nuestra hija haga parte del club.",
        "owner": {
            "id": "1593186999",
            "is_verified": false,
            "profile_pic_url": "https://instagram.fbga1-4.fna.fbcdn.net/v/t51.2885-19/s150x150/14350476_1183105455045858_1847370351_a.jpg?_nc_ht=instagram.fbga1-4.fna.fbcdn.net&_nc_ohc=dgVe1nyspN4AX-_gihe&oh=b0eae6ea323ce35ef0ae0575c5aeda1b&oe=5F963C4E",
            "username": "mariocaicedofoto"
        },
        "likes_count": 0,
        "answers": []
    },
    {
        "id": 17865198271380644,
        "created_at": 1558135368,
        "text": "Hola me gustar\u00eda que mi hija de 9 meses participara en una campa\u00f1a de EPK, como podr\u00eda hacer para que ella participe ? Gracias \ud83d\ude4c\ud83c\udf38",
        "owner": {
            "id": "8757132489",
            "is_verified": false,
            "profile_pic_url": "https://instagram.fbga1-4.fna.fbcdn.net/v/t51.2885-19/s150x150/119201765_753538598553695_2927616163223009576_n.jpg?_nc_ht=instagram.fbga1-4.fna.fbcdn.net&_nc_ohc=uMZMOQTSbxYAX-77kGl&oh=7effcb4fd6f13f949a9c49b1179077af&oe=5F9824E7",
            "username": "dulce_reina19"
        },
        "likes_count": 0,
        "answers": []
    },
    {
        "id": 18039258883085300,
        "created_at": 1557757984,
        "text": "En febrero me inscrib\u00ed y a\u00fan no me ha llegado la notificaci\u00f3n \ud83d\ude15 @epk",
        "owner": {
            "id": "770058938",
            "is_verified": false,
            "profile_pic_url": "https://instagram.fbga1-4.fna.fbcdn.net/v/t51.2885-19/s150x150/119107161_1065215507225189_281222484384178861_n.jpg?_nc_ht=instagram.fbga1-4.fna.fbcdn.net&_nc_ohc=FOPDDH4a6zkAX-TL0_u&oh=7481feb846a5683ec86ec80e242426cb&oe=5F982840",
            "username": "vivy_gt08"
        },
        "likes_count": 0,
        "answers": [
            {
                "id": 18048276394119560,
                "created_at": 1557843880,
                "text": "@vivy_gt08 Hola!\n\nPor favor env\u00edanos tus datos a nuestro correo clubabyepk@epk.com y con gusto validaremos tu estado en el club baby. Saludos! \u2764\ufe0f",
                "owner": {
                    "id": "208034677",
                    "is_verified": true,
                    "profile_pic_url": "https://instagram.fbga1-4.fna.fbcdn.net/v/t51.2885-19/s150x150/116713279_329296981536344_3404171181868667674_n.jpg?_nc_ht=instagram.fbga1-4.fna.fbcdn.net&_nc_ohc=e_8u8kf3ZDMAX9GL6vk&oh=cb797d66d56f5631c9bff6ad98af462e&oe=5F97C031",
                    "username": "epk"
                },
                "likes_count": 1
            },
            {
                "id": 18031812862159710,
                "created_at": 1557880092,
                "text": "@epk me rebota el correo",
                "owner": {
                    "id": "770058938",
                    "is_verified": false,
                    "profile_pic_url": "https://instagram.fbga1-4.fna.fbcdn.net/v/t51.2885-19/s150x150/119107161_1065215507225189_281222484384178861_n.jpg?_nc_ht=instagram.fbga1-4.fna.fbcdn.net&_nc_ohc=FOPDDH4a6zkAX-TL0_u&oh=7481feb846a5683ec86ec80e242426cb&oe=5F982840",
                    "username": "vivy_gt08"
                },
                "likes_count": 0
            }
        ]
    },
    {
        "id": 17854293877414804,
        "created_at": 1557667741,
        "text": "\u2764\ufe0fhola me gustar\u00eda tener la posibilidad de que mis beb\u00e9s de 1(ni\u00f1o)  y 3 (ni\u00f1a) aparecieran en alguna campa\u00f1a de EPK . Qu\u00e9 debo hacer ? Gracias por su atenci\u00f3n !",
        "owner": {
            "id": "723134410",
            "is_verified": false,
            "profile_pic_url": "https://instagram.fbga1-4.fna.fbcdn.net/v/t51.2885-19/11419180_747753568681463_490661957_a.jpg?_nc_ht=instagram.fbga1-4.fna.fbcdn.net&_nc_ohc=F-SsaIE5SoEAX-7R7Y1&oh=8213f8e4b9b2589aa97e7fc81574a3a9&oe=5F96EB15",
            "username": "mafedel"
        },
        "likes_count": 1,
        "answers": [
            {
                "id": 18062425894070351,
                "created_at": 1557843904,
                "text": "@mafedel \u00a1Hola, Mafe! \u00a1Te invitamos a estar al tanto en nuestras redes y medios de comunicaci\u00f3n para enterarte y participar en la pr\u00f3xima fecha de nuestro concurso Modelo EPK 2019! \u00a1Saludos!",
                "owner": {
                    "id": "208034677",
                    "is_verified": true,
                    "profile_pic_url": "https://instagram.fbga1-4.fna.fbcdn.net/v/t51.2885-19/s150x150/116713279_329296981536344_3404171181868667674_n.jpg?_nc_ht=instagram.fbga1-4.fna.fbcdn.net&_nc_ohc=e_8u8kf3ZDMAX9GL6vk&oh=cb797d66d56f5631c9bff6ad98af462e&oe=5F97C031",
                    "username": "epk"
                },
                "likes_count": 3
            }
        ]
    },
    {
        "id": 18065078794016394,
        "created_at": 1557662060,
        "text": "Linda \ud83d\ude18",
        "owner": {
            "id": "6734468276",
            "is_verified": false,
            "profile_pic_url": "https://instagram.fbga1-4.fna.fbcdn.net/v/t51.2885-19/s150x150/54510878_385327168977166_4765844467833896960_n.jpg?_nc_ht=instagram.fbga1-4.fna.fbcdn.net&_nc_ohc=agI-tXB2p_sAX9FZZ05&oh=7a8df50e1eaacf4e595afb5afb869307&oe=5F985D90",
            "username": "ledys.montalvo"
        },
        "likes_count": 1,
        "answers": []
    },
    {
        "id": 18033116971146342,
        "created_at": 1557635695,
        "text": "He comprado las prendas y no me dan formulario para ser parte del club epk",
        "owner": {
            "id": "1276461113",
            "is_verified": false,
            "profile_pic_url": "https://instagram.fbga1-4.fna.fbcdn.net/v/t51.2885-19/s150x150/96813264_266872034435613_8016632706538405888_n.jpg?_nc_ht=instagram.fbga1-4.fna.fbcdn.net&_nc_ohc=4qqpVl3SJxcAX96HQ3T&oh=d5b202409b7327ad6daa1694aaafb587&oe=5F97B5ED",
            "username": "estefaniabueno10"
        },
        "likes_count": 1,
        "answers": [
            {
                "id": 18036131131142316,
                "created_at": 1557843872,
                "text": "@estefaniabueno10 Hola!\n\nPor favor env\u00edanos tus datos a nuestro correo clubabyepk@epk.com y con gusto validaremos tu estado en el club baby. Saludos! \u2764\ufe0f",
                "owner": {
                    "id": "208034677",
                    "is_verified": true,
                    "profile_pic_url": "https://instagram.fbga1-4.fna.fbcdn.net/v/t51.2885-19/s150x150/116713279_329296981536344_3404171181868667674_n.jpg?_nc_ht=instagram.fbga1-4.fna.fbcdn.net&_nc_ohc=e_8u8kf3ZDMAX9GL6vk&oh=cb797d66d56f5631c9bff6ad98af462e&oe=5F97C031",
                    "username": "epk"
                },
                "likes_count": 0
            }
        ]
    },
    {
        "id": 17945313766302807,
        "created_at": 1557626587,
        "text": "\ud83d\ude0d\ud83d\ude0d\ud83d\ude0d",
        "owner": {
            "id": "193513386",
            "is_verified": true,
            "profile_pic_url": "https://instagram.fbga1-4.fna.fbcdn.net/v/t51.2885-19/s150x150/23101659_1522943334438010_4318393834338779136_n.jpg?_nc_ht=instagram.fbga1-4.fna.fbcdn.net&_nc_ohc=ZKq2Spk2eZgAX8ixx_L&oh=53a12df6b55ab457764a23c414b15d36&oe=5F962063",
            "username": "dianajanna"
        },
        "likes_count": 0,
        "answers": []
    },
    {
        "id": 17962938679271284,
        "created_at": 1557626484,
        "text": "\ud83d\ude0d\ud83d\ude0d\ud83d\ude0d",
        "owner": {
            "id": "193513386",
            "is_verified": true,
            "profile_pic_url": "https://instagram.fbga1-4.fna.fbcdn.net/v/t51.2885-19/s150x150/23101659_1522943334438010_4318393834338779136_n.jpg?_nc_ht=instagram.fbga1-4.fna.fbcdn.net&_nc_ohc=ZKq2Spk2eZgAX8ixx_L&oh=53a12df6b55ab457764a23c414b15d36&oe=5F962063",
            "username": "dianajanna"
        },
        "likes_count": 4,
        "answers": []
    },
    {
        "id": 17848899379434194,
        "created_at": 1557626149,
        "text": "\ud83d\ude0d\ud83d\ude0d\ud83d\ude0d",
        "owner": {
            "id": "792552024",
            "is_verified": false,
            "profile_pic_url": "https://instagram.fbga1-4.fna.fbcdn.net/v/t51.2885-19/s150x150/120090355_170536604571360_5622171437957636010_n.jpg?_nc_ht=instagram.fbga1-4.fna.fbcdn.net&_nc_ohc=1kh6oN7Ppo0AX8alVwM&oh=868f6425d5b7e50b09970e96b13cd7c6&oe=5F96E4E6",
            "username": "yazlod"
        },
        "likes_count": 2,
        "answers": []
    },
    {
        "id": 17898633433310051,
        "created_at": 1557624463,
        "text": "Hermosa!",
        "owner": {
            "id": "370841253",
            "is_verified": false,
            "profile_pic_url": "https://instagram.fbga1-4.fna.fbcdn.net/v/t51.2885-19/s150x150/82005057_260012261638588_967801284503535616_n.jpg?_nc_ht=instagram.fbga1-4.fna.fbcdn.net&_nc_ohc=9LmUtGjIYYIAX-c6m4M&oh=c6a128bf873ed9329ce543a754e7544e&oe=5F970FCA",
            "username": "anjimenezt"
        },
        "likes_count": 1,
        "answers": []
    },
    {
        "id": 18031701166147867,
        "created_at": 1557618247,
        "text": "Bebe preciosa",
        "owner": {
            "id": "300619997",
            "is_verified": false,
            "profile_pic_url": "https://instagram.fbga1-4.fna.fbcdn.net/v/t51.2885-19/11313586_702762243158028_1545189721_a.jpg?_nc_ht=instagram.fbga1-4.fna.fbcdn.net&_nc_ohc=lenYEIuVT1MAX9Hp6qS&oh=78336c490c45e33818b33e02d4ff5335&oe=5F98481F",
            "username": "tabathajanna"
        },
        "likes_count": 1,
        "answers": []
    }
]