[
    {
        "id": 18037871695046967,
        "created_at": 1551143847,
        "text": "Absolutamente encantadores \ud83d\udc97\ud83d\udc97\ud83d\udc97",
        "owner": {
            "id": "334585637",
            "is_verified": false,
            "profile_pic_url": "https://instagram.fbga1-4.fna.fbcdn.net/v/t51.2885-19/11313755_1619448234980254_2026265549_a.jpg?_nc_ht=instagram.fbga1-4.fna.fbcdn.net&_nc_ohc=6X1-O8EoJTgAX_o8TYY&oh=797a180b6ddbdbdfb71eb1324694ea14&oe=5F96445D",
            "username": "flatara"
        },
        "likes_count": 2,
        "answers": []
    },
    {
        "id": 17853891523358872,
        "created_at": 1551139263,
        "text": "Asy es ya fui ayer y le compre la ropa para el cumple de mi baby 6 de marzo",
        "owner": {
            "id": "1665200646",
            "is_verified": false,
            "profile_pic_url": "https://instagram.fbga1-4.fna.fbcdn.net/v/t51.2885-19/s150x150/11247104_902459216499463_1206084913_a.jpg?_nc_ht=instagram.fbga1-4.fna.fbcdn.net&_nc_ohc=BZMhQnM1R0EAX-BeyUc&oh=3d69ea0481797424c0477134c068bb27&oe=5F95B606",
            "username": "gensygalofre45"
        },
        "likes_count": 2,
        "answers": []
    }
]