[
    {
        "id": 17851599271722274,
        "created_at": 1574280463,
        "text": "@shaudypotes  le tengo ese su\u00e9ter a mi ahijada \ud83d\udc9e\ud83d\ude0d",
        "owner": {
            "id": "597914563",
            "is_verified": false,
            "profile_pic_url": "https://instagram.fbga1-4.fna.fbcdn.net/v/t51.2885-19/s150x150/119104120_308041680477928_6589195601458469608_n.jpg?_nc_ht=instagram.fbga1-4.fna.fbcdn.net&_nc_ohc=G-YNlrv41PYAX9xFOtu&oh=c57a12115e78a07e0b3618f6574ea70c&oe=5F95C4FF",
            "username": "adryvanessa14"
        },
        "likes_count": 0,
        "answers": []
    }
]