[
    {
        "id": 17997423943177699,
        "created_at": 1548526633,
        "text": "Esta ni\u00f1a se parece mucho a @alexandrahelena_ . Ser\u00e1 que es ella?",
        "owner": {
            "id": "477129525",
            "is_verified": false,
            "profile_pic_url": "https://instagram.fbga1-4.fna.fbcdn.net/v/t51.2885-19/s150x150/14533470_951671324944626_1371154024186773504_a.jpg?_nc_ht=instagram.fbga1-4.fna.fbcdn.net&_nc_ohc=oL2mDw7cnncAX8pbjzw&oh=16db07938875eabe270a8646f5fd127e&oe=5F97B0E7",
            "username": "francyl1805"
        },
        "likes_count": 0,
        "answers": [
            {
                "id": 18035391772009417,
                "created_at": 1548777541,
                "text": "@francyl1805 \u2764\ufe0f\u2764\ufe0f",
                "owner": {
                    "id": "208034677",
                    "is_verified": true,
                    "profile_pic_url": "https://instagram.fbga1-4.fna.fbcdn.net/v/t51.2885-19/s150x150/116713279_329296981536344_3404171181868667674_n.jpg?_nc_ht=instagram.fbga1-4.fna.fbcdn.net&_nc_ohc=e_8u8kf3ZDMAX9GL6vk&oh=cb797d66d56f5631c9bff6ad98af462e&oe=5F97C031",
                    "username": "epk"
                },
                "likes_count": 0
            }
        ]
    },
    {
        "id": 17965514413202992,
        "created_at": 1548494560,
        "text": "Huele a libertad\ud83d\ude4f pronto podr\u00e1n volver al pa\u00eds de donde nunca se deb\u00edan ir Venezuela , los recibiremos con los brazos abiertos !!!! Viva mi pa\u00eds el mejor del mundo VENEZUELA \ud83c\uddfb\ud83c\uddea\ud83c\uddfb\ud83c\uddea\ud83c\uddfb\ud83c\uddea\ud83c\uddfb\ud83c\uddea\ud83d\udc99\u2764\ufe0f",
        "owner": {
            "id": "1660196709",
            "is_verified": false,
            "profile_pic_url": "https://instagram.fbga1-4.fna.fbcdn.net/v/t51.2885-19/s150x150/26269215_154325648559076_7158715720761606144_n.jpg?_nc_ht=instagram.fbga1-4.fna.fbcdn.net&_nc_ohc=yWJo7b-BAuoAX-lShNX&oh=49567f692f103563ea1d77ddeb559d64&oe=5F966F9A",
            "username": "josehelensanz"
        },
        "likes_count": 1,
        "answers": [
            {
                "id": 17864836822310071,
                "created_at": 1548777552,
                "text": "@josehelensanz \u2764\ufe0f\u2764\ufe0f",
                "owner": {
                    "id": "208034677",
                    "is_verified": true,
                    "profile_pic_url": "https://instagram.fbga1-4.fna.fbcdn.net/v/t51.2885-19/s150x150/116713279_329296981536344_3404171181868667674_n.jpg?_nc_ht=instagram.fbga1-4.fna.fbcdn.net&_nc_ohc=e_8u8kf3ZDMAX9GL6vk&oh=cb797d66d56f5631c9bff6ad98af462e&oe=5F97C031",
                    "username": "epk"
                },
                "likes_count": 0
            }
        ]
    },
    {
        "id": 18027732433054553,
        "created_at": 1548457705,
        "text": "Nice\ud83d\udc4c",
        "owner": {
            "id": "9230156221",
            "is_verified": false,
            "profile_pic_url": "https://instagram.fbga1-4.fna.fbcdn.net/v/t51.2885-19/s150x150/43628358_602978253492949_5784738580211433472_n.jpg?_nc_ht=instagram.fbga1-4.fna.fbcdn.net&_nc_ohc=qrdEKehQ02MAX_iLE3T&oh=5e248a6c9a5391451920705e150a6cde&oe=5F96FE03",
            "username": "emi.help"
        },
        "likes_count": 0,
        "answers": [
            {
                "id": 18010975426117566,
                "created_at": 1548777539,
                "text": "@emi.help \ud83d\ude4c\u2764\ufe0f",
                "owner": {
                    "id": "208034677",
                    "is_verified": true,
                    "profile_pic_url": "https://instagram.fbga1-4.fna.fbcdn.net/v/t51.2885-19/s150x150/116713279_329296981536344_3404171181868667674_n.jpg?_nc_ht=instagram.fbga1-4.fna.fbcdn.net&_nc_ohc=e_8u8kf3ZDMAX9GL6vk&oh=cb797d66d56f5631c9bff6ad98af462e&oe=5F97C031",
                    "username": "epk"
                },
                "likes_count": 0
            }
        ]
    },
    {
        "id": 17962752091210710,
        "created_at": 1548455290,
        "text": "Hermosaaaaaa\ud83d\ude0d\ud83d\ude0d",
        "owner": {
            "id": "9213324065",
            "is_verified": false,
            "profile_pic_url": "https://instagram.fbga1-4.fna.fbcdn.net/v/t51.2885-19/s150x150/117630477_298804048011349_2442448163486148588_n.jpg?_nc_ht=instagram.fbga1-4.fna.fbcdn.net&_nc_ohc=faQedX4ZhFYAX9KNtrC&oh=758bbbf3289328087dee3d045a5e9e52&oe=5F965007",
            "username": "tataisabellapasajerealpe"
        },
        "likes_count": 0,
        "answers": [
            {
                "id": 18028031650006334,
                "created_at": 1548777533,
                "text": "@tatianaisabellapasaje \u2764\ufe0f\u2764\ufe0f",
                "owner": {
                    "id": "208034677",
                    "is_verified": true,
                    "profile_pic_url": "https://instagram.fbga1-4.fna.fbcdn.net/v/t51.2885-19/s150x150/116713279_329296981536344_3404171181868667674_n.jpg?_nc_ht=instagram.fbga1-4.fna.fbcdn.net&_nc_ohc=e_8u8kf3ZDMAX9GL6vk&oh=cb797d66d56f5631c9bff6ad98af462e&oe=5F97C031",
                    "username": "epk"
                },
                "likes_count": 0
            }
        ]
    }
]