[
    {
        "id": 17992959589234267,
        "created_at": 1559259052,
        "text": "Hay no que hermosas",
        "owner": {
            "id": "1380059072",
            "is_verified": false,
            "profile_pic_url": "https://instagram.fbga1-4.fna.fbcdn.net/v/t51.2885-19/1169784_1468836343381357_1444067875_a.jpg?_nc_ht=instagram.fbga1-4.fna.fbcdn.net&_nc_ohc=RYHj2Ed7wVIAX_w3UzE&oh=f4dc4a1e66b5eeb829dface8783a0f74&oe=5F9504B5",
            "username": "veromassard"
        },
        "likes_count": 1,
        "answers": []
    }
]