[
    {
        "id": 17842914376350312,
        "created_at": 1547694570,
        "text": "Me encanta su ropa\ud83d\udc4f\u2764\ufe0f",
        "owner": {
            "id": "10350887286",
            "is_verified": false,
            "profile_pic_url": "https://instagram.fbga1-4.fna.fbcdn.net/v/t51.2885-19/s150x150/47584051_391812518045555_468960821850931200_n.jpg?_nc_ht=instagram.fbga1-4.fna.fbcdn.net&_nc_ohc=2c_GMnLeERwAX9FELOM&oh=05716b0eaf3a3a1ca56728763933c78b&oe=5F955C45",
            "username": "karensirags2010"
        },
        "likes_count": 0,
        "answers": [
            {
                "id": 17907090331282460,
                "created_at": 1548166565,
                "text": "@karensirags2010 gracias! \u2764\ufe0f",
                "owner": {
                    "id": "208034677",
                    "is_verified": true,
                    "profile_pic_url": "https://instagram.fbga1-4.fna.fbcdn.net/v/t51.2885-19/s150x150/116713279_329296981536344_3404171181868667674_n.jpg?_nc_ht=instagram.fbga1-4.fna.fbcdn.net&_nc_ohc=e_8u8kf3ZDMAX9GL6vk&oh=cb797d66d56f5631c9bff6ad98af462e&oe=5F97C031",
                    "username": "epk"
                },
                "likes_count": 0
            }
        ]
    }
]