[
    {
        "id": 17862229318405932,
        "created_at": 1558991221,
        "text": "donde consigo ese pantalon amarillo",
        "owner": {
            "id": "2878565021",
            "is_verified": false,
            "profile_pic_url": "https://instagram.fbga1-4.fna.fbcdn.net/v/t51.2885-19/s150x150/110008688_570169600525779_1416887956915639625_n.jpg?_nc_ht=instagram.fbga1-4.fna.fbcdn.net&_nc_ohc=smLtUikMRT8AX_3B42m&oh=d4677317f62073abf8f65ab57bbc05e5&oe=5F988E8E",
            "username": "hsamro"
        },
        "likes_count": 0,
        "answers": []
    }
]