[
    {
        "id": 17861057233408931,
        "created_at": 1558930267,
        "text": "una pregunta ese vestido lo tienen talla 4?",
        "owner": {
            "id": "412467018",
            "is_verified": false,
            "profile_pic_url": "https://instagram.fbga1-4.fna.fbcdn.net/v/t51.2885-19/s150x150/16583727_1782438852075981_3995011495921451008_a.jpg?_nc_ht=instagram.fbga1-4.fna.fbcdn.net&_nc_ohc=PS4vB4s6DFMAX_q22_O&oh=cc25f35e1ba06c3786ef215d1a752251&oe=5F9689E5",
            "username": "heidymerinopua"
        },
        "likes_count": 0,
        "answers": []
    },
    {
        "id": 17896968388311658,
        "created_at": 1557110970,
        "text": "@epk este vestido cuando llega a las tiendas de Cali",
        "owner": {
            "id": "1474152301",
            "is_verified": false,
            "profile_pic_url": "https://instagram.fbga1-4.fna.fbcdn.net/v/t51.2885-19/s150x150/70963187_529030131246996_7493102512715595776_n.jpg?_nc_ht=instagram.fbga1-4.fna.fbcdn.net&_nc_ohc=HU9SyqFSVN0AX8ui6ig&oh=d922a846e089d10eb97d81e736cf961f&oe=5F97674F",
            "username": "paulamejia47"
        },
        "likes_count": 0,
        "answers": []
    },
    {
        "id": 17949928066274194,
        "created_at": 1556400369,
        "text": "Est\u00e1n muy lindos, me podr\u00edan decir por favor que precio tienen en 10, 12 y 8 \ud83d\ude0a\ud83d\ude0a\ud83d\ude0a\ud83d\ude0a",
        "owner": {
            "id": "795540107",
            "is_verified": false,
            "profile_pic_url": "https://instagram.fbga1-4.fna.fbcdn.net/v/t51.2885-19/s150x150/78836094_497540800860106_586151315214696448_n.jpg?_nc_ht=instagram.fbga1-4.fna.fbcdn.net&_nc_ohc=EJMLaxT_DOkAX-wBN-f&oh=c343b5caef366410de767209632e518d&oe=5F959772",
            "username": "mile_pardo"
        },
        "likes_count": 1,
        "answers": []
    },
    {
        "id": 18055684843049887,
        "created_at": 1555337847,
        "text": "@jhoban_munoz  more gordis",
        "owner": {
            "id": "1980149644",
            "is_verified": false,
            "profile_pic_url": "https://instagram.fbga1-4.fna.fbcdn.net/v/t51.2885-19/s150x150/95556344_727409841131976_2450353123827384320_n.jpg?_nc_ht=instagram.fbga1-4.fna.fbcdn.net&_nc_ohc=1JNvVMd8g7EAX_4vBCT&oh=0e5cc2592a7cac672ef9c2faf34e5637&oe=5F97870C",
            "username": "geral62"
        },
        "likes_count": 0,
        "answers": []
    },
    {
        "id": 18038986030096805,
        "created_at": 1555212102,
        "text": "\ud83d\udc4f",
        "owner": {
            "id": "1118519504",
            "is_verified": false,
            "profile_pic_url": "https://instagram.fbga1-4.fna.fbcdn.net/v/t51.2885-19/11375301_933497803384217_511910758_a.jpg?_nc_ht=instagram.fbga1-4.fna.fbcdn.net&_nc_ohc=W5qCOAUXZoMAX9UA30Y&oh=2fbedea7e99e8c6cabe5ec3759853089&oe=5F96B0A2",
            "username": "ajbecerrac"
        },
        "likes_count": 1,
        "answers": []
    },
    {
        "id": 18056549200001653,
        "created_at": 1555030284,
        "text": "S\u00faper!!!!",
        "owner": {
            "id": "269186310",
            "is_verified": false,
            "profile_pic_url": "https://instagram.fbga1-4.fna.fbcdn.net/v/t51.2885-19/s150x150/49618674_334698580705841_2412163953963565056_n.jpg?_nc_ht=instagram.fbga1-4.fna.fbcdn.net&_nc_ohc=8KNS4hTYZAAAX8xDPOn&oh=02ffa689bec45b01190c8ff5e5f9a9fd&oe=5F96C5D5",
            "username": "lenysgc"
        },
        "likes_count": 1,
        "answers": []
    },
    {
        "id": 18057037027002447,
        "created_at": 1555030284,
        "text": "S\u00faper!!!!",
        "owner": {
            "id": "269186310",
            "is_verified": false,
            "profile_pic_url": "https://instagram.fbga1-4.fna.fbcdn.net/v/t51.2885-19/s150x150/49618674_334698580705841_2412163953963565056_n.jpg?_nc_ht=instagram.fbga1-4.fna.fbcdn.net&_nc_ohc=8KNS4hTYZAAAX8xDPOn&oh=02ffa689bec45b01190c8ff5e5f9a9fd&oe=5F96C5D5",
            "username": "lenysgc"
        },
        "likes_count": 1,
        "answers": []
    },
    {
        "id": 17883055654323926,
        "created_at": 1555027658,
        "text": "\ud83e\udd29",
        "owner": {
            "id": "193513386",
            "is_verified": true,
            "profile_pic_url": "https://instagram.fbga1-4.fna.fbcdn.net/v/t51.2885-19/s150x150/23101659_1522943334438010_4318393834338779136_n.jpg?_nc_ht=instagram.fbga1-4.fna.fbcdn.net&_nc_ohc=ZKq2Spk2eZgAX8ixx_L&oh=53a12df6b55ab457764a23c414b15d36&oe=5F962063",
            "username": "dianajanna"
        },
        "likes_count": 1,
        "answers": []
    }
]