[
    {
        "id": 18023790973026227,
        "created_at": 1548024785,
        "text": "@gustavoaliriorm. Se parece a t\u00fa Sobrina Sof\u00eda",
        "owner": {
            "id": "5399385049",
            "is_verified": false,
            "profile_pic_url": "https://instagram.fbga1-4.fna.fbcdn.net/v/t51.2885-19/s150x150/18251560_417046955332202_6219435845191991296_a.jpg?_nc_ht=instagram.fbga1-4.fna.fbcdn.net&_nc_ohc=XPXTtJyh-QUAX9M_DWk&oh=0802f8437adcefcde7d777756c60db37&oe=5F960436",
            "username": "magicjumpeventos"
        },
        "likes_count": 0,
        "answers": []
    },
    {
        "id": 18004437364121869,
        "created_at": 1547991343,
        "text": "?",
        "owner": {
            "id": "5847697413",
            "is_verified": false,
            "profile_pic_url": "https://instagram.fbga1-4.fna.fbcdn.net/v/t51.2885-19/s150x150/118553073_717870382125583_6525668769077580058_n.jpg?_nc_ht=instagram.fbga1-4.fna.fbcdn.net&_nc_ohc=7Y3ns4416zoAX-eskE4&oh=e2f2686882ec8634e291c4728a8945ba&oe=5F951AF2",
            "username": "marianamartynz"
        },
        "likes_count": 0,
        "answers": []
    },
    {
        "id": 17907145195280060,
        "created_at": 1547991341,
        "text": "C\u00f3mo se llama la ni\u00f1a del vestido rosa",
        "owner": {
            "id": "5847697413",
            "is_verified": false,
            "profile_pic_url": "https://instagram.fbga1-4.fna.fbcdn.net/v/t51.2885-19/s150x150/118553073_717870382125583_6525668769077580058_n.jpg?_nc_ht=instagram.fbga1-4.fna.fbcdn.net&_nc_ohc=7Y3ns4416zoAX-eskE4&oh=e2f2686882ec8634e291c4728a8945ba&oe=5F951AF2",
            "username": "marianamartynz"
        },
        "likes_count": 0,
        "answers": []
    }
]