[
    {
        "id": 18040037791030565,
        "created_at": 1551213244,
        "text": "Como uno puede seguir comprando sus productos",
        "owner": {
            "id": "2042884186",
            "is_verified": false,
            "profile_pic_url": "https://instagram.fbga1-4.fna.fbcdn.net/v/t51.2885-19/s150x150/117306554_681819159349147_1184390551861366038_n.jpg?_nc_ht=instagram.fbga1-4.fna.fbcdn.net&_nc_ohc=35HSWlupQasAX9ZLk_e&oh=dd6d5d9a0f9be073aedcd6b4c1f9e669&oe=5F9528A0",
            "username": "luzsoto24"
        },
        "likes_count": 0,
        "answers": []
    },
    {
        "id": 18031432984011201,
        "created_at": 1549737796,
        "text": "Tienes en talla 8",
        "owner": {
            "id": "4232736968",
            "is_verified": false,
            "profile_pic_url": "https://instagram.fbga1-4.fna.fbcdn.net/v/t51.2885-19/s150x150/119897638_791187434980151_3265149861209183096_n.jpg?_nc_ht=instagram.fbga1-4.fna.fbcdn.net&_nc_ohc=8KcejLZBXVsAX-f-EjB&oh=a1f0f719b643e59f7a8da904a5a9480b&oe=5F96B957",
            "username": "leidy.jroa"
        },
        "likes_count": 0,
        "answers": []
    },
    {
        "id": 18037872766002714,
        "created_at": 1549716408,
        "text": "C\u00f3mo podemos hacer para comunicarnos.... Por favor me regala n\u00famero de contacto",
        "owner": {
            "id": "4460789600",
            "is_verified": false,
            "profile_pic_url": "https://instagram.fbga1-4.fna.fbcdn.net/v/t51.2885-19/s150x150/17333799_103857486820899_1550628260671389696_a.jpg?_nc_ht=instagram.fbga1-4.fna.fbcdn.net&_nc_ohc=eMiMG3I-VegAX_yxqXg&oh=4d90e33e6a20f26686511fe922f0e74e&oe=5F960DE7",
            "username": "walee_mochilas_wayuu"
        },
        "likes_count": 0,
        "answers": []
    },
    {
        "id": 18030663277058324,
        "created_at": 1549650815,
        "text": "\ud83d\ude0d Hermoso camilo",
        "owner": {
            "id": "1450091024",
            "is_verified": false,
            "profile_pic_url": "https://instagram.fbga1-4.fna.fbcdn.net/v/t51.2885-19/s150x150/62460841_2500832510203053_8698562453878865920_n.jpg?_nc_ht=instagram.fbga1-4.fna.fbcdn.net&_nc_ohc=4dA_ZKilxbwAX_dD6tc&oh=67601cff7c9b7e01f884ac56be206f8c&oe=5F975E0C",
            "username": "yuleimislopez"
        },
        "likes_count": 0,
        "answers": []
    },
    {
        "id": 18032030965040135,
        "created_at": 1549648926,
        "text": "\ud83d\ude18\ud83d\ude09",
        "owner": {
            "id": "8925047072",
            "is_verified": false,
            "profile_pic_url": "https://instagram.fcgh7-1.fna.fbcdn.net/v/t51.2885-19/44884218_345707102882519_2446069589734326272_n.jpg?_nc_ht=instagram.fcgh7-1.fna.fbcdn.net&_nc_ohc=RLYRR3IenIMAX_PfxcU&oh=bd55dd66f44031fd718a271309cb8d2d&oe=5F96310F&ig_cache_key=YW5vbnltb3VzX3Byb2ZpbGVfcGlj.2",
            "username": "luces0703"
        },
        "likes_count": 0,
        "answers": []
    },
    {
        "id": 18001541716151312,
        "created_at": 1549648278,
        "text": "Un pr\u00edncipe",
        "owner": {
            "id": "9230156221",
            "is_verified": false,
            "profile_pic_url": "https://instagram.fbga1-4.fna.fbcdn.net/v/t51.2885-19/s150x150/43628358_602978253492949_5784738580211433472_n.jpg?_nc_ht=instagram.fbga1-4.fna.fbcdn.net&_nc_ohc=qrdEKehQ02MAX_iLE3T&oh=5e248a6c9a5391451920705e150a6cde&oe=5F96FE03",
            "username": "emi.help"
        },
        "likes_count": 0,
        "answers": []
    },
    {
        "id": 17966529241216369,
        "created_at": 1549646715,
        "text": "Guap\u00edsimo \ud83d\udc96. Te amoooo \ud83d\ude0d",
        "owner": {
            "id": "334585637",
            "is_verified": false,
            "profile_pic_url": "https://instagram.fbga1-4.fna.fbcdn.net/v/t51.2885-19/11313755_1619448234980254_2026265549_a.jpg?_nc_ht=instagram.fbga1-4.fna.fbcdn.net&_nc_ohc=6X1-O8EoJTgAX_o8TYY&oh=797a180b6ddbdbdfb71eb1324694ea14&oe=5F96445D",
            "username": "flatara"
        },
        "likes_count": 0,
        "answers": []
    }
]