[
    {
        "id": 18034257481077521,
        "created_at": 1552418251,
        "text": "\ud83d\ude0d\ud83d\ude0d\ud83d\ude0d",
        "owner": {
            "id": "1185196140",
            "is_verified": false,
            "profile_pic_url": "https://instagram.fiws1-1.fna.fbcdn.net/v/t51.2885-19/44884218_345707102882519_2446069589734326272_n.jpg?_nc_ht=instagram.fiws1-1.fna.fbcdn.net&_nc_ohc=RLYRR3IenIMAX9s8Sug&oh=623a195df9b241ef84e8142525f19f0d&oe=5F96310F&ig_cache_key=YW5vbnltb3VzX3Byb2ZpbGVfcGlj.2",
            "username": "claudiabarriosvilla"
        },
        "likes_count": 1,
        "answers": []
    }
]