[
    {
        "id": 17852217991480055,
        "created_at": 1563155693,
        "text": "Direcci\u00f3n de Barranquilla por favor",
        "owner": {
            "id": "3175240850",
            "is_verified": false,
            "profile_pic_url": "https://instagram.fbga1-4.fna.fbcdn.net/v/t51.2885-19/s150x150/69017557_568925683641543_6446584038273581056_n.jpg?_nc_ht=instagram.fbga1-4.fna.fbcdn.net&_nc_ohc=SHKtnCIuTScAX9bMZM-&oh=10efc990b7a47d2adcf61dccaf5bcff4&oe=5F9604AB",
            "username": "dubinhernandez"
        },
        "likes_count": 0,
        "answers": []
    },
    {
        "id": 18048554587144557,
        "created_at": 1562807787,
        "text": "Le gusta a isabela mazorra_model",
        "owner": {
            "id": "14585912059",
            "is_verified": false,
            "profile_pic_url": "https://instagram.fbga1-4.fna.fbcdn.net/v/t51.2885-19/s150x150/109695470_645628909714814_2640778800750654563_n.jpg?_nc_ht=instagram.fbga1-4.fna.fbcdn.net&_nc_ohc=JtQijc30EiMAX-wrKjU&oh=ec85ce8828a5ffd14cac5f37a433890a&oe=5F97CB53",
            "username": "isabelamazorra_model"
        },
        "likes_count": 0,
        "answers": []
    },
    {
        "id": 17895783301352230,
        "created_at": 1562472998,
        "text": "Y para que la maquillan ?",
        "owner": {
            "id": "1492131747",
            "is_verified": false,
            "profile_pic_url": "https://instagram.fbga1-4.fna.fbcdn.net/v/t51.2885-19/s150x150/78937464_584019295744995_2064510141176217600_n.jpg?_nc_ht=instagram.fbga1-4.fna.fbcdn.net&_nc_ohc=y6jI-5zjMLoAX-Wu4IB&oh=3c692959588545a1fe253b72468083e3&oe=5F988762",
            "username": "elizabeth.galarza1"
        },
        "likes_count": 0,
        "answers": []
    },
    {
        "id": 18080635582013917,
        "created_at": 1562266789,
        "text": "gracias me queda m\u00e1s cerca santafe",
        "owner": {
            "id": "525268582",
            "is_verified": false,
            "profile_pic_url": "https://instagram.fbga1-4.fna.fbcdn.net/v/t51.2885-19/s150x150/16123554_168926706923866_7260387294694080512_a.jpg?_nc_ht=instagram.fbga1-4.fna.fbcdn.net&_nc_ohc=23wA671Z44UAX__lD9v&oh=73e93d6ba9a4da6b1ddebe2f740a5908&oe=5F94FD62",
            "username": "chioflorez"
        },
        "likes_count": 0,
        "answers": []
    },
    {
        "id": 18052958005086353,
        "created_at": 1562265523,
        "text": "Por fa no maquillen tanto a la ni\u00f1a, pierde lo infantil y natural.",
        "owner": {
            "id": "4787833475",
            "is_verified": false,
            "profile_pic_url": "https://instagram.fbga1-4.fna.fbcdn.net/v/t51.2885-19/s150x150/17882750_118660842017611_1189307166163468288_a.jpg?_nc_ht=instagram.fbga1-4.fna.fbcdn.net&_nc_ohc=GZhJ_CxarugAX_qu9O3&oh=c2569b499524a6767db07fb30449c2b2&oe=5F962C2F",
            "username": "aliciaangelve"
        },
        "likes_count": 0,
        "answers": []
    },
    {
        "id": 17869211287416783,
        "created_at": 1562239376,
        "text": "donde est\u00e1n en medellin",
        "owner": {
            "id": "525268582",
            "is_verified": false,
            "profile_pic_url": "https://instagram.fbga1-4.fna.fbcdn.net/v/t51.2885-19/s150x150/16123554_168926706923866_7260387294694080512_a.jpg?_nc_ht=instagram.fbga1-4.fna.fbcdn.net&_nc_ohc=23wA671Z44UAX__lD9v&oh=73e93d6ba9a4da6b1ddebe2f740a5908&oe=5F94FD62",
            "username": "chioflorez"
        },
        "likes_count": 0,
        "answers": [
            {
                "id": 17878543078377655,
                "created_at": 1562247572,
                "text": "@chioflorez Hola! Estamos en los siguientes centros comerciales: San Diego, Los Molinos, Unicentro, Premium Plaza, y Santaf\u00e9. Te esperamos!",
                "owner": {
                    "id": "208034677",
                    "is_verified": true,
                    "profile_pic_url": "https://instagram.fbga1-4.fna.fbcdn.net/v/t51.2885-19/s150x150/116713279_329296981536344_3404171181868667674_n.jpg?_nc_ht=instagram.fbga1-4.fna.fbcdn.net&_nc_ohc=e_8u8kf3ZDMAX9GL6vk&oh=cb797d66d56f5631c9bff6ad98af462e&oe=5F97C031",
                    "username": "epk"
                },
                "likes_count": 0
            }
        ]
    },
    {
        "id": 17858536990445329,
        "created_at": 1562216136,
        "text": "Tengo balaquitas hermosas para combinar con estos outfit \ud83d\ude1c......siganme en @bipiart.co estamos a la orden!",
        "owner": {
            "id": "8954902474",
            "is_verified": false,
            "profile_pic_url": "https://instagram.fbga1-4.fna.fbcdn.net/v/t51.2885-19/s150x150/92295887_544207099564511_3745280708394876928_n.jpg?_nc_ht=instagram.fbga1-4.fna.fbcdn.net&_nc_ohc=uPGnTG1_lVYAX_Hz1-W&oh=2f65f4830866eef925d2af0a8305604d&oe=5F974156",
            "username": "bipiart.co"
        },
        "likes_count": 2,
        "answers": []
    },
    {
        "id": 18051894631137531,
        "created_at": 1562196379,
        "text": "Lo puedo conseguir en epk  valledupar precio  porfa",
        "owner": {
            "id": "1449758175",
            "is_verified": false,
            "profile_pic_url": "https://instagram.fbga1-4.fna.fbcdn.net/v/t51.2885-19/s150x150/49582907_339633576637553_7933534289180753920_n.jpg?_nc_ht=instagram.fbga1-4.fna.fbcdn.net&_nc_ohc=IBjwy8-k4BIAX-3vnSL&oh=784540448d9a81e6a3fed233fd91a436&oe=5F98A7A3",
            "username": "leygar76"
        },
        "likes_count": 0,
        "answers": [
            {
                "id": 18002739457238167,
                "created_at": 1562247602,
                "text": "@leygar76 Hola! Entra ya a epk.com y descubre todos nuestros precios. Feliz d\u00eda!",
                "owner": {
                    "id": "208034677",
                    "is_verified": true,
                    "profile_pic_url": "https://instagram.fbga1-4.fna.fbcdn.net/v/t51.2885-19/s150x150/116713279_329296981536344_3404171181868667674_n.jpg?_nc_ht=instagram.fbga1-4.fna.fbcdn.net&_nc_ohc=e_8u8kf3ZDMAX9GL6vk&oh=cb797d66d56f5631c9bff6ad98af462e&oe=5F97C031",
                    "username": "epk"
                },
                "likes_count": 0
            },
            {
                "id": 17945096953292281,
                "created_at": 1562250206,
                "text": "@epk gracias,  donde lo puedo conseguir  en valledupar",
                "owner": {
                    "id": "1449758175",
                    "is_verified": false,
                    "profile_pic_url": "https://instagram.fbga1-4.fna.fbcdn.net/v/t51.2885-19/s150x150/49582907_339633576637553_7933534289180753920_n.jpg?_nc_ht=instagram.fbga1-4.fna.fbcdn.net&_nc_ohc=IBjwy8-k4BIAX-3vnSL&oh=784540448d9a81e6a3fed233fd91a436&oe=5F98A7A3",
                    "username": "leygar76"
                },
                "likes_count": 0
            }
        ]
    },
    {
        "id": 17868737053415744,
        "created_at": 1562195844,
        "text": "Lindos colores \ud83d\udc4d\ud83d\ude09",
        "owner": {
            "id": "4220591894",
            "is_verified": false,
            "profile_pic_url": "https://instagram.fbga1-4.fna.fbcdn.net/v/t51.2885-19/s150x150/119785683_372715420425377_5120637903384292475_n.jpg?_nc_ht=instagram.fbga1-4.fna.fbcdn.net&_nc_ohc=FUo_GVCX4bgAX-cn89C&oh=2abab0aef8ada023979a7723b52d3b18&oe=5F98388A",
            "username": "stellalachikita2016"
        },
        "likes_count": 0,
        "answers": [
            {
                "id": 17849034916484493,
                "created_at": 1562247610,
                "text": "@stellalachikita2016 gracias! \ud83d\ude0a",
                "owner": {
                    "id": "208034677",
                    "is_verified": true,
                    "profile_pic_url": "https://instagram.fbga1-4.fna.fbcdn.net/v/t51.2885-19/s150x150/116713279_329296981536344_3404171181868667674_n.jpg?_nc_ht=instagram.fbga1-4.fna.fbcdn.net&_nc_ohc=e_8u8kf3ZDMAX9GL6vk&oh=cb797d66d56f5631c9bff6ad98af462e&oe=5F97C031",
                    "username": "epk"
                },
                "likes_count": 1
            }
        ]
    }
]