[
    {
        "id": 17965899193268567,
        "created_at": 1558659682,
        "text": "No me gusta nunca Renovan y siempre tallas peque\u00f1as",
        "owner": {
            "id": "9164496018",
            "is_verified": false,
            "profile_pic_url": "https://instagram.fbga1-4.fna.fbcdn.net/v/t51.2885-19/s150x150/42622151_580577429051645_7690100494940766208_n.jpg?_nc_ht=instagram.fbga1-4.fna.fbcdn.net&_nc_ohc=KWWwj9MoWlwAX-FpPmh&oh=68cb61f60d015b74d2e6aa2f5b5c50bb&oe=5F94D05F",
            "username": "elbaruedamedina"
        },
        "likes_count": 1,
        "answers": [
            {
                "id": 18022811038197794,
                "created_at": 1558706885,
                "text": "@elbaruedamedina Hola Elba! Actualmente nos encontramos con nuestra nueva colecci\u00f3n California, te invitamos a visitarnos! saludos!",
                "owner": {
                    "id": "208034677",
                    "is_verified": true,
                    "profile_pic_url": "https://instagram.fbga1-4.fna.fbcdn.net/v/t51.2885-19/s150x150/116713279_329296981536344_3404171181868667674_n.jpg?_nc_ht=instagram.fbga1-4.fna.fbcdn.net&_nc_ohc=e_8u8kf3ZDMAX9GL6vk&oh=cb797d66d56f5631c9bff6ad98af462e&oe=5F97C031",
                    "username": "epk"
                },
                "likes_count": 0
            }
        ]
    },
    {
        "id": 18067682677034276,
        "created_at": 1558562534,
        "text": "Me encanta",
        "owner": {
            "id": "3281896494",
            "is_verified": false,
            "profile_pic_url": "https://instagram.fbga1-4.fna.fbcdn.net/v/t51.2885-19/s150x150/116723400_296429944902505_4967215656966646609_n.jpg?_nc_ht=instagram.fbga1-4.fna.fbcdn.net&_nc_ohc=f64EkyPW8fIAX93xtAF&oh=c888348bc40e7c16f082d60b102eefe1&oe=5F980DC6",
            "username": "sepulvedadianamarcela"
        },
        "likes_count": 1,
        "answers": []
    },
    {
        "id": 18041875411084943,
        "created_at": 1558539011,
        "text": "Buen d\u00eda serian tan amable de darme de informarme para cuando llegan las pijamas talla 8 para ni\u00f1a?? Es que fui al epk del arboleda en Pereira este fin de semana y que no hab\u00edan llegado y al \u00fanico en dos quebradas y tampoco y hace ya varios meses eh estado preguntando y que no hay gracias ... Quedo atenta",
        "owner": {
            "id": "2230788485",
            "is_verified": false,
            "profile_pic_url": "https://instagram.fbga1-4.fna.fbcdn.net/v/t51.2885-19/s150x150/19765112_116552768969136_3939898922255777792_a.jpg?_nc_ht=instagram.fbga1-4.fna.fbcdn.net&_nc_ohc=3xmLoFm-owYAX8hB0ms&oh=557017e80fd392d94b6ceacb35a27050&oe=5F961ABF",
            "username": "sanlililo"
        },
        "likes_count": 1,
        "answers": [
            {
                "id": 18046805938125605,
                "created_at": 1558542702,
                "text": "@sanlililo \u00a1Hola! Muy Pronto estaremos haciendo llegar las pijamas! \u00a1Te invitamos a visitarnos en www.epk.com o en nuestras tiendas f\u00edsicas y descubrir todas las prendas que tenemos para ti! \u2764\ufe0f",
                "owner": {
                    "id": "208034677",
                    "is_verified": true,
                    "profile_pic_url": "https://instagram.fbga1-4.fna.fbcdn.net/v/t51.2885-19/s150x150/116713279_329296981536344_3404171181868667674_n.jpg?_nc_ht=instagram.fbga1-4.fna.fbcdn.net&_nc_ohc=e_8u8kf3ZDMAX9GL6vk&oh=cb797d66d56f5631c9bff6ad98af462e&oe=5F97C031",
                    "username": "epk"
                },
                "likes_count": 1
            }
        ]
    }
]