[
    {
        "id": 18064701910059695,
        "created_at": 1557767325,
        "text": "Hola en q moll encuentro el traje de ba\u00f1o del flamengo",
        "owner": {
            "id": "2182923055",
            "is_verified": false,
            "profile_pic_url": "https://instagram.fbga1-4.fna.fbcdn.net/v/t51.2885-19/s150x150/42002526_722085061476956_5743072273544249344_n.jpg?_nc_ht=instagram.fbga1-4.fna.fbcdn.net&_nc_ohc=6Eb3oDRX5PcAX_zDEzq&oh=df73b945c894314e4fcb712b54aa97d2&oe=5F94C9D4",
            "username": "kattychavezvera"
        },
        "likes_count": 0,
        "answers": []
    },
    {
        "id": 17879684995341032,
        "created_at": 1556070583,
        "text": "\ud83e\udd17",
        "owner": {
            "id": "12908546192",
            "is_verified": false,
            "profile_pic_url": "https://instagram.fbga1-4.fna.fbcdn.net/v/t51.2885-19/s150x150/67439245_344297689847723_9134905829500125184_n.jpg?_nc_ht=instagram.fbga1-4.fna.fbcdn.net&_nc_ohc=_k3SeGbQPIIAX88Z8zx&oh=1debb95c1e3b4d005535cd0091849876&oe=5F95E27A",
            "username": "amurakids"
        },
        "likes_count": 0,
        "answers": []
    },
    {
        "id": 18051598966074027,
        "created_at": 1556054505,
        "text": "@lolisalasm",
        "owner": {
            "id": "264460617",
            "is_verified": false,
            "profile_pic_url": "https://instagram.fbga1-4.fna.fbcdn.net/v/t51.2885-19/s150x150/119888531_108042540986346_3423581365957796826_n.jpg?_nc_ht=instagram.fbga1-4.fna.fbcdn.net&_nc_ohc=A2O46rjBfo4AX__WxM1&oh=7869a694fa0d9729506341ce6aaea934&oe=5F95034A",
            "username": "aleja_martinezm"
        },
        "likes_count": 0,
        "answers": []
    },
    {
        "id": 18040770952119065,
        "created_at": 1556046577,
        "text": "Que precio la visera",
        "owner": {
            "id": "10328093826",
            "is_verified": false,
            "profile_pic_url": "https://instagram.fbga1-4.fna.fbcdn.net/v/t51.2885-19/s150x150/116581811_660848907864708_5207288771946019723_n.jpg?_nc_ht=instagram.fbga1-4.fna.fbcdn.net&_nc_ohc=_cvHEanaFhAAX9byKqa&oh=9bf0870c1549cfbbbb3367fba7512be7&oe=5F966B99",
            "username": "gutierrezgomezangela"
        },
        "likes_count": 0,
        "answers": [
            {
                "id": 18042429718101503,
                "created_at": 1556046950,
                "text": "@gutierrezgomezangela \u00a1Hola! \u00a1Te invitamos a visitarnos en www.epk.com y descubrir todas las prendas que tenemos para ti! \u2764\ufe0f",
                "owner": {
                    "id": "208034677",
                    "is_verified": true,
                    "profile_pic_url": "https://instagram.fbga1-4.fna.fbcdn.net/v/t51.2885-19/s150x150/116713279_329296981536344_3404171181868667674_n.jpg?_nc_ht=instagram.fbga1-4.fna.fbcdn.net&_nc_ohc=e_8u8kf3ZDMAX9GL6vk&oh=cb797d66d56f5631c9bff6ad98af462e&oe=5F97C031",
                    "username": "epk"
                },
                "likes_count": 0
            }
        ]
    },
    {
        "id": 18025704853144098,
        "created_at": 1556038830,
        "text": "Buenas tardes En que parte de cucuta est\u00e1n ubicados???",
        "owner": {
            "id": "311066510",
            "is_verified": false,
            "profile_pic_url": "https://instagram.fbga1-4.fna.fbcdn.net/v/t51.2885-19/s150x150/90208984_223457412350013_4731759908020551680_n.jpg?_nc_ht=instagram.fbga1-4.fna.fbcdn.net&_nc_ohc=S--FlTrsFaYAX8tITHn&oh=cf1931bac8b849fbdfcdb05794370318&oe=5F94BB09",
            "username": "geneglaslaoli"
        },
        "likes_count": 0,
        "answers": [
            {
                "id": 17938407685303206,
                "created_at": 1556046972,
                "text": "@geneglaslaoli Hola, puedes validar nuestras tiendas en toda Colombia ingresando al siguiente link: https://epk.com/pages/nuestras-tiendas\n\u00a1Saludos! \u2764\ufe0f",
                "owner": {
                    "id": "208034677",
                    "is_verified": true,
                    "profile_pic_url": "https://instagram.fbga1-4.fna.fbcdn.net/v/t51.2885-19/s150x150/116713279_329296981536344_3404171181868667674_n.jpg?_nc_ht=instagram.fbga1-4.fna.fbcdn.net&_nc_ohc=e_8u8kf3ZDMAX9GL6vk&oh=cb797d66d56f5631c9bff6ad98af462e&oe=5F97C031",
                    "username": "epk"
                },
                "likes_count": 0
            }
        ]
    },
    {
        "id": 17963337136259729,
        "created_at": 1556034204,
        "text": "@kesselynln",
        "owner": {
            "id": "610659314",
            "is_verified": false,
            "profile_pic_url": "https://instagram.fbga1-4.fna.fbcdn.net/v/t51.2885-19/s150x150/101987840_725095324993890_7263239846484268729_n.jpg?_nc_ht=instagram.fbga1-4.fna.fbcdn.net&_nc_ohc=bZ8WRg3OwQsAX-es7s-&oh=1b19e4efc89c4b70b0d2133805ab4c7e&oe=5F9586D8",
            "username": "natymn31"
        },
        "likes_count": 3,
        "answers": [
            {
                "id": 17996824876201150,
                "created_at": 1556046986,
                "text": "@natymn31 \u2764\ufe0f",
                "owner": {
                    "id": "208034677",
                    "is_verified": true,
                    "profile_pic_url": "https://instagram.fbga1-4.fna.fbcdn.net/v/t51.2885-19/s150x150/116713279_329296981536344_3404171181868667674_n.jpg?_nc_ht=instagram.fbga1-4.fna.fbcdn.net&_nc_ohc=e_8u8kf3ZDMAX9GL6vk&oh=cb797d66d56f5631c9bff6ad98af462e&oe=5F97C031",
                    "username": "epk"
                },
                "likes_count": 1
            }
        ]
    },
    {
        "id": 17843640412430866,
        "created_at": 1556032115,
        "text": "@k_rolina_79",
        "owner": {
            "id": "2890814974",
            "is_verified": false,
            "profile_pic_url": "https://instagram.fbga1-4.fna.fbcdn.net/v/t51.2885-19/s150x150/67832376_884511885238939_961761976369807360_n.jpg?_nc_ht=instagram.fbga1-4.fna.fbcdn.net&_nc_ohc=vcwp0eHT5CkAX9J9cJz&oh=0a53c4b8d33b19dee1d61e79226481d2&oe=5F984E18",
            "username": "vanessaecheverryescobar"
        },
        "likes_count": 3,
        "answers": []
    }
]