[
    {
        "id": 17947167691361752,
        "created_at": 1596986171,
        "text": "Esta disponible?",
        "owner": {
            "id": "17364800408",
            "is_verified": false,
            "profile_pic_url": "https://instagram.fbga1-4.fna.fbcdn.net/v/t51.2885-19/s150x150/101428867_606551833543724_8665268348436611072_n.jpg?_nc_ht=instagram.fbga1-4.fna.fbcdn.net&_nc_ohc=In5mhBEQkKUAX-abBZw&oh=09c99eb18d6f136673f5da1897535cc4&oe=5F973117",
            "username": "vivilucianalopez"
        },
        "likes_count": 0,
        "answers": []
    },
    {
        "id": 18067509271091027,
        "created_at": 1567709624,
        "text": "Precio por favor",
        "owner": {
            "id": "2281982606",
            "is_verified": false,
            "profile_pic_url": "https://instagram.fbga1-4.fna.fbcdn.net/v/t51.2885-19/s150x150/84514544_824324428083570_8507715938563391488_n.jpg?_nc_ht=instagram.fbga1-4.fna.fbcdn.net&_nc_ohc=igyX5agOpTIAX8I_ZK4&oh=b2e586d3edae54833de3ab3cd729da51&oe=5F980E7B",
            "username": "eliza2205"
        },
        "likes_count": 0,
        "answers": []
    },
    {
        "id": 18046441696110238,
        "created_at": 1557111082,
        "text": "@epk cuando estar\u00e1 disponible en las tiendas de Cali",
        "owner": {
            "id": "1474152301",
            "is_verified": false,
            "profile_pic_url": "https://instagram.fbga1-4.fna.fbcdn.net/v/t51.2885-19/s150x150/70963187_529030131246996_7493102512715595776_n.jpg?_nc_ht=instagram.fbga1-4.fna.fbcdn.net&_nc_ohc=HU9SyqFSVN0AX8ui6ig&oh=d922a846e089d10eb97d81e736cf961f&oe=5F97674F",
            "username": "paulamejia47"
        },
        "likes_count": 0,
        "answers": []
    },
    {
        "id": 18057157501062774,
        "created_at": 1555810886,
        "text": "Valor ?",
        "owner": {
            "id": "1259958726",
            "is_verified": false,
            "profile_pic_url": "https://instagram.fbga1-4.fna.fbcdn.net/v/t51.2885-19/s150x150/110810900_2628757960671693_6003802893195622262_n.jpg?_nc_ht=instagram.fbga1-4.fna.fbcdn.net&_nc_ohc=_aW5Y2fDZ20AX_PD1r2&oh=4382090b73765b711313f1173147ff34&oe=5F976FC5",
            "username": "yulysmadridroyeth"
        },
        "likes_count": 0,
        "answers": []
    },
    {
        "id": 17960220103258225,
        "created_at": 1555219474,
        "text": "Hay estilos que ya llegaron... este aun no, solo sera en algunas cuidades o es general para todoas Monteria",
        "owner": {
            "id": "1166025521",
            "is_verified": false,
            "profile_pic_url": "https://instagram.fbga1-4.fna.fbcdn.net/v/t51.2885-19/s150x150/66703337_620362205139704_2041311098665172992_n.jpg?_nc_ht=instagram.fbga1-4.fna.fbcdn.net&_nc_ohc=sLnkD9oUEWAAX_DwwK4&oh=d58c7926febf285e640e390744b04a34&oe=5F95CC47",
            "username": "adiperez2"
        },
        "likes_count": 0,
        "answers": []
    },
    {
        "id": 17981635717221631,
        "created_at": 1553558859,
        "text": "Cuando est\u00e1 esa colecci\u00f3n en venta \ud83d\ude2a",
        "owner": {
            "id": "7779680959",
            "is_verified": false,
            "profile_pic_url": "https://instagram.fbga1-4.fna.fbcdn.net/v/t51.2885-19/s150x150/106712883_209567720334201_1597705479812037143_n.jpg?_nc_ht=instagram.fbga1-4.fna.fbcdn.net&_nc_ohc=ibpOgPPYcuUAX_vvfJ_&oh=2ecfe310808de7907a396fe4200fc05a&oe=5F962FCA",
            "username": "claudia_rincon06"
        },
        "likes_count": 0,
        "answers": [
            {
                "id": 18049081234024540,
                "created_at": 1553630311,
                "text": "@epk gracias",
                "owner": {
                    "id": "7779680959",
                    "is_verified": false,
                    "profile_pic_url": "https://instagram.fbga1-4.fna.fbcdn.net/v/t51.2885-19/s150x150/106712883_209567720334201_1597705479812037143_n.jpg?_nc_ht=instagram.fbga1-4.fna.fbcdn.net&_nc_ohc=ibpOgPPYcuUAX_vvfJ_&oh=2ecfe310808de7907a396fe4200fc05a&oe=5F962FCA",
                    "username": "claudia_rincon06"
                },
                "likes_count": 1
            },
            {
                "id": 18048371767026317,
                "created_at": 1553610086,
                "text": "@claudia.rincon.355744 muy pronto! Sigue atenta a nuestras redes \u2764\ufe0f\u2764\ufe0f",
                "owner": {
                    "id": "208034677",
                    "is_verified": true,
                    "profile_pic_url": "https://instagram.fbga1-4.fna.fbcdn.net/v/t51.2885-19/s150x150/116713279_329296981536344_3404171181868667674_n.jpg?_nc_ht=instagram.fbga1-4.fna.fbcdn.net&_nc_ohc=e_8u8kf3ZDMAX9GL6vk&oh=cb797d66d56f5631c9bff6ad98af462e&oe=5F97C031",
                    "username": "epk"
                },
                "likes_count": 0
            }
        ]
    },
    {
        "id": 17870272597339670,
        "created_at": 1553558240,
        "text": "precio",
        "owner": {
            "id": "724983616",
            "is_verified": false,
            "profile_pic_url": "https://instagram.fath7-1.fna.fbcdn.net/v/t51.2885-19/44884218_345707102882519_2446069589734326272_n.jpg?_nc_ht=instagram.fath7-1.fna.fbcdn.net&_nc_ohc=RLYRR3IenIMAX8-Pfc1&oh=5592ce617a00b251466cc2c5bb35e18a&oe=5F96310F&ig_cache_key=YW5vbnltb3VzX3Byb2ZpbGVfcGlj.2",
            "username": "yurley_usuga"
        },
        "likes_count": 0,
        "answers": [
            {
                "id": 18016262680158909,
                "created_at": 1553610111,
                "text": "@yurley_usuga muy pronto disponible en epk.com y en nuestras tiendas. Sigue atenta a nuestras redes \u2764\ufe0f",
                "owner": {
                    "id": "208034677",
                    "is_verified": true,
                    "profile_pic_url": "https://instagram.fbga1-4.fna.fbcdn.net/v/t51.2885-19/s150x150/116713279_329296981536344_3404171181868667674_n.jpg?_nc_ht=instagram.fbga1-4.fna.fbcdn.net&_nc_ohc=e_8u8kf3ZDMAX9GL6vk&oh=cb797d66d56f5631c9bff6ad98af462e&oe=5F97C031",
                    "username": "epk"
                },
                "likes_count": 0
            }
        ]
    },
    {
        "id": 17982187030218881,
        "created_at": 1553555227,
        "text": "@camilablp  cuando est\u00e9 as\u00ed!!!!",
        "owner": {
            "id": "546178566",
            "is_verified": false,
            "profile_pic_url": "https://instagram.fbga1-4.fna.fbcdn.net/v/t51.2885-19/s150x150/65046102_2409525272665295_6137061563615412224_n.jpg?_nc_ht=instagram.fbga1-4.fna.fbcdn.net&_nc_ohc=8k0uCTwfCdoAX_eZ13g&oh=285c59cc0d6068837b777b876ba2c05d&oe=5F94DFEF",
            "username": "angierolopez"
        },
        "likes_count": 1,
        "answers": [
            {
                "id": 18021837400141272,
                "created_at": 1553610069,
                "text": "@angierolopez \u2764\ufe0f\u2764\ufe0f\u2764\ufe0f",
                "owner": {
                    "id": "208034677",
                    "is_verified": true,
                    "profile_pic_url": "https://instagram.fbga1-4.fna.fbcdn.net/v/t51.2885-19/s150x150/116713279_329296981536344_3404171181868667674_n.jpg?_nc_ht=instagram.fbga1-4.fna.fbcdn.net&_nc_ohc=e_8u8kf3ZDMAX9GL6vk&oh=cb797d66d56f5631c9bff6ad98af462e&oe=5F97C031",
                    "username": "epk"
                },
                "likes_count": 0
            }
        ]
    }
]