[
    {
        "id": 18045464875117703,
        "created_at": 1557284956,
        "text": "\u2764\ufe0f",
        "owner": {
            "id": "5349557711",
            "is_verified": false,
            "profile_pic_url": "https://instagram.fbga1-4.fna.fbcdn.net/v/t51.2885-19/s150x150/18013115_121282141752059_6343050561658552320_a.jpg?_nc_ht=instagram.fbga1-4.fna.fbcdn.net&_nc_ohc=pw9YuGrB1JoAX9DggVV&oh=38777c2e4dee6f40c161aa515861fdb5&oe=5F96DED0",
            "username": "yessycorreal"
        },
        "likes_count": 0,
        "answers": []
    },
    {
        "id": 18046464679113928,
        "created_at": 1557175541,
        "text": "\ud83d\ude0d\ud83d\ude0d\ud83d\ude0d",
        "owner": {
            "id": "10621821742",
            "is_verified": false,
            "profile_pic_url": "https://instagram.fbga1-4.fna.fbcdn.net/v/t51.2885-19/s150x150/50810236_2625311320842804_7255074969904742400_n.jpg?_nc_ht=instagram.fbga1-4.fna.fbcdn.net&_nc_ohc=lujgIIPVhwsAX-NAgpj&oh=327d7de70e07133bcd572e292089af43&oe=5F958C24",
            "username": "durakajdg15230516"
        },
        "likes_count": 2,
        "answers": []
    },
    {
        "id": 17852792446415484,
        "created_at": 1557165953,
        "text": "\ud83d\ude0d",
        "owner": {
            "id": "375760050",
            "is_verified": false,
            "profile_pic_url": "https://instagram.fbga1-4.fna.fbcdn.net/v/t51.2885-19/10597461_553919671386925_1025138751_a.jpg?_nc_ht=instagram.fbga1-4.fna.fbcdn.net&_nc_ohc=a6loL_lV2bEAX9Kgvj6&oh=a23b696efeb5be8954ee4cf57b40037e&oe=5F987CD6",
            "username": "mariatsamper"
        },
        "likes_count": 1,
        "answers": []
    },
    {
        "id": 18063729292042938,
        "created_at": 1557157763,
        "text": "\ud83d\ude0d\ud83d\ude0d\ud83d\ude0d\ud83d\ude0d\ud83d\ude0d\ud83d\ude0d",
        "owner": {
            "id": "8136789",
            "is_verified": false,
            "profile_pic_url": "https://instagram.fbga1-4.fna.fbcdn.net/v/t51.2885-19/s150x150/70849536_2333884273594519_5190751152999759872_n.jpg?_nc_ht=instagram.fbga1-4.fna.fbcdn.net&_nc_ohc=1Sze2bCXerMAX8OjorT&oh=4f6faf37a59c26dbe1ac52ffadf1eceb&oe=5F94CB23",
            "username": "claudiamargarita"
        },
        "likes_count": 0,
        "answers": []
    },
    {
        "id": 17846171773437887,
        "created_at": 1557157619,
        "text": "Que belleza! \ud83d\udc96",
        "owner": {
            "id": "43121285",
            "is_verified": false,
            "profile_pic_url": "https://instagram.fbga1-4.fna.fbcdn.net/v/t51.2885-19/10890910_1643865629230793_1236752170_a.jpg?_nc_ht=instagram.fbga1-4.fna.fbcdn.net&_nc_ohc=6akzfUnujtUAX-qImqf&oh=786e1d5e140a503988cf35f043bca9d3&oe=5F9786F7",
            "username": "catalinaelisafernandez"
        },
        "likes_count": 2,
        "answers": []
    },
    {
        "id": 17968235260255516,
        "created_at": 1557156802,
        "text": "Me encantan\ud83d\ude0d",
        "owner": {
            "id": "12191931832",
            "is_verified": false,
            "profile_pic_url": "https://instagram.fbga1-4.fna.fbcdn.net/v/t51.2885-19/s150x150/120093111_662697717982998_2340017689008510692_n.jpg?_nc_ht=instagram.fbga1-4.fna.fbcdn.net&_nc_ohc=L0hVZuY63EoAX-HMlpX&oh=63f499392a5c5c2d28b5a290a502e8e1&oe=5F97AC11",
            "username": "helenvaldezherrera"
        },
        "likes_count": 2,
        "answers": []
    },
    {
        "id": 17849356627426681,
        "created_at": 1557155726,
        "text": "Coleccion divina en epk ! \ud83d\udc95\u2764\ufe0f\ud83d\udc4f",
        "owner": {
            "id": "286507326",
            "is_verified": false,
            "profile_pic_url": "https://instagram.fbga1-4.fna.fbcdn.net/v/t51.2885-19/s150x150/93849949_181996086168939_8997571574445899776_n.jpg?_nc_ht=instagram.fbga1-4.fna.fbcdn.net&_nc_ohc=QjIYih0auw4AX92EccA&oh=5e2824845419855654fb5abedd7ae698&oe=5F975039",
            "username": "lichebarakat"
        },
        "likes_count": 3,
        "answers": [
            {
                "id": 18045169636112156,
                "created_at": 1557180802,
                "text": "@lichebarakat Gracias por preferirnos!\u2764\ufe0f",
                "owner": {
                    "id": "208034677",
                    "is_verified": true,
                    "profile_pic_url": "https://instagram.fbga1-4.fna.fbcdn.net/v/t51.2885-19/s150x150/116713279_329296981536344_3404171181868667674_n.jpg?_nc_ht=instagram.fbga1-4.fna.fbcdn.net&_nc_ohc=e_8u8kf3ZDMAX9GL6vk&oh=cb797d66d56f5631c9bff6ad98af462e&oe=5F97C031",
                    "username": "epk"
                },
                "likes_count": 2
            }
        ]
    }
]