[
    {
        "id": 18054635881172933,
        "created_at": 1568495607,
        "text": "Necesito este vestido urgente en talla 3.. Gracias",
        "owner": {
            "id": "6722718262",
            "is_verified": false,
            "profile_pic_url": "https://instagram.fbga1-4.fna.fbcdn.net/v/t51.2885-19/s150x150/75419842_394296661519352_6275323372691783680_n.jpg?_nc_ht=instagram.fbga1-4.fna.fbcdn.net&_nc_ohc=8PbpQjUV_RwAX-Xaj8H&oh=17f4a7fa3a4e30876ebc5f9f4e5666fc&oe=5F97A8CD",
            "username": "brima7468"
        },
        "likes_count": 0,
        "answers": []
    },
    {
        "id": 18037615861118640,
        "created_at": 1555377450,
        "text": "\ud83d\ude0d\ud83d\ude0d\ud83d\ude0d\ud83d\ude0d\ud83d\udd25",
        "owner": {
            "id": "2120424338",
            "is_verified": false,
            "profile_pic_url": "https://instagram.fbga1-4.fna.fbcdn.net/v/t51.2885-19/s150x150/116870543_215445019904177_8328529078218001706_n.jpg?_nc_ht=instagram.fbga1-4.fna.fbcdn.net&_nc_ohc=kyeNhbGbLY0AX_zvMJq&oh=6b9ce14ee3f62b02c4781f5f326ec24d&oe=5F96A73A",
            "username": "leidydi1812"
        },
        "likes_count": 1,
        "answers": []
    },
    {
        "id": 18025959952131837,
        "created_at": 1555338937,
        "text": "\ud83e\udd70\ud83e\udd70\ud83e\udd70",
        "owner": {
            "id": "1511442619",
            "is_verified": false,
            "profile_pic_url": "https://instagram.fbga1-4.fna.fbcdn.net/v/t51.2885-19/11376361_1034668139879137_466150719_a.jpg?_nc_ht=instagram.fbga1-4.fna.fbcdn.net&_nc_ohc=3qaadnYTeaYAX9Fd-Yo&oh=a1fce317765f40f9afd88434ed9c6f64&oe=5F964646",
            "username": "aruizh10"
        },
        "likes_count": 1,
        "answers": []
    },
    {
        "id": 17992230709201343,
        "created_at": 1555296957,
        "text": "\ud83d\ude0d",
        "owner": {
            "id": "4219082390",
            "is_verified": false,
            "profile_pic_url": "https://instagram.fbga1-4.fna.fbcdn.net/v/t51.2885-19/s150x150/66344917_366911064026492_2933800286252171264_n.jpg?_nc_ht=instagram.fbga1-4.fna.fbcdn.net&_nc_ohc=dTD0aESIZPcAX9SvGiW&oh=0f237a9926df8c95d838d8820846df6b&oe=5F98396A",
            "username": "karinanaviaparra"
        },
        "likes_count": 1,
        "answers": []
    },
    {
        "id": 17988883186222078,
        "created_at": 1555296905,
        "text": "\ud83d\ude0d",
        "owner": {
            "id": "4219082390",
            "is_verified": false,
            "profile_pic_url": "https://instagram.fbga1-4.fna.fbcdn.net/v/t51.2885-19/s150x150/66344917_366911064026492_2933800286252171264_n.jpg?_nc_ht=instagram.fbga1-4.fna.fbcdn.net&_nc_ohc=dTD0aESIZPcAX9SvGiW&oh=0f237a9926df8c95d838d8820846df6b&oe=5F98396A",
            "username": "karinanaviaparra"
        },
        "likes_count": 1,
        "answers": []
    },
    {
        "id": 18027550954184150,
        "created_at": 1555296845,
        "text": "\ud83d\ude0d",
        "owner": {
            "id": "4219082390",
            "is_verified": false,
            "profile_pic_url": "https://instagram.fbga1-4.fna.fbcdn.net/v/t51.2885-19/s150x150/66344917_366911064026492_2933800286252171264_n.jpg?_nc_ht=instagram.fbga1-4.fna.fbcdn.net&_nc_ohc=dTD0aESIZPcAX9SvGiW&oh=0f237a9926df8c95d838d8820846df6b&oe=5F98396A",
            "username": "karinanaviaparra"
        },
        "likes_count": 1,
        "answers": []
    },
    {
        "id": 17987386225217885,
        "created_at": 1555295374,
        "text": "\ud83d\ude0d\ud83d\ude0d\ud83d\ude0d\ud83d\ude0d",
        "owner": {
            "id": "1193919998",
            "is_verified": false,
            "profile_pic_url": "https://instagram.fbga1-4.fna.fbcdn.net/v/t51.2885-19/s150x150/103929851_3005486362892379_8483467597083996741_n.jpg?_nc_ht=instagram.fbga1-4.fna.fbcdn.net&_nc_ohc=2_-xcJzVMP4AX-CilyF&oh=037cc2ada2d37a6eeddc1f2766fdcc19&oe=5F9796CE",
            "username": "_____kchrine____"
        },
        "likes_count": 1,
        "answers": []
    },
    {
        "id": 17978575825233653,
        "created_at": 1555287594,
        "text": "\ud83d\udc51\ud83d\udc51\ud83d\udc51",
        "owner": {
            "id": "9649015841",
            "is_verified": false,
            "profile_pic_url": "https://instagram.fbga1-4.fna.fbcdn.net/v/t51.2885-19/s150x150/72162990_598213517650685_5741897153312194560_n.jpg?_nc_ht=instagram.fbga1-4.fna.fbcdn.net&_nc_ohc=05DJ4-dset4AX-CSNpB&oh=164c63fd37b17ed8203f236aabb2e8d9&oe=5F96FCF9",
            "username": "fresa_lila"
        },
        "likes_count": 2,
        "answers": []
    },
    {
        "id": 17960901181260609,
        "created_at": 1555275807,
        "text": "\ud83d\ude0d\ud83d\ude0d\ud83d\ude0d\ud83d\ude0d",
        "owner": {
            "id": "471545476",
            "is_verified": false,
            "profile_pic_url": "https://instagram.fbga1-4.fna.fbcdn.net/v/t51.2885-19/s150x150/69265308_675046379659082_3079783033482510336_n.jpg?_nc_ht=instagram.fbga1-4.fna.fbcdn.net&_nc_ohc=1bi9Er_v6wYAX8p1pJb&oh=52cc5c4f5c8aefaecc6949e0da422a17&oe=5F96CB28",
            "username": "ale_carmo2"
        },
        "likes_count": 2,
        "answers": []
    },
    {
        "id": 17843008648423192,
        "created_at": 1555272006,
        "text": "@sanchez_clauss",
        "owner": {
            "id": "3026717954",
            "is_verified": false,
            "profile_pic_url": "https://instagram.fbga1-4.fna.fbcdn.net/v/t51.2885-19/s150x150/107502439_219419169147945_2238300572249311825_n.jpg?_nc_ht=instagram.fbga1-4.fna.fbcdn.net&_nc_ohc=Q5crY-45yekAX9cEhPW&oh=a90b3f9242bf65e57aef716172ae65aa&oe=5F964B1C",
            "username": "valentina_sanchez_valencia"
        },
        "likes_count": 1,
        "answers": [
            {
                "id": 17844197233418934,
                "created_at": 1555290366,
                "text": "@sanchez_valentina23 hermoso",
                "owner": {
                    "id": "1532154431",
                    "is_verified": false,
                    "profile_pic_url": "https://instagram.fbga1-4.fna.fbcdn.net/v/t51.2885-19/s150x150/103928417_307611616941275_3674991483594645898_n.jpg?_nc_ht=instagram.fbga1-4.fna.fbcdn.net&_nc_ohc=gmZ63gsvkBwAX-D4eiZ&oh=7cac407aec27e514ea1876bbd54843f4&oe=5F966EB4",
                    "username": "sanchez_clauss"
                },
                "likes_count": 0
            }
        ]
    },
    {
        "id": 17845527970413608,
        "created_at": 1555261233,
        "text": "\ud83d\ude0d\ud83d\ude0d",
        "owner": {
            "id": "2369332502",
            "is_verified": false,
            "profile_pic_url": "https://instagram.fbga1-4.fna.fbcdn.net/v/t51.2885-19/s150x150/70822048_380996679499130_5424430573999357952_n.jpg?_nc_ht=instagram.fbga1-4.fna.fbcdn.net&_nc_ohc=WUKC2Kwqex8AX_YLhGX&oh=5a5bdadd567094d108853017744bdb6b&oe=5F98302E",
            "username": "angela64garcia"
        },
        "likes_count": 1,
        "answers": []
    },
    {
        "id": 18055371985046538,
        "created_at": 1555259210,
        "text": "\ud83d\ude0d\ud83d\ude0d\ud83d\ude0d",
        "owner": {
            "id": "2872416124",
            "is_verified": false,
            "profile_pic_url": "https://instagram.fbga1-4.fna.fbcdn.net/v/t51.2885-19/s150x150/12716995_969107069844737_2077141316_a.jpg?_nc_ht=instagram.fbga1-4.fna.fbcdn.net&_nc_ohc=lbQetshiTGMAX-WyIB5&oh=a21c8c0560317230ac6873920f0ba097&oe=5F95EFA2",
            "username": "pediatra_"
        },
        "likes_count": 1,
        "answers": []
    },
    {
        "id": 18054649048055402,
        "created_at": 1555256418,
        "text": "Saludos!! Los necesitamos en Venezuela!! \ud83d\ude22",
        "owner": {
            "id": "2812680975",
            "is_verified": false,
            "profile_pic_url": "https://instagram.fbga1-4.fna.fbcdn.net/v/t51.2885-19/s150x150/70505756_658304141325364_8431788359948435456_n.jpg?_nc_ht=instagram.fbga1-4.fna.fbcdn.net&_nc_ohc=xKf6jAW6ApoAX-sIwiJ&oh=7444a556906e21c78251772d0218a9a4&oe=5F95C71B",
            "username": "nataliaperm31"
        },
        "likes_count": 3,
        "answers": []
    },
    {
        "id": 18034974997121754,
        "created_at": 1555255131,
        "text": "Precko",
        "owner": {
            "id": "8892118483",
            "is_verified": false,
            "profile_pic_url": "https://instagram.fbga1-4.fna.fbcdn.net/v/t51.2885-19/s150x150/58729933_2177323855666392_7682731714040299520_n.jpg?_nc_ht=instagram.fbga1-4.fna.fbcdn.net&_nc_ohc=ya_I8pFCdYUAX8_0Q_G&oh=1515b3e0e5c7beaefc791072eaaa3a53&oe=5F966E96",
            "username": "parravergaramercedes"
        },
        "likes_count": 0,
        "answers": [
            {
                "id": 18023119510157871,
                "created_at": 1555287796,
                "text": "@parravergaramercedes hola! Te invitamos a visitarnos en www.epk.com y validar todas las prendas que tenemos para ti\ud83e\udde1",
                "owner": {
                    "id": "208034677",
                    "is_verified": true,
                    "profile_pic_url": "https://instagram.fbga1-4.fna.fbcdn.net/v/t51.2885-19/s150x150/116713279_329296981536344_3404171181868667674_n.jpg?_nc_ht=instagram.fbga1-4.fna.fbcdn.net&_nc_ohc=e_8u8kf3ZDMAX9GL6vk&oh=cb797d66d56f5631c9bff6ad98af462e&oe=5F97C031",
                    "username": "epk"
                },
                "likes_count": 0
            }
        ]
    },
    {
        "id": 17991394807206986,
        "created_at": 1555255018,
        "text": "\ud83d\ude4f\ud83d\ude4f\ud83d\ude4f\ud83d\ude4f por fa saquen l\u00ednea de zapatos lo estamos pidiendo a gritos ......",
        "owner": {
            "id": "2230788485",
            "is_verified": false,
            "profile_pic_url": "https://instagram.fbga1-4.fna.fbcdn.net/v/t51.2885-19/s150x150/19765112_116552768969136_3939898922255777792_a.jpg?_nc_ht=instagram.fbga1-4.fna.fbcdn.net&_nc_ohc=3xmLoFm-owYAX8hB0ms&oh=557017e80fd392d94b6ceacb35a27050&oe=5F961ABF",
            "username": "sanlililo"
        },
        "likes_count": 5,
        "answers": [
            {
                "id": 18027529987137793,
                "created_at": 1555287848,
                "text": "Gracias por tus comentarios @sanlililo los tendremos muy en cuenta! Saludos\u2764\ufe0f",
                "owner": {
                    "id": "208034677",
                    "is_verified": true,
                    "profile_pic_url": "https://instagram.fbga1-4.fna.fbcdn.net/v/t51.2885-19/s150x150/116713279_329296981536344_3404171181868667674_n.jpg?_nc_ht=instagram.fbga1-4.fna.fbcdn.net&_nc_ohc=e_8u8kf3ZDMAX9GL6vk&oh=cb797d66d56f5631c9bff6ad98af462e&oe=5F97C031",
                    "username": "epk"
                },
                "likes_count": 0
            }
        ]
    }
]