[
    {
        "id": 18019820050076182,
        "created_at": 1548894050,
        "text": "Lo \u00fanico que puedo decir es que me parece terrible que si @epk al iniciar con este evento de ModeloEPK  publica y da sus reglas de juego para que los ni\u00f1os participen es porque las van a cumplir de lo contrario no deber\u00edan de publicar nada. Mi hija particip\u00f3 y realic\u00e9 todo al pie de la letra como lo indicaba la p\u00e1gina de @modeloEpk c\u00f3mo por ejemplo puntos a calificar ( mayor votaci\u00f3n, foto con fondo blanco o la imagen del stand que ten\u00eda las tiendas de Epk, pose del ni\u00f1o/a, creatividad en la foto, y el vestuario de \u00faltima colecci\u00f3n, entre otras y no me enoja que mi hija no halla quedado porque a la final siempre ser\u00e1 mi modelo preferida y ganadora. As\u00ed como lo son muchos ni\u00f1os por que todos son Hermosos. Pero si me disgusta que una empresa c\u00f3mo esta no cumpla ni tenga palabra con lo que  informan desde un inicio. Y por \u00faltimo respecto a la agencia que contrataron pienso que los participantes fueron escogidos al azar. Gracias... y ModeloEPK no ser\u00e1 recomendable de mi parte.",
        "owner": {
            "id": "962679406",
            "is_verified": false,
            "profile_pic_url": "https://instagram.fbga1-4.fna.fbcdn.net/v/t51.2885-19/s150x150/120078279_1537054249812020_6984271826286444124_n.jpg?_nc_ht=instagram.fbga1-4.fna.fbcdn.net&_nc_ohc=XdungQDk_vwAX_3-SkC&oh=f41815caeb0f323cce665a4f5a5473cc&oe=5F957021",
            "username": "sharonkarina0506"
        },
        "likes_count": 1,
        "answers": []
    },
    {
        "id": 18026747026006155,
        "created_at": 1548540335,
        "text": "Gracias Epk",
        "owner": {
            "id": "5946003477",
            "is_verified": false,
            "profile_pic_url": "https://instagram.fbga1-4.fna.fbcdn.net/v/t51.2885-19/s150x150/67844411_518438662249244_2800229272952766464_n.jpg?_nc_ht=instagram.fbga1-4.fna.fbcdn.net&_nc_ohc=xE2GTtyCHj0AX-0L3Eg&oh=9fc2652268f59f5fb77e851dda685cb8&oe=5F96045B",
            "username": "dipa.liam"
        },
        "likes_count": 0,
        "answers": [
            {
                "id": 17967906223202470,
                "created_at": 1548777718,
                "text": "@dipa.liam \u2764\ufe0f\u2764\ufe0f",
                "owner": {
                    "id": "208034677",
                    "is_verified": true,
                    "profile_pic_url": "https://instagram.fbga1-4.fna.fbcdn.net/v/t51.2885-19/s150x150/116713279_329296981536344_3404171181868667674_n.jpg?_nc_ht=instagram.fbga1-4.fna.fbcdn.net&_nc_ohc=e_8u8kf3ZDMAX9GL6vk&oh=cb797d66d56f5631c9bff6ad98af462e&oe=5F97C031",
                    "username": "epk"
                },
                "likes_count": 0
            }
        ]
    },
    {
        "id": 17997635977183434,
        "created_at": 1548520844,
        "text": "\ud83d\ude09",
        "owner": {
            "id": "1496806385",
            "is_verified": false,
            "profile_pic_url": "https://instagram.fbga1-4.fna.fbcdn.net/v/t51.2885-19/s150x150/16464933_1782828978635067_7550300035305439232_a.jpg?_nc_ht=instagram.fbga1-4.fna.fbcdn.net&_nc_ohc=Z3JS-MZdlNQAX-x1SYw&oh=992cbbbb0753d567c9cd91cda3760491&oe=5F94F529",
            "username": "karol.love"
        },
        "likes_count": 0,
        "answers": [
            {
                "id": 17896178470295077,
                "created_at": 1548777722,
                "text": "@karol.love \u2764\ufe0f\u2764\ufe0f\ud83d\ude0a",
                "owner": {
                    "id": "208034677",
                    "is_verified": true,
                    "profile_pic_url": "https://instagram.fbga1-4.fna.fbcdn.net/v/t51.2885-19/s150x150/116713279_329296981536344_3404171181868667674_n.jpg?_nc_ht=instagram.fbga1-4.fna.fbcdn.net&_nc_ohc=e_8u8kf3ZDMAX9GL6vk&oh=cb797d66d56f5631c9bff6ad98af462e&oe=5F97C031",
                    "username": "epk"
                },
                "likes_count": 0
            }
        ]
    },
    {
        "id": 18019251940079742,
        "created_at": 1548473000,
        "text": "Hola, yo soy la mami de @sofi.rodriguezm  estuve d\u00eda a d\u00eda atenta a todo lo del concurso y estaba muy claro que los 8 books m\u00e1s votados pasaban autom\u00e1ticamente a preseleccionados y aparte los jurados escoger\u00edan 8 ni\u00f1os de cada ciudad donde exista tienda @epk ... No s\u00e9 qu\u00e9 pasa en el caso de Popay\u00e1n si ah\u00ed hay tienda debieron escoger los 8 ni\u00f1os de all\u00e1.... Mi ni\u00f1a no sali\u00f3 preseleccionada, (pese a que esperaba que si) y contrario a enojarme me siento feliz de haber disfrutado este evento desde que decidimos participar. Los momentos que @sofi.rodriguezm  y yo pasamos escogiendo la ropa, las poses y las locaciones para capturar sus mejores fotos hicieron de estas vacaciones un buen momento... Enojarme por el \u00e9xito de otros ni\u00f1os implicar\u00eda desconocer que todos son hermosos y que todos  merecen cumplir ese deseo... A @epk solo gracias por los m\u00e1gicos momentos que nos brinda, son la \u00fanica marca que en su estrategia de mercadeo incluye la satisfacci\u00f3n de madres y peque\u00f1os a so\u00f1ar con un a\u00f1o de fama ... Para toda mamita su ni\u00f1o es el mejor, el m\u00e1s hermoso, el m\u00e1s chispa, solo hay que seguir intentando y hacerles saber que lo importante no es ser reconocido, sino disfrutar la oportunidad, el momento, y el espacio! EPK tiene sin duda alguna la mejor ropa para mi beb\u00e9, adem\u00e1s de las excelentes promociones, De verdad fue muy lindo hacer parte este a\u00f1o de est\u00e1 linda experiencia y obvio ya tengo mi favorita la bella @soficorazones",
        "owner": {
            "id": "8609425251",
            "is_verified": false,
            "profile_pic_url": "https://instagram.fbga1-4.fna.fbcdn.net/v/t51.2885-19/s150x150/118351791_757611241692560_4355642703700771807_n.jpg?_nc_ht=instagram.fbga1-4.fna.fbcdn.net&_nc_ohc=cKBYfOdVBFoAX9PUAnh&oh=9db8845e41023cbdaf49a8af51912417&oe=5F95B209",
            "username": "kalu.merlano"
        },
        "likes_count": 3,
        "answers": [
            {
                "id": 18000263023187994,
                "created_at": 1548777640,
                "text": "@kalu.merlano muchas gracias por tu mensaje! Solo con participar tu princesa ya es una modelo! \u2764\ufe0f\u2764\ufe0f",
                "owner": {
                    "id": "208034677",
                    "profile_pic_url": "https://instagram.fbga1-4.fna.fbcdn.net/v/t51.2885-19/s150x150/116713279_329296981536344_3404171181868667674_n.jpg?_nc_ht=instagram.fbga1-4.fna.fbcdn.net&_nc_ohc=e_8u8kf3ZDMAX9GL6vk&oh=cb797d66d56f5631c9bff6ad98af462e&oe=5F97C031",
                    "username": "epk"
                },
                "likes_count": 0
            }
        ]
    },
    {
        "id": 17926308547263028,
        "created_at": 1548469832,
        "text": "Bueno no supieron explicar :(. Para la.pr\u00f3xima en estos tipos de concurso y m\u00e1s con el manejo de redes , se debe explicar lo m\u00e1s m\u00ednimo, saben que algunos se molestan y m\u00e1s cuando nosotros los consumidores tenemos la raz\u00f3n , soy una de las mamitas qie comprar mensual 500 mil en prendas a claro tengo dos hijos. Y de una o otra manera quiere que sus hijos hagan parte de esta experiencia como la.muestran.. De todas formas muchas gracias y. Mi princesa seguir\u00e1 vistiendose con esta marca. Que gane el mejor \ud83d\udc7c\ud83c\udf38",
        "owner": {
            "id": "1590929207",
            "is_verified": false,
            "profile_pic_url": "https://instagram.fbga1-4.fna.fbcdn.net/v/t51.2885-19/s150x150/117108717_635920633973995_97393398944853840_n.jpg?_nc_ht=instagram.fbga1-4.fna.fbcdn.net&_nc_ohc=l9EkKP6jBu4AX-1xa-o&oh=71d26e1108b5a4bc77d3da7334d8c700&oe=5F956DBB",
            "username": "yeraldyvalencia"
        },
        "likes_count": 1,
        "answers": [
            {
                "id": 17854412434335093,
                "created_at": 1548777711,
                "text": "@yeraldyvalencia gracias por tu mensaje! Todos son estrellas solo con haber vivido esta gran experiencia. Te esperamos el pr\u00f3ximo a\u00f1o \u2764\ufe0f",
                "owner": {
                    "id": "208034677",
                    "is_verified": true,
                    "profile_pic_url": "https://instagram.fbga1-4.fna.fbcdn.net/v/t51.2885-19/s150x150/116713279_329296981536344_3404171181868667674_n.jpg?_nc_ht=instagram.fbga1-4.fna.fbcdn.net&_nc_ohc=e_8u8kf3ZDMAX9GL6vk&oh=cb797d66d56f5631c9bff6ad98af462e&oe=5F97C031",
                    "username": "epk"
                },
                "likes_count": 0
            }
        ]
    },
    {
        "id": 18026937877051735,
        "created_at": 1548444046,
        "text": "@mary_fernandezs  y Natalia???",
        "owner": {
            "id": "2206113837",
            "is_verified": false,
            "profile_pic_url": "https://instagram.fbga1-4.fna.fbcdn.net/v/t51.2885-19/s150x150/109747065_2645655399030740_8697191587691996418_n.jpg?_nc_ht=instagram.fbga1-4.fna.fbcdn.net&_nc_ohc=ldGaAajQsVIAX-PP841&oh=2efbc9bfd71ce42fe5c6f816f50a7ba3&oe=5F97FF24",
            "username": "k_isabel_sanjuan"
        },
        "likes_count": 0,
        "answers": []
    },
    {
        "id": 18012248182099016,
        "created_at": 1548443970,
        "text": "@sanjuanmaryfernandez",
        "owner": {
            "id": "2206113837",
            "is_verified": false,
            "profile_pic_url": "https://instagram.fbga1-4.fna.fbcdn.net/v/t51.2885-19/s150x150/109747065_2645655399030740_8697191587691996418_n.jpg?_nc_ht=instagram.fbga1-4.fna.fbcdn.net&_nc_ohc=ldGaAajQsVIAX-PP841&oh=2efbc9bfd71ce42fe5c6f816f50a7ba3&oe=5F97FF24",
            "username": "k_isabel_sanjuan"
        },
        "likes_count": 0,
        "answers": [
            {
                "id": 17861378275317343,
                "created_at": 1548777729,
                "text": "@k_isabel_sanjuan \u2764\ufe0f",
                "owner": {
                    "id": "208034677",
                    "is_verified": true,
                    "profile_pic_url": "https://instagram.fbga1-4.fna.fbcdn.net/v/t51.2885-19/s150x150/116713279_329296981536344_3404171181868667674_n.jpg?_nc_ht=instagram.fbga1-4.fna.fbcdn.net&_nc_ohc=e_8u8kf3ZDMAX9GL6vk&oh=cb797d66d56f5631c9bff6ad98af462e&oe=5F97C031",
                    "username": "epk"
                },
                "likes_count": 0
            }
        ]
    },
    {
        "id": 17863215832310448,
        "created_at": 1548443962,
        "text": "@raf",
        "owner": {
            "id": "2206113837",
            "is_verified": false,
            "profile_pic_url": "https://instagram.fbga1-4.fna.fbcdn.net/v/t51.2885-19/s150x150/109747065_2645655399030740_8697191587691996418_n.jpg?_nc_ht=instagram.fbga1-4.fna.fbcdn.net&_nc_ohc=ldGaAajQsVIAX-PP841&oh=2efbc9bfd71ce42fe5c6f816f50a7ba3&oe=5F97FF24",
            "username": "k_isabel_sanjuan"
        },
        "likes_count": 0,
        "answers": []
    },
    {
        "id": 17858808709320194,
        "created_at": 1548403422,
        "text": "Es una falta de respeto! Para que juegan con la gente y con los ni\u00f1os, dicen q escogen los que mayor votaci\u00f3n tengan en cada ciudad y al final eligen los q se les da la gana. No es la primera vez que participo en este concurso pero este a\u00f1o si se pasaron, los ni\u00f1os de l ciudad de Neiva no son esos. Existen otros con mayores votaciones mi hija por ejemplo ten\u00eda la mayor votaci\u00f3n de Neiva 4.050 votos y no pas\u00f3, para pasar otros con 500 votos! Falta de respeto.",
        "owner": {
            "id": "1226911528",
            "is_verified": false,
            "profile_pic_url": "https://instagram.fbga1-4.fna.fbcdn.net/v/t51.2885-19/s150x150/47584962_378167179605956_1250760077925679104_n.jpg?_nc_ht=instagram.fbga1-4.fna.fbcdn.net&_nc_ohc=MpaWSQuup-oAX88p6Ms&oh=b5c849f1fa946e002f309e32ab3fc75f&oe=5F956458",
            "username": "marianaprada17"
        },
        "likes_count": 6,
        "answers": [
            {
                "id": 18025696012046146,
                "created_at": 1548422299,
                "text": "@epk no se\u00f1ores los m\u00e1s votados en el huila no fuero los que salieron yo tengo las votaciones de todos, y cuando empez\u00f3 el concurso dijeron q eleg\u00edan los 8 m\u00e1s votados de cada ciudad y esos no son. Con que ganas se sigue comprando en una tienda tan falsa.",
                "owner": {
                    "id": "1226911528",
                    "profile_pic_url": "https://instagram.fbga1-4.fna.fbcdn.net/v/t51.2885-19/s150x150/47584962_378167179605956_1250760077925679104_n.jpg?_nc_ht=instagram.fbga1-4.fna.fbcdn.net&_nc_ohc=MpaWSQuup-oAX88p6Ms&oh=b5c849f1fa946e002f309e32ab3fc75f&oe=5F956458",
                    "username": "marianaprada17"
                },
                "likes_count": 2
            },
            {
                "id": 18024850351049625,
                "created_at": 1548421099,
                "text": "@marianaprada17 Hola Mariana, gracias por su mensaje. En esta edici\u00f3n de Modelo EPK, fueron elegidos un total de 8 ni\u00f1os por ser los m\u00e1s votados. Adicionalmente, la agencia INforma Models, agencia de modelaje de talla internacional, se especializa en la selecci\u00f3n, manejo, y proyecci\u00f3n de modelos. Tu modelo ya es una estrella EPK solo con participar. Te invitamos a ser parte del concurso Modelo EPK 2019-2020. Feliz d\u00eda \u2764\ufe0f\ud83d\ude0a\ud83d\ude4c",
                "owner": {
                    "id": "208034677",
                    "profile_pic_url": "https://instagram.fbga1-4.fna.fbcdn.net/v/t51.2885-19/s150x150/116713279_329296981536344_3404171181868667674_n.jpg?_nc_ht=instagram.fbga1-4.fna.fbcdn.net&_nc_ohc=e_8u8kf3ZDMAX9GL6vk&oh=cb797d66d56f5631c9bff6ad98af462e&oe=5F97C031",
                    "username": "epk"
                },
                "likes_count": 0
            },
            {
                "id": 18010158427103428,
                "created_at": 1548424968,
                "text": "@marianaprada17 Hola! Los 8 ni\u00f1os m\u00e1s votados de Colombia pasaron a preseleccionados. Los ni\u00f1os elegidos por ciudad fueron seleccionados con la ayuda de la agencia de modelaje. Gracias por su participaci\u00f3n \u2764\ufe0f\u2764\ufe0f",
                "owner": {
                    "id": "208034677",
                    "profile_pic_url": "https://instagram.fbga1-4.fna.fbcdn.net/v/t51.2885-19/s150x150/116713279_329296981536344_3404171181868667674_n.jpg?_nc_ht=instagram.fbga1-4.fna.fbcdn.net&_nc_ohc=e_8u8kf3ZDMAX9GL6vk&oh=cb797d66d56f5631c9bff6ad98af462e&oe=5F97C031",
                    "username": "epk"
                },
                "likes_count": 0
            },
            {
                "id": 17996096458179844,
                "created_at": 1548516359,
                "text": "@marianaprada17 total",
                "owner": {
                    "id": "5521314253",
                    "profile_pic_url": "https://instagram.fbga1-4.fna.fbcdn.net/v/t51.2885-19/s150x150/119857088_327825808546881_3955126295424676576_n.jpg?_nc_ht=instagram.fbga1-4.fna.fbcdn.net&_nc_ohc=v1RwIi6U2jIAX9C3SP3&oh=cb40691ffa2af91846db4df454ffb0da&oe=5F9719FE",
                    "username": "anamar158"
                },
                "likes_count": 0
            },
            {
                "id": 17966114953200517,
                "created_at": 1548441350,
                "text": "@epk Que pena me da contradecirlos;pero no escogieron los m\u00e1s votados,mi nieta obtuvo m\u00e1s de 4000 votos,fue un buen trabajo para conseguirlos y ya hab\u00eda le\u00eddo que ustedes no son serios,hay ni\u00f1os con 500 votos preseleccionados, que falta de seriedad.",
                "owner": {
                    "id": "2270250614",
                    "profile_pic_url": "https://instagram.fbga1-4.fna.fbcdn.net/v/t51.2885-19/s150x150/46676708_2130530653943864_2880349053181231104_n.jpg?_nc_ht=instagram.fbga1-4.fna.fbcdn.net&_nc_ohc=e9OaFC-F0rgAX9FEr0m&oh=d6e3c33e734f822f10fd893d4c04cc06&oe=5F956DE2",
                    "username": "mariadelourdesportilla"
                },
                "likes_count": 0
            }
        ]
    },
    {
        "id": 17995584367176397,
        "created_at": 1548385525,
        "text": "Por Popay\u00e1n no sali\u00f3 ninguno pens\u00e9 que sacar\u00edan por ciudad donde ustedes tienen tienda @epk, muy buen concurso gracias",
        "owner": {
            "id": "5735939133",
            "is_verified": false,
            "profile_pic_url": "https://instagram.fbga1-4.fna.fbcdn.net/v/t51.2885-19/s150x150/101478990_561459474562177_6615042315004149760_n.jpg?_nc_ht=instagram.fbga1-4.fna.fbcdn.net&_nc_ohc=ZLf_aPTqEtcAX8Xh-zS&oh=51cf699ac6e9f4234103c617ca19965e&oe=5F962D32",
            "username": "marcelapinoceron"
        },
        "likes_count": 1,
        "answers": [
            {
                "id": 18027012451053777,
                "created_at": 1548421025,
                "text": "@epk mmmm vale gracias",
                "owner": {
                    "id": "5735939133",
                    "profile_pic_url": "https://instagram.fbga1-4.fna.fbcdn.net/v/t51.2885-19/s150x150/101478990_561459474562177_6615042315004149760_n.jpg?_nc_ht=instagram.fbga1-4.fna.fbcdn.net&_nc_ohc=ZLf_aPTqEtcAX8Xh-zS&oh=51cf699ac6e9f4234103c617ca19965e&oe=5F962D32",
                    "username": "marcelapinoceron"
                },
                "likes_count": 1
            },
            {
                "id": 17965503586207377,
                "created_at": 1548420625,
                "text": "@marcelapinoceron hola! Gracias por tu mensaje. Las ciudades fueron agrupadas por ciudades principales. T\u00fa ciudad est\u00e1 incluida en el grupo de Cali. Feliz d\u00eda \u2764\ufe0f",
                "owner": {
                    "id": "208034677",
                    "profile_pic_url": "https://instagram.fbga1-4.fna.fbcdn.net/v/t51.2885-19/s150x150/116713279_329296981536344_3404171181868667674_n.jpg?_nc_ht=instagram.fbga1-4.fna.fbcdn.net&_nc_ohc=e_8u8kf3ZDMAX9GL6vk&oh=cb797d66d56f5631c9bff6ad98af462e&oe=5F97C031",
                    "username": "epk"
                },
                "likes_count": 0
            }
        ]
    },
    {
        "id": 17905057864287577,
        "created_at": 1548375015,
        "text": "En Popay\u00e1n escogieron alg\u00fan preseleccionado mi ni\u00f1a participo desde esa ciudad??",
        "owner": {
            "id": "2228190549",
            "is_verified": false,
            "profile_pic_url": "https://instagram.fbga1-4.fna.fbcdn.net/v/t51.2885-19/s150x150/89377203_192459825318533_6154259046460293120_n.jpg?_nc_ht=instagram.fbga1-4.fna.fbcdn.net&_nc_ohc=L111XBlzeY8AX8RFkY3&oh=9897f523bfca8433efd112617ba281d2&oe=5F9794A5",
            "username": "sandra9526n"
        },
        "likes_count": 0,
        "answers": [
            {
                "id": 17918180938273202,
                "created_at": 1548377953,
                "text": "@sandra9526n Hola! Entra a epk.com y descubre todos los preseleccionados. \u2764\ufe0f",
                "owner": {
                    "id": "208034677",
                    "is_verified": true,
                    "profile_pic_url": "https://instagram.fbga1-4.fna.fbcdn.net/v/t51.2885-19/s150x150/116713279_329296981536344_3404171181868667674_n.jpg?_nc_ht=instagram.fbga1-4.fna.fbcdn.net&_nc_ohc=e_8u8kf3ZDMAX9GL6vk&oh=cb797d66d56f5631c9bff6ad98af462e&oe=5F97C031",
                    "username": "epk"
                },
                "likes_count": 0
            }
        ]
    },
    {
        "id": 17984874169194610,
        "created_at": 1548369848,
        "text": "Y que debo hacer para que mi hijo sea modelo de su marca???",
        "owner": {
            "id": "2365836690",
            "is_verified": false,
            "profile_pic_url": "https://instagram.fbga1-4.fna.fbcdn.net/v/t51.2885-19/s150x150/53800054_410734582993608_6288807332323262464_n.jpg?_nc_ht=instagram.fbga1-4.fna.fbcdn.net&_nc_ohc=mrKxt-uzfzQAX91ZkkE&oh=48fbd2eb2f6264810bfb9916aea1c1b5&oe=5F951DBE",
            "username": "yeral0512"
        },
        "likes_count": 1,
        "answers": [
            {
                "id": 18021120352071557,
                "created_at": 1548445878,
                "text": "@yeral0512 no se desgaste no es la primera vez que particip\u00f3 y lo \u00fanico que hacen es q la personas compre la ropa y luego eligen los q ellos quieran. Para que tanto show!",
                "owner": {
                    "id": "1226911528",
                    "profile_pic_url": "https://instagram.fbga1-4.fna.fbcdn.net/v/t51.2885-19/s150x150/47584962_378167179605956_1250760077925679104_n.jpg?_nc_ht=instagram.fbga1-4.fna.fbcdn.net&_nc_ohc=MpaWSQuup-oAX88p6Ms&oh=b5c849f1fa946e002f309e32ab3fc75f&oe=5F956458",
                    "username": "marianaprada17"
                },
                "likes_count": 0
            },
            {
                "id": 18007090381126498,
                "created_at": 1548520938,
                "text": "@epk hola como podria partisipar \ud83d\ude0d",
                "owner": {
                    "id": "1496806385",
                    "profile_pic_url": "https://instagram.fbga1-4.fna.fbcdn.net/v/t51.2885-19/s150x150/16464933_1782828978635067_7550300035305439232_a.jpg?_nc_ht=instagram.fbga1-4.fna.fbcdn.net&_nc_ohc=Z3JS-MZdlNQAX-x1SYw&oh=992cbbbb0753d567c9cd91cda3760491&oe=5F94F529",
                    "username": "karol.love"
                },
                "likes_count": 0
            },
            {
                "id": 18000604645137430,
                "created_at": 1548370505,
                "text": "@yeral0512 Hola! Ya las inscripciones de Modelo EPK han cerrado. Sigue atenta a nuestras redes el segundo semestre de este a\u00f1o 2019, para la convocatoria del pr\u00f3ximo a\u00f1o. Te esperamos \u2764\ufe0f",
                "owner": {
                    "id": "208034677",
                    "profile_pic_url": "https://instagram.fbga1-4.fna.fbcdn.net/v/t51.2885-19/s150x150/116713279_329296981536344_3404171181868667674_n.jpg?_nc_ht=instagram.fbga1-4.fna.fbcdn.net&_nc_ohc=e_8u8kf3ZDMAX9GL6vk&oh=cb797d66d56f5631c9bff6ad98af462e&oe=5F97C031",
                    "username": "epk"
                },
                "likes_count": 1
            },
            {
                "id": 17962133122222741,
                "created_at": 1548508471,
                "text": "@marianaprada17 \ud83d\ude2e\ud83d\ude2e\ud83d\ude2e",
                "owner": {
                    "id": "2365836690",
                    "profile_pic_url": "https://instagram.fbga1-4.fna.fbcdn.net/v/t51.2885-19/s150x150/53800054_410734582993608_6288807332323262464_n.jpg?_nc_ht=instagram.fbga1-4.fna.fbcdn.net&_nc_ohc=mrKxt-uzfzQAX91ZkkE&oh=48fbd2eb2f6264810bfb9916aea1c1b5&oe=5F951DBE",
                    "username": "yeral0512"
                },
                "likes_count": 0
            },
            {
                "id": 17932810315260521,
                "created_at": 1548441614,
                "text": "@yeral0512 ellos no son serios,no se desgaste consiguiendo votos,con 500 si es de su agrado lo escojen",
                "owner": {
                    "id": "2270250614",
                    "profile_pic_url": "https://instagram.fbga1-4.fna.fbcdn.net/v/t51.2885-19/s150x150/46676708_2130530653943864_2880349053181231104_n.jpg?_nc_ht=instagram.fbga1-4.fna.fbcdn.net&_nc_ohc=e9OaFC-F0rgAX9FEr0m&oh=d6e3c33e734f822f10fd893d4c04cc06&oe=5F956DE2",
                    "username": "mariadelourdesportilla"
                },
                "likes_count": 0
            }
        ]
    }
]