[
    {
        "id": 17845840648407147,
        "created_at": 1554751200,
        "text": "Precio de este vestido por favor y que tallas tienen",
        "owner": {
            "id": "1985200841",
            "is_verified": false,
            "profile_pic_url": "https://instagram.fbga1-4.fna.fbcdn.net/v/t51.2885-19/s150x150/17077025_812597452221323_9054907446522281984_a.jpg?_nc_ht=instagram.fbga1-4.fna.fbcdn.net&_nc_ohc=W4uJjR0uLhIAX_DjYZV&oh=764223d57d88d361ccabd8cb8dd573cc&oe=5F963F72",
            "username": "reales_saray"
        },
        "likes_count": 0,
        "answers": []
    },
    {
        "id": 18024353299086998,
        "created_at": 1553721277,
        "text": "Cual es la referencia de ese hermoso vestido?",
        "owner": {
            "id": "2248343966",
            "is_verified": false,
            "profile_pic_url": "https://instagram.fbga1-4.fna.fbcdn.net/v/t51.2885-19/s150x150/81096071_599415810871928_5030863543637901312_n.jpg?_nc_ht=instagram.fbga1-4.fna.fbcdn.net&_nc_ohc=NoLYedr2NUcAX9LSgzH&oh=0f14f40d88d7f248f106cb4a5a5961e0&oe=5F96995C",
            "username": "elismilethzuniga"
        },
        "likes_count": 1,
        "answers": [
            {
                "id": 17886628327311954,
                "created_at": 1554409347,
                "text": "@elismilethzuniga Te invitamos a visitarnos en www.epk.com! saludos.",
                "owner": {
                    "id": "208034677",
                    "is_verified": true,
                    "profile_pic_url": "https://instagram.fbga1-4.fna.fbcdn.net/v/t51.2885-19/s150x150/116713279_329296981536344_3404171181868667674_n.jpg?_nc_ht=instagram.fbga1-4.fna.fbcdn.net&_nc_ohc=e_8u8kf3ZDMAX9GL6vk&oh=cb797d66d56f5631c9bff6ad98af462e&oe=5F97C031",
                    "username": "epk"
                },
                "likes_count": 1
            }
        ]
    },
    {
        "id": 17953409188262142,
        "created_at": 1553463162,
        "text": "V",
        "owner": {
            "id": "2040189674",
            "is_verified": false,
            "profile_pic_url": "https://instagram.fbga1-4.fna.fbcdn.net/v/t51.2885-19/s150x150/110244487_3709119545768303_2217291891812797707_n.jpg?_nc_ht=instagram.fbga1-4.fna.fbcdn.net&_nc_ohc=P8HFrBrAvYgAX8jOOSG&oh=ddeb20aea83c861181568a8e0b296c53&oe=5F988E52",
            "username": "lviviana_8a"
        },
        "likes_count": 1,
        "answers": []
    },
    {
        "id": 17985848620200386,
        "created_at": 1553435657,
        "text": "Tallas disponibles y precio? Gracias",
        "owner": {
            "id": "11645378064",
            "is_verified": false,
            "profile_pic_url": "https://instagram.fbga1-4.fna.fbcdn.net/v/t51.2885-19/s150x150/54771054_855859841431400_7730449423469117440_n.jpg?_nc_ht=instagram.fbga1-4.fna.fbcdn.net&_nc_ohc=qaX0hKHcCuAAX8KCtle&oh=b796df1544ac3bd89f3470d45f4d63bf&oe=5F977C8E",
            "username": "luzdaryfernandezbohorquez"
        },
        "likes_count": 0,
        "answers": [
            {
                "id": 17848895110375911,
                "created_at": 1553609676,
                "text": "@luzdaryfernandezbohorquez hola! esta prenda estar\u00e1 disponible en las tallas 4 a 12 a\u00f1os. Muy pronto!",
                "owner": {
                    "id": "208034677",
                    "is_verified": true,
                    "profile_pic_url": "https://instagram.fbga1-4.fna.fbcdn.net/v/t51.2885-19/s150x150/116713279_329296981536344_3404171181868667674_n.jpg?_nc_ht=instagram.fbga1-4.fna.fbcdn.net&_nc_ohc=e_8u8kf3ZDMAX9GL6vk&oh=cb797d66d56f5631c9bff6ad98af462e&oe=5F97C031",
                    "username": "epk"
                },
                "likes_count": 0
            }
        ]
    },
    {
        "id": 18003886834195760,
        "created_at": 1553433820,
        "text": "\ud83e\udd17\u2764\ufe0f Hermoso",
        "owner": {
            "id": "2240432010",
            "is_verified": false,
            "profile_pic_url": "https://instagram.fbga1-4.fna.fbcdn.net/v/t51.2885-19/s150x150/66897914_772094896522012_6660649529043320832_n.jpg?_nc_ht=instagram.fbga1-4.fna.fbcdn.net&_nc_ohc=MpMZ3zGFJ8MAX-_UwZ3&oh=1533bae2d6a5face4f83556b433edd86&oe=5F966B6D",
            "username": "paolita_maturana"
        },
        "likes_count": 0,
        "answers": [
            {
                "id": 18030353779121878,
                "created_at": 1553609681,
                "text": "@paolita_maturana gracias \ud83d\ude0a",
                "owner": {
                    "id": "208034677",
                    "is_verified": true,
                    "profile_pic_url": "https://instagram.fbga1-4.fna.fbcdn.net/v/t51.2885-19/s150x150/116713279_329296981536344_3404171181868667674_n.jpg?_nc_ht=instagram.fbga1-4.fna.fbcdn.net&_nc_ohc=e_8u8kf3ZDMAX9GL6vk&oh=cb797d66d56f5631c9bff6ad98af462e&oe=5F97C031",
                    "username": "epk"
                },
                "likes_count": 0
            }
        ]
    },
    {
        "id": 18038492362077579,
        "created_at": 1553341344,
        "text": "@vale.perez01 mira qu\u00e9 bonito",
        "owner": {
            "id": "780612896",
            "is_verified": false,
            "profile_pic_url": "https://instagram.fbga1-4.fna.fbcdn.net/v/t51.2885-19/s150x150/88968286_745387952654227_1335134942383833088_n.jpg?_nc_ht=instagram.fbga1-4.fna.fbcdn.net&_nc_ohc=z_x7adH9-04AX-uqfi7&oh=33f697a980b17e06b5659c05efbb8605&oe=5F96BB03",
            "username": "andressriivera"
        },
        "likes_count": 0,
        "answers": [
            {
                "id": 18049432921058975,
                "created_at": 1553609685,
                "text": "@andressriivera \u2764\ufe0f\ud83d\ude0a",
                "owner": {
                    "id": "208034677",
                    "is_verified": true,
                    "profile_pic_url": "https://instagram.fbga1-4.fna.fbcdn.net/v/t51.2885-19/s150x150/116713279_329296981536344_3404171181868667674_n.jpg?_nc_ht=instagram.fbga1-4.fna.fbcdn.net&_nc_ohc=e_8u8kf3ZDMAX9GL6vk&oh=cb797d66d56f5631c9bff6ad98af462e&oe=5F97C031",
                    "username": "epk"
                },
                "likes_count": 0
            }
        ]
    },
    {
        "id": 18022766746090385,
        "created_at": 1553333619,
        "text": "\ud83d\udc4f\ud83d\udc4f\ud83d\udc4f\ud83d\udc4f\ud83d\udc4f\ud83d\udc4f\ud83d\udc4f\ud83d\udc4f",
        "owner": {
            "id": "8757347890",
            "is_verified": false,
            "profile_pic_url": "https://instagram.fbga1-4.fna.fbcdn.net/v/t51.2885-19/s150x150/58686734_359853888208092_7631256724271267840_n.jpg?_nc_ht=instagram.fbga1-4.fna.fbcdn.net&_nc_ohc=8K0BrkSBY5wAX-I2R6n&oh=89e7fa24c50efdf8194e17b1b35d1bf9&oe=5F979258",
            "username": "duranruthnohemygomez"
        },
        "likes_count": 0,
        "answers": [
            {
                "id": 17867720890344941,
                "created_at": 1553609688,
                "text": "@duranruthnohemygomez \u2764\ufe0f\u2764\ufe0f",
                "owner": {
                    "id": "208034677",
                    "is_verified": true,
                    "profile_pic_url": "https://instagram.fbga1-4.fna.fbcdn.net/v/t51.2885-19/s150x150/116713279_329296981536344_3404171181868667674_n.jpg?_nc_ht=instagram.fbga1-4.fna.fbcdn.net&_nc_ohc=e_8u8kf3ZDMAX9GL6vk&oh=cb797d66d56f5631c9bff6ad98af462e&oe=5F97C031",
                    "username": "epk"
                },
                "likes_count": 0
            }
        ]
    },
    {
        "id": 18047769820011369,
        "created_at": 1553304174,
        "text": "Talla y precio",
        "owner": {
            "id": "1492920515",
            "is_verified": false,
            "profile_pic_url": "https://instagram.fbga1-4.fna.fbcdn.net/v/t51.2885-19/s150x150/58812231_184820362403219_454957007967879168_n.jpg?_nc_ht=instagram.fbga1-4.fna.fbcdn.net&_nc_ohc=c7TtY4KBFQwAX_8_yrO&oh=27e51f12300f43508dd1b88fc636c932&oe=5F94FF46",
            "username": "matisatencia"
        },
        "likes_count": 0,
        "answers": [
            {
                "id": 17848617931389262,
                "created_at": 1553609707,
                "text": "@matisatencia hola! Esta prenda estar\u00e1 disponible muy pronto en las tallas 4 a 12 a\u00f1os \u2764\ufe0f",
                "owner": {
                    "id": "208034677",
                    "is_verified": true,
                    "profile_pic_url": "https://instagram.fbga1-4.fna.fbcdn.net/v/t51.2885-19/s150x150/116713279_329296981536344_3404171181868667674_n.jpg?_nc_ht=instagram.fbga1-4.fna.fbcdn.net&_nc_ohc=e_8u8kf3ZDMAX9GL6vk&oh=cb797d66d56f5631c9bff6ad98af462e&oe=5F97C031",
                    "username": "epk"
                },
                "likes_count": 0
            }
        ]
    },
    {
        "id": 17847503419384190,
        "created_at": 1553303783,
        "text": "@kesselynln",
        "owner": {
            "id": "610659314",
            "is_verified": false,
            "profile_pic_url": "https://instagram.fbga1-4.fna.fbcdn.net/v/t51.2885-19/s150x150/101987840_725095324993890_7263239846484268729_n.jpg?_nc_ht=instagram.fbga1-4.fna.fbcdn.net&_nc_ohc=bZ8WRg3OwQsAX-es7s-&oh=1b19e4efc89c4b70b0d2133805ab4c7e&oe=5F9586D8",
            "username": "natymn31"
        },
        "likes_count": 1,
        "answers": [
            {
                "id": 17954781751249172,
                "created_at": 1553609639,
                "text": "@natymn31 \u2764\ufe0f\u2764\ufe0f",
                "owner": {
                    "id": "208034677",
                    "is_verified": true,
                    "profile_pic_url": "https://instagram.fbga1-4.fna.fbcdn.net/v/t51.2885-19/s150x150/116713279_329296981536344_3404171181868667674_n.jpg?_nc_ht=instagram.fbga1-4.fna.fbcdn.net&_nc_ohc=e_8u8kf3ZDMAX9GL6vk&oh=cb797d66d56f5631c9bff6ad98af462e&oe=5F97C031",
                    "username": "epk"
                },
                "likes_count": 0
            }
        ]
    },
    {
        "id": 17980662052216030,
        "created_at": 1553300351,
        "text": "Hasta que talla.viene por favor @epk",
        "owner": {
            "id": "1361046933",
            "is_verified": false,
            "profile_pic_url": "https://instagram.fbga1-4.fna.fbcdn.net/v/t51.2885-19/s150x150/39042944_2077593205593216_7142513167090843648_n.jpg?_nc_ht=instagram.fbga1-4.fna.fbcdn.net&_nc_ohc=DezE2sNGu_cAX9tnQ8r&oh=8cf44bd52d836a32aae0a84454962b1e&oe=5F986CF7",
            "username": "alex260306"
        },
        "likes_count": 0,
        "answers": [
            {
                "id": 18035400853106846,
                "created_at": 1554409310,
                "text": "@alex260306 Te invitamos a visitarnos en epk.com. Saludos!",
                "owner": {
                    "id": "208034677",
                    "is_verified": true,
                    "profile_pic_url": "https://instagram.fbga1-4.fna.fbcdn.net/v/t51.2885-19/s150x150/116713279_329296981536344_3404171181868667674_n.jpg?_nc_ht=instagram.fbga1-4.fna.fbcdn.net&_nc_ohc=e_8u8kf3ZDMAX9GL6vk&oh=cb797d66d56f5631c9bff6ad98af462e&oe=5F97C031",
                    "username": "epk"
                },
                "likes_count": 0
            },
            {
                "id": 18003963868196022,
                "created_at": 1553780638,
                "text": "@epk Gracias que costo tiene gracias talla 8",
                "owner": {
                    "id": "1361046933",
                    "is_verified": false,
                    "profile_pic_url": "https://instagram.fbga1-4.fna.fbcdn.net/v/t51.2885-19/s150x150/39042944_2077593205593216_7142513167090843648_n.jpg?_nc_ht=instagram.fbga1-4.fna.fbcdn.net&_nc_ohc=DezE2sNGu_cAX9tnQ8r&oh=8cf44bd52d836a32aae0a84454962b1e&oe=5F986CF7",
                    "username": "alex260306"
                },
                "likes_count": 0
            },
            {
                "id": 17968139011246875,
                "created_at": 1553609716,
                "text": "@alex260306 hasta la talla 12! Muy pronto \u2764\ufe0f",
                "owner": {
                    "id": "208034677",
                    "is_verified": true,
                    "profile_pic_url": "https://instagram.fbga1-4.fna.fbcdn.net/v/t51.2885-19/s150x150/116713279_329296981536344_3404171181868667674_n.jpg?_nc_ht=instagram.fbga1-4.fna.fbcdn.net&_nc_ohc=e_8u8kf3ZDMAX9GL6vk&oh=cb797d66d56f5631c9bff6ad98af462e&oe=5F97C031",
                    "username": "epk"
                },
                "likes_count": 0
            }
        ]
    },
    {
        "id": 17842627732402560,
        "created_at": 1553297827,
        "text": "Hasta que talla llega",
        "owner": {
            "id": "1017859315",
            "is_verified": false,
            "profile_pic_url": "https://instagram.fbga1-4.fna.fbcdn.net/v/t51.2885-19/s150x150/113357470_949359445527462_4050413837898867023_n.jpg?_nc_ht=instagram.fbga1-4.fna.fbcdn.net&_nc_ohc=E39gq7oKn5QAX-imTud&oh=107a6d430c7f6f67b8e561b30c58b115&oe=5F96698D",
            "username": "mayicla"
        },
        "likes_count": 0,
        "answers": [
            {
                "id": 18030964141114763,
                "created_at": 1553609728,
                "text": "@mayicla hasta la talla 12. Pr\u00f3ximamente \ud83d\ude0a\u2764\ufe0f",
                "owner": {
                    "id": "208034677",
                    "is_verified": true,
                    "profile_pic_url": "https://instagram.fbga1-4.fna.fbcdn.net/v/t51.2885-19/s150x150/116713279_329296981536344_3404171181868667674_n.jpg?_nc_ht=instagram.fbga1-4.fna.fbcdn.net&_nc_ohc=e_8u8kf3ZDMAX9GL6vk&oh=cb797d66d56f5631c9bff6ad98af462e&oe=5F97C031",
                    "username": "epk"
                },
                "likes_count": 0
            }
        ]
    },
    {
        "id": 17980557376216819,
        "created_at": 1553297555,
        "text": "\ud83d\ude4c\ud83d\udc4f",
        "owner": {
            "id": "5358649620",
            "is_verified": false,
            "profile_pic_url": "https://instagram.fbga1-4.fna.fbcdn.net/v/t51.2885-19/s150x150/60142815_337461663633812_7895208346083393536_n.jpg?_nc_ht=instagram.fbga1-4.fna.fbcdn.net&_nc_ohc=J5wG690OZfYAX8HnJeX&oh=879439533ecb848d464e8ac8647fd8aa&oe=5F958CC3",
            "username": "luluca1910"
        },
        "likes_count": 0,
        "answers": [
            {
                "id": 17873396881329459,
                "created_at": 1553609736,
                "text": "@luluca1910 \u2764\ufe0f",
                "owner": {
                    "id": "208034677",
                    "is_verified": true,
                    "profile_pic_url": "https://instagram.fbga1-4.fna.fbcdn.net/v/t51.2885-19/s150x150/116713279_329296981536344_3404171181868667674_n.jpg?_nc_ht=instagram.fbga1-4.fna.fbcdn.net&_nc_ohc=e_8u8kf3ZDMAX9GL6vk&oh=cb797d66d56f5631c9bff6ad98af462e&oe=5F97C031",
                    "username": "epk"
                },
                "likes_count": 0
            }
        ]
    },
    {
        "id": 17882422387311127,
        "created_at": 1553297111,
        "text": "@fher221 \ud83d\ude0d\ud83d\ude0d pa mi gordi",
        "owner": {
            "id": "372902484",
            "is_verified": false,
            "profile_pic_url": "https://instagram.fbga1-4.fna.fbcdn.net/v/t51.2885-19/s150x150/100657074_541280193414173_6446776723391381504_n.jpg?_nc_ht=instagram.fbga1-4.fna.fbcdn.net&_nc_ohc=PiFzJjAjxzQAX8lj6YI&oh=0c913e4ac466e67a222def0153b3e7ca&oe=5F9775DA",
            "username": "clauandr"
        },
        "likes_count": 0,
        "answers": [
            {
                "id": 17974355455227116,
                "created_at": 1553609740,
                "text": "@clauandr \ud83d\ude0a\ud83d\ude0a\u2764\ufe0f",
                "owner": {
                    "id": "208034677",
                    "is_verified": true,
                    "profile_pic_url": "https://instagram.fbga1-4.fna.fbcdn.net/v/t51.2885-19/s150x150/116713279_329296981536344_3404171181868667674_n.jpg?_nc_ht=instagram.fbga1-4.fna.fbcdn.net&_nc_ohc=e_8u8kf3ZDMAX9GL6vk&oh=cb797d66d56f5631c9bff6ad98af462e&oe=5F97C031",
                    "username": "epk"
                },
                "likes_count": 0
            }
        ]
    },
    {
        "id": 18044609839068801,
        "created_at": 1553296447,
        "text": "Precioso !!! \ud83d\ude0d\ud83d\ude0d\ud83d\ude0d",
        "owner": {
            "id": "4040395610",
            "is_verified": false,
            "profile_pic_url": "https://instagram.fbga1-4.fna.fbcdn.net/v/t51.2885-19/s150x150/103883019_566304180748869_7978448069731242548_n.jpg?_nc_ht=instagram.fbga1-4.fna.fbcdn.net&_nc_ohc=WZkdbJLnnOwAX-39mDk&oh=2535f6ae9cb593d5c2450c2f278efe73&oe=5F961DA4",
            "username": "eli_ej10"
        },
        "likes_count": 0,
        "answers": [
            {
                "id": 17955725413249668,
                "created_at": 1553609745,
                "text": "@eli_ej10 gracias!!",
                "owner": {
                    "id": "208034677",
                    "is_verified": true,
                    "profile_pic_url": "https://instagram.fbga1-4.fna.fbcdn.net/v/t51.2885-19/s150x150/116713279_329296981536344_3404171181868667674_n.jpg?_nc_ht=instagram.fbga1-4.fna.fbcdn.net&_nc_ohc=e_8u8kf3ZDMAX9GL6vk&oh=cb797d66d56f5631c9bff6ad98af462e&oe=5F97C031",
                    "username": "epk"
                },
                "likes_count": 0
            }
        ]
    },
    {
        "id": 17882907661308562,
        "created_at": 1553296376,
        "text": "Me encanta \ud83e\udd17\ud83e\udd17",
        "owner": {
            "id": "1348103944",
            "is_verified": false,
            "profile_pic_url": "https://instagram.fbga1-4.fna.fbcdn.net/v/t51.2885-19/s150x150/119232336_640968233505655_8739430941849686256_n.jpg?_nc_ht=instagram.fbga1-4.fna.fbcdn.net&_nc_ohc=gcRrllKBUeYAX9DFZjb&oh=4ea2280295d139276ef3237810255149&oe=5F9762DC",
            "username": "ruiz94oficial"
        },
        "likes_count": 1,
        "answers": [
            {
                "id": 18012714865166227,
                "created_at": 1553609644,
                "text": "@karenruiz1994 gracias! \ud83d\udc9c",
                "owner": {
                    "id": "208034677",
                    "is_verified": true,
                    "profile_pic_url": "https://instagram.fbga1-4.fna.fbcdn.net/v/t51.2885-19/s150x150/116713279_329296981536344_3404171181868667674_n.jpg?_nc_ht=instagram.fbga1-4.fna.fbcdn.net&_nc_ohc=e_8u8kf3ZDMAX9GL6vk&oh=cb797d66d56f5631c9bff6ad98af462e&oe=5F97C031",
                    "username": "epk"
                },
                "likes_count": 1
            }
        ]
    },
    {
        "id": 17914225996289925,
        "created_at": 1553296344,
        "text": "\ud83d\ude0d\ud83d\ude0d\ud83d\ude0d\ud83d\ude0d",
        "owner": {
            "id": "2106896375",
            "is_verified": false,
            "profile_pic_url": "https://instagram.fbga1-4.fna.fbcdn.net/v/t51.2885-19/s150x150/75467483_590815711557420_5997613226873847808_n.jpg?_nc_ht=instagram.fbga1-4.fna.fbcdn.net&_nc_ohc=6lyWo_gYydIAX_-KY19&oh=33bb8c9059167b7d8675d53453e6727a&oe=5F96E480",
            "username": "leijj37"
        },
        "likes_count": 0,
        "answers": [
            {
                "id": 17869268314342011,
                "created_at": 1553609750,
                "text": "@leijj37 \ud83d\ude4c\ud83d\ude0a\ud83d\ude03",
                "owner": {
                    "id": "208034677",
                    "is_verified": true,
                    "profile_pic_url": "https://instagram.fbga1-4.fna.fbcdn.net/v/t51.2885-19/s150x150/116713279_329296981536344_3404171181868667674_n.jpg?_nc_ht=instagram.fbga1-4.fna.fbcdn.net&_nc_ohc=e_8u8kf3ZDMAX9GL6vk&oh=cb797d66d56f5631c9bff6ad98af462e&oe=5F97C031",
                    "username": "epk"
                },
                "likes_count": 0
            }
        ]
    },
    {
        "id": 18032561281101847,
        "created_at": 1553295997,
        "text": "\ud83d\ude0d",
        "owner": {
            "id": "375760050",
            "is_verified": false,
            "profile_pic_url": "https://instagram.fbga1-4.fna.fbcdn.net/v/t51.2885-19/10597461_553919671386925_1025138751_a.jpg?_nc_ht=instagram.fbga1-4.fna.fbcdn.net&_nc_ohc=a6loL_lV2bEAX9Kgvj6&oh=a23b696efeb5be8954ee4cf57b40037e&oe=5F987CD6",
            "username": "mariatsamper"
        },
        "likes_count": 0,
        "answers": [
            {
                "id": 17869349782339030,
                "created_at": 1553609755,
                "text": "@mariatsamper \u2764\ufe0f\ud83d\ude0a",
                "owner": {
                    "id": "208034677",
                    "is_verified": true,
                    "profile_pic_url": "https://instagram.fbga1-4.fna.fbcdn.net/v/t51.2885-19/s150x150/116713279_329296981536344_3404171181868667674_n.jpg?_nc_ht=instagram.fbga1-4.fna.fbcdn.net&_nc_ohc=e_8u8kf3ZDMAX9GL6vk&oh=cb797d66d56f5631c9bff6ad98af462e&oe=5F97C031",
                    "username": "epk"
                },
                "likes_count": 0
            }
        ]
    }
]