[
    {
        "id": 18115413445130229,
        "created_at": 1596118472,
        "text": "Se encuentra disponible?",
        "owner": {
            "id": "3112637451",
            "is_verified": false,
            "profile_pic_url": "https://instagram.fbga1-4.fna.fbcdn.net/v/t51.2885-19/s150x150/12950416_1722603628025015_531708628_a.jpg?_nc_ht=instagram.fbga1-4.fna.fbcdn.net&_nc_ohc=DjZO5f9CdHgAX_CAPQM&oh=2a1fad2e69a8ffa211469fc46a578c78&oe=5F96CD49",
            "username": "geraldine2120"
        },
        "likes_count": 0,
        "answers": []
    },
    {
        "id": 18033431149095363,
        "created_at": 1556289805,
        "text": "Divino ese vestido",
        "owner": {
            "id": "6617983397",
            "is_verified": false,
            "profile_pic_url": "https://instagram.fbga1-4.fna.fbcdn.net/v/t51.2885-19/s150x150/24175370_1933823766940943_597556270156742656_n.jpg?_nc_ht=instagram.fbga1-4.fna.fbcdn.net&_nc_ohc=8EQ29EOzH8UAX9GDbcp&oh=8e7229b8348a70f59dd90ddc4e6d0af9&oe=5F9550E4",
            "username": "lichedebiase"
        },
        "likes_count": 0,
        "answers": []
    },
    {
        "id": 17887093807322705,
        "created_at": 1556110716,
        "text": "Que precio tiene",
        "owner": {
            "id": "10825776672",
            "is_verified": false,
            "profile_pic_url": "https://instagram.fbga1-4.fna.fbcdn.net/v/t51.2885-19/s150x150/79227522_909276262840206_9099889467941978112_n.jpg?_nc_ht=instagram.fbga1-4.fna.fbcdn.net&_nc_ohc=DwlAfZAOK1QAX_XQmqc&oh=c54bafaa5eb2f42ff21103b516f9407d&oe=5F9685E7",
            "username": "mantiluciana"
        },
        "likes_count": 0,
        "answers": []
    },
    {
        "id": 18043781182115562,
        "created_at": 1555992455,
        "text": "Que bonitooo.",
        "owner": {
            "id": "4698729569",
            "is_verified": false,
            "profile_pic_url": "https://instagram.fbga1-4.fna.fbcdn.net/v/t51.2885-19/s150x150/65301622_687849761641301_4366097456274866176_n.jpg?_nc_ht=instagram.fbga1-4.fna.fbcdn.net&_nc_ohc=G-8VcRCvnkAAX-BJ97g&oh=13486ef077375b515ef69b56cfb11586&oe=5F96C0E1",
            "username": "mayfolbert"
        },
        "likes_count": 0,
        "answers": []
    },
    {
        "id": 17992851016212577,
        "created_at": 1555985886,
        "text": "Hermoso me podr\u00edas enviar el catalogo",
        "owner": {
            "id": "1639107386",
            "is_verified": false,
            "profile_pic_url": "https://instagram.fbga1-4.fna.fbcdn.net/v/t51.2885-19/s150x150/118692677_324944398617878_9220541245816189071_n.jpg?_nc_ht=instagram.fbga1-4.fna.fbcdn.net&_nc_ohc=4FegDZM7RYIAX_BJziM&oh=156c03d136964a313221e68f3bc50541&oe=5F98359A",
            "username": "alejandraavellaneda52"
        },
        "likes_count": 0,
        "answers": []
    },
    {
        "id": 17980864009232929,
        "created_at": 1555965334,
        "text": "Q tallas viene en este vestido de ba\u00f1o?",
        "owner": {
            "id": "3919937419",
            "is_verified": false,
            "profile_pic_url": "https://instagram.fbga1-4.fna.fbcdn.net/v/t51.2885-19/s150x150/14156430_1756721114600573_1265469893_a.jpg?_nc_ht=instagram.fbga1-4.fna.fbcdn.net&_nc_ohc=1okxv6ZYs3UAX_HcznW&oh=fc53063ec291d8039e5d2cb71eed8ff3&oe=5F981A73",
            "username": "dorisosorno"
        },
        "likes_count": 0,
        "answers": []
    },
    {
        "id": 17880801892336782,
        "created_at": 1555961540,
        "text": "Esta bonito qu\u00e9 precio tiene?\ud83d\udc4f\ud83d\ude02\ud83d\ude0d",
        "owner": {
            "id": "9784491451",
            "is_verified": false,
            "profile_pic_url": "https://instagram.fbga1-4.fna.fbcdn.net/v/t51.2885-19/s150x150/120088487_255325112423709_6325194909362000031_n.jpg?_nc_ht=instagram.fbga1-4.fna.fbcdn.net&_nc_ohc=5SsSFZmnMtoAX8Vc1Km&oh=4dba1b90923d21cf4a92ff36fb2cb357&oe=5F9756A1",
            "username": "valentinaromerox"
        },
        "likes_count": 3,
        "answers": [
            {
                "id": 17843553220427698,
                "created_at": 1555961601,
                "text": "@valentina.romero18 \u00a1Hola! \u00a1Te invitamos a visitarnos en www.epk.com y descubrir todas las prendas que tenemos para ti! \u2764\ufe0f",
                "owner": {
                    "id": "208034677",
                    "is_verified": true,
                    "profile_pic_url": "https://instagram.fbga1-4.fna.fbcdn.net/v/t51.2885-19/s150x150/116713279_329296981536344_3404171181868667674_n.jpg?_nc_ht=instagram.fbga1-4.fna.fbcdn.net&_nc_ohc=e_8u8kf3ZDMAX9GL6vk&oh=cb797d66d56f5631c9bff6ad98af462e&oe=5F97C031",
                    "username": "epk"
                },
                "likes_count": 1
            }
        ]
    },
    {
        "id": 17865719842371648,
        "created_at": 1555943513,
        "text": "@williamlengerkel",
        "owner": {
            "id": "720882686",
            "is_verified": false,
            "profile_pic_url": "https://instagram.fbga1-4.fna.fbcdn.net/v/t51.2885-19/s150x150/19122299_313765172413078_2330816027836809216_a.jpg?_nc_ht=instagram.fbga1-4.fna.fbcdn.net&_nc_ohc=7mpduFvi4PYAX_jIyRs&oh=74af32254ddf1a88dd73b35f0d041b5e&oe=5F96ED7A",
            "username": "marysolchrist"
        },
        "likes_count": 2,
        "answers": []
    },
    {
        "id": 18028993081186568,
        "created_at": 1555943333,
        "text": "@sebasjlo_16 mira eso ve pa tu sobrina \ud83d\ude0d\u2764\ufe0f",
        "owner": {
            "id": "789076867",
            "is_verified": false,
            "profile_pic_url": "https://instagram.fbga1-4.fna.fbcdn.net/v/t51.2885-19/s150x150/95816576_240936273914595_4758314763098783744_n.jpg?_nc_ht=instagram.fbga1-4.fna.fbcdn.net&_nc_ohc=fkZUHYFqPh8AX8t3c00&oh=487811d294f1f77c9af912b8406563dd&oe=5F964430",
            "username": "pipeasecas94"
        },
        "likes_count": 1,
        "answers": []
    },
    {
        "id": 18057976639005309,
        "created_at": 1555937346,
        "text": "Hola que precio tiene\ud83d\ude0d",
        "owner": {
            "id": "2925428329",
            "is_verified": false,
            "profile_pic_url": "https://instagram.fbga1-4.fna.fbcdn.net/v/t51.2885-19/s150x150/117326418_760568674783667_2539100981006900955_n.jpg?_nc_ht=instagram.fbga1-4.fna.fbcdn.net&_nc_ohc=ryY6gINa8UEAX_y9FIV&oh=d59b45bca5863c3f5413ae8f479bfcb5&oe=5F954023",
            "username": "mainterin31"
        },
        "likes_count": 0,
        "answers": [
            {
                "id": 17870805133359498,
                "created_at": 1555961260,
                "text": "@mainterin31 \u00a1Hola! \u00a1Te invitamos a visitarnos en www.epk.com y descubrir todas las prendas que tenemos para ti! \u2764\ufe0f",
                "owner": {
                    "id": "208034677",
                    "is_verified": true,
                    "profile_pic_url": "https://instagram.fbga1-4.fna.fbcdn.net/v/t51.2885-19/s150x150/116713279_329296981536344_3404171181868667674_n.jpg?_nc_ht=instagram.fbga1-4.fna.fbcdn.net&_nc_ohc=e_8u8kf3ZDMAX9GL6vk&oh=cb797d66d56f5631c9bff6ad98af462e&oe=5F97C031",
                    "username": "epk"
                },
                "likes_count": 0
            }
        ]
    },
    {
        "id": 18040239652119178,
        "created_at": 1555931766,
        "text": "@ysamarquez55 mira",
        "owner": {
            "id": "216584803",
            "is_verified": false,
            "profile_pic_url": "https://instagram.fbga1-4.fna.fbcdn.net/v/t51.2885-19/11349355_495710293925972_2113763610_a.jpg?_nc_ht=instagram.fbga1-4.fna.fbcdn.net&_nc_ohc=4W6JRUQYT54AX-qxyR9&oh=4f27962108a67f432234d8e8223c38fc&oe=5F94EA5D",
            "username": "carolpmm01"
        },
        "likes_count": 1,
        "answers": []
    },
    {
        "id": 18057961969026170,
        "created_at": 1555905542,
        "text": "Esta divinoo\ud83d\ude0d",
        "owner": {
            "id": "7835620556",
            "is_verified": false,
            "profile_pic_url": "https://instagram.fbga1-4.fna.fbcdn.net/v/t51.2885-19/s150x150/32144592_186379925346632_6388088078350680064_n.jpg?_nc_ht=instagram.fbga1-4.fna.fbcdn.net&_nc_ohc=PR0W66bwkkIAX84zxZS&oh=28e303e8cdb146cd88173b8c35204e99&oe=5F979031",
            "username": "wedostoremobiliario"
        },
        "likes_count": 1,
        "answers": [
            {
                "id": 18017663599170741,
                "created_at": 1555961274,
                "text": "@wedostoremobiliario \u2764\ufe0f",
                "owner": {
                    "id": "208034677",
                    "is_verified": true,
                    "profile_pic_url": "https://instagram.fbga1-4.fna.fbcdn.net/v/t51.2885-19/s150x150/116713279_329296981536344_3404171181868667674_n.jpg?_nc_ht=instagram.fbga1-4.fna.fbcdn.net&_nc_ohc=e_8u8kf3ZDMAX9GL6vk&oh=cb797d66d56f5631c9bff6ad98af462e&oe=5F97C031",
                    "username": "epk"
                },
                "likes_count": 0
            }
        ]
    },
    {
        "id": 17939339422283580,
        "created_at": 1555900118,
        "text": "\ud83d\udc95",
        "owner": {
            "id": "1501789485",
            "is_verified": false,
            "profile_pic_url": "https://instagram.fbga1-4.fna.fbcdn.net/v/t51.2885-19/s150x150/73512727_416903102519944_1081280466562056192_n.jpg?_nc_ht=instagram.fbga1-4.fna.fbcdn.net&_nc_ohc=KvqYgm9aNsIAX9ca4sN&oh=fdaa400faf3b1b0a8bc2fe580f9efd3a&oe=5F96EFC9",
            "username": "luzamparo17"
        },
        "likes_count": 1,
        "answers": []
    },
    {
        "id": 17963724712261359,
        "created_at": 1555898268,
        "text": "@vanessaecheverryescobar",
        "owner": {
            "id": "1588450061",
            "is_verified": false,
            "profile_pic_url": "https://instagram.fbga1-4.fna.fbcdn.net/v/t51.2885-19/s150x150/64487781_347178842608324_5039237518684323840_n.jpg?_nc_ht=instagram.fbga1-4.fna.fbcdn.net&_nc_ohc=UUyBMHwhdsEAX9mJ3mk&oh=98fbb9afd978f116a08f6345f2277c9b&oe=5F969F39",
            "username": "k_rolina_79"
        },
        "likes_count": 2,
        "answers": []
    },
    {
        "id": 17924024515290289,
        "created_at": 1555898163,
        "text": "\u2764\ufe0f\u2764\ufe0f\u2764\ufe0f",
        "owner": {
            "id": "1413274742",
            "is_verified": false,
            "profile_pic_url": "https://instagram.fbga1-4.fna.fbcdn.net/v/t51.2885-19/s150x150/119121793_2772040706358924_8160708426485265686_n.jpg?_nc_ht=instagram.fbga1-4.fna.fbcdn.net&_nc_ohc=DQg1JACtsbcAX9CWNwT&oh=95de776696b7e78441618c12a7bd91df&oe=5F96CB61",
            "username": "ednapozo"
        },
        "likes_count": 1,
        "answers": []
    },
    {
        "id": 17866906645369043,
        "created_at": 1555894526,
        "text": "\u2764\ufe0f\u2764\ufe0f\ud83d\ude0d",
        "owner": {
            "id": "10971057208",
            "is_verified": false,
            "profile_pic_url": "https://instagram.fbga1-4.fna.fbcdn.net/v/t51.2885-19/s150x150/106508028_1925877494221464_5683281285411407242_n.jpg?_nc_ht=instagram.fbga1-4.fna.fbcdn.net&_nc_ohc=cKGoqQ6T0UoAX93tFxU&oh=6470eae1dacb39c143650d9d81e6180d&oe=5F97D995",
            "username": "lucianacastillomodel"
        },
        "likes_count": 1,
        "answers": []
    },
    {
        "id": 17853000883395840,
        "created_at": 1555892820,
        "text": "Se fueron de Honduras?",
        "owner": {
            "id": "1283381841",
            "is_verified": false,
            "profile_pic_url": "https://instagram.fbga1-4.fna.fbcdn.net/v/t51.2885-19/s150x150/117635626_169400004670660_7844876749171772238_n.jpg?_nc_ht=instagram.fbga1-4.fna.fbcdn.net&_nc_ohc=sTSdvz-sxy8AX8WZjzY&oh=d660b5d53fb59b83f9de20922711f57b&oe=5F977E59",
            "username": "egglasosa"
        },
        "likes_count": 0,
        "answers": [
            {
                "id": 17889251758320119,
                "created_at": 1555961390,
                "text": "@egglasosa Hola! Somos EPK Colombia! saludos.",
                "owner": {
                    "id": "208034677",
                    "is_verified": true,
                    "profile_pic_url": "https://instagram.fbga1-4.fna.fbcdn.net/v/t51.2885-19/s150x150/116713279_329296981536344_3404171181868667674_n.jpg?_nc_ht=instagram.fbga1-4.fna.fbcdn.net&_nc_ohc=e_8u8kf3ZDMAX9GL6vk&oh=cb797d66d56f5631c9bff6ad98af462e&oe=5F97C031",
                    "username": "epk"
                },
                "likes_count": 1
            }
        ]
    },
    {
        "id": 17965677511247018,
        "created_at": 1555892043,
        "text": "Hola que precio tiene los vestidos de ba\u00f1o gracias",
        "owner": {
            "id": "7071170243",
            "is_verified": false,
            "profile_pic_url": "https://instagram.fbga1-4.fna.fbcdn.net/v/t51.2885-19/s150x150/37662232_233251350633116_1103937372531195904_n.jpg?_nc_ht=instagram.fbga1-4.fna.fbcdn.net&_nc_ohc=DqhIsltfLyoAX9LSK2P&oh=a36006a8aae11322996901cc9e2c2ec2&oe=5F9550F4",
            "username": "inesgiraldoheao"
        },
        "likes_count": 0,
        "answers": [
            {
                "id": 18032477785083295,
                "created_at": 1555961402,
                "text": "@inesgiraldoheao \u00a1Hola! \u00a1Te invitamos a visitarnos en www.epk.com y descubrir todas las prendas que tenemos para ti! \u2764\ufe0f",
                "owner": {
                    "id": "208034677",
                    "is_verified": true,
                    "profile_pic_url": "https://instagram.fbga1-4.fna.fbcdn.net/v/t51.2885-19/s150x150/116713279_329296981536344_3404171181868667674_n.jpg?_nc_ht=instagram.fbga1-4.fna.fbcdn.net&_nc_ohc=e_8u8kf3ZDMAX9GL6vk&oh=cb797d66d56f5631c9bff6ad98af462e&oe=5F97C031",
                    "username": "epk"
                },
                "likes_count": 0
            }
        ]
    },
    {
        "id": 18057198211009337,
        "created_at": 1555891383,
        "text": "Divinoooooooooo todoooo\ud83d\udc95\u2764\ufe0f",
        "owner": {
            "id": "286507326",
            "is_verified": false,
            "profile_pic_url": "https://instagram.fbga1-4.fna.fbcdn.net/v/t51.2885-19/s150x150/93849949_181996086168939_8997571574445899776_n.jpg?_nc_ht=instagram.fbga1-4.fna.fbcdn.net&_nc_ohc=QjIYih0auw4AX92EccA&oh=5e2824845419855654fb5abedd7ae698&oe=5F975039",
            "username": "lichebarakat"
        },
        "likes_count": 1,
        "answers": []
    },
    {
        "id": 17876333743344600,
        "created_at": 1555891218,
        "text": "Las gafas tambi\u00e9n las venden??",
        "owner": {
            "id": "268935309",
            "is_verified": false,
            "profile_pic_url": "https://instagram.fbga1-4.fna.fbcdn.net/v/t51.2885-19/s150x150/69052892_2705931846126055_737898475491950592_n.jpg?_nc_ht=instagram.fbga1-4.fna.fbcdn.net&_nc_ohc=lb72X05bP9cAX8nzJqL&oh=81c6072c726f7f2249a63670f875603c&oe=5F94F2FB",
            "username": "paravosdecorazon"
        },
        "likes_count": 0,
        "answers": [
            {
                "id": 17851476145405084,
                "created_at": 1555961411,
                "text": "@delcieloparavos \u00a1Hola! \u00a1Te invitamos a visitarnos en www.epk.com y descubrir todas las prendas que tenemos para ti! \u2764\ufe0f",
                "owner": {
                    "id": "208034677",
                    "is_verified": true,
                    "profile_pic_url": "https://instagram.fbga1-4.fna.fbcdn.net/v/t51.2885-19/s150x150/116713279_329296981536344_3404171181868667674_n.jpg?_nc_ht=instagram.fbga1-4.fna.fbcdn.net&_nc_ohc=e_8u8kf3ZDMAX9GL6vk&oh=cb797d66d56f5631c9bff6ad98af462e&oe=5F97C031",
                    "username": "epk"
                },
                "likes_count": 0
            }
        ]
    },
    {
        "id": 17954617306263629,
        "created_at": 1555890937,
        "text": "Precio",
        "owner": {
            "id": "1206746401",
            "is_verified": false,
            "profile_pic_url": "https://instagram.fbga1-4.fna.fbcdn.net/v/t51.2885-19/s150x150/117853071_3182423118513876_2885369801615385848_n.jpg?_nc_ht=instagram.fbga1-4.fna.fbcdn.net&_nc_ohc=xKjko5oXniAAX-VUlor&oh=a8e045af53c8242a6f0acfbef4a5be42&oe=5F97181D",
            "username": "eukys"
        },
        "likes_count": 1,
        "answers": [
            {
                "id": 18028638904133940,
                "created_at": 1555961420,
                "text": "@eukys \u00a1Hola! \u00a1Te invitamos a visitarnos en www.epk.com y descubrir todas las prendas que tenemos para ti! \u2764\ufe0f",
                "owner": {
                    "id": "208034677",
                    "is_verified": true,
                    "profile_pic_url": "https://instagram.fbga1-4.fna.fbcdn.net/v/t51.2885-19/s150x150/116713279_329296981536344_3404171181868667674_n.jpg?_nc_ht=instagram.fbga1-4.fna.fbcdn.net&_nc_ohc=e_8u8kf3ZDMAX9GL6vk&oh=cb797d66d56f5631c9bff6ad98af462e&oe=5F97C031",
                    "username": "epk"
                },
                "likes_count": 1
            }
        ]
    },
    {
        "id": 17857417252379801,
        "created_at": 1555890441,
        "text": "@evelyn.jmez",
        "owner": {
            "id": "597810363",
            "is_verified": false,
            "profile_pic_url": "https://instagram.fbga1-4.fna.fbcdn.net/v/t51.2885-19/s150x150/80816057_468484370720539_6895330549301248000_n.jpg?_nc_ht=instagram.fbga1-4.fna.fbcdn.net&_nc_ohc=1Y9mPosdmqEAX8gxpFz&oh=dd164603a1a79d9bb1cb9e9e3d988ad8&oe=5F977E88",
            "username": "sharon_saav"
        },
        "likes_count": 2,
        "answers": []
    },
    {
        "id": 17963351668250085,
        "created_at": 1555890168,
        "text": "\ud83d\ude0d",
        "owner": {
            "id": "1444965046",
            "is_verified": false,
            "profile_pic_url": "https://instagram.fbga1-4.fna.fbcdn.net/v/t51.2885-19/s150x150/118850784_2642306109431841_284794529207908570_n.jpg?_nc_ht=instagram.fbga1-4.fna.fbcdn.net&_nc_ohc=XrWx_PNogZwAX-DRl39&oh=627c1544d694a24b141045ba1f094154&oe=5F961D13",
            "username": "mafeirrenoa"
        },
        "likes_count": 1,
        "answers": []
    },
    {
        "id": 17844367231427186,
        "created_at": 1555889255,
        "text": "\ud83e\udd29",
        "owner": {
            "id": "193513386",
            "is_verified": true,
            "profile_pic_url": "https://instagram.fbga1-4.fna.fbcdn.net/v/t51.2885-19/s150x150/23101659_1522943334438010_4318393834338779136_n.jpg?_nc_ht=instagram.fbga1-4.fna.fbcdn.net&_nc_ohc=ZKq2Spk2eZgAX8ixx_L&oh=53a12df6b55ab457764a23c414b15d36&oe=5F962063",
            "username": "dianajanna"
        },
        "likes_count": 1,
        "answers": [
            {
                "id": 18041287615110941,
                "created_at": 1555961246,
                "text": "@dianajanna \u2764\ufe0f",
                "owner": {
                    "id": "208034677",
                    "is_verified": true,
                    "profile_pic_url": "https://instagram.fbga1-4.fna.fbcdn.net/v/t51.2885-19/s150x150/116713279_329296981536344_3404171181868667674_n.jpg?_nc_ht=instagram.fbga1-4.fna.fbcdn.net&_nc_ohc=e_8u8kf3ZDMAX9GL6vk&oh=cb797d66d56f5631c9bff6ad98af462e&oe=5F97C031",
                    "username": "epk"
                },
                "likes_count": 0
            }
        ]
    },
    {
        "id": 18057360100029883,
        "created_at": 1555888824,
        "text": "\ud83d\udc96\ud83d\udc96\ud83d\udc96\ud83d\udc96",
        "owner": {
            "id": "1675354427",
            "is_verified": false,
            "profile_pic_url": "https://instagram.fbga1-4.fna.fbcdn.net/v/t51.2885-19/s150x150/46354129_2348270671909974_1805308212027588608_n.jpg?_nc_ht=instagram.fbga1-4.fna.fbcdn.net&_nc_ohc=Y_JfIpJScJ8AX-zEksx&oh=3f00c00c20611adcd6dd3a843a6523ac&oe=5F96FECF",
            "username": "marianaosaa"
        },
        "likes_count": 1,
        "answers": []
    },
    {
        "id": 18058236970027659,
        "created_at": 1555887873,
        "text": "\ud83d\ude0d\ud83d\ude0d\ud83d\ude0d\ud83d\ude0d\ud83d\ude0d\ud83d\ude0d",
        "owner": {
            "id": "4620292625",
            "is_verified": false,
            "profile_pic_url": "https://instagram.fbga1-4.fna.fbcdn.net/v/t51.2885-19/s150x150/101391375_1204293376576681_1806593854653071360_n.jpg?_nc_ht=instagram.fbga1-4.fna.fbcdn.net&_nc_ohc=1SRSDQ6M6wYAX-vWuct&oh=f9a1d0ecc364850002d77c8f6f56e589&oe=5F974F70",
            "username": "elliemusica"
        },
        "likes_count": 2,
        "answers": []
    }
]