[
    {
        "id": 17847658457204208,
        "created_at": 1594245057,
        "text": "Est\u00e1 disponible",
        "owner": {
            "id": "3826749426",
            "is_verified": false,
            "profile_pic_url": "https://instagram.fbga1-4.fna.fbcdn.net/v/t51.2885-19/s150x150/80088036_790900204718142_5632289759716966400_n.jpg?_nc_ht=instagram.fbga1-4.fna.fbcdn.net&_nc_ohc=0GtXb_hjmeAAX90qro8&oh=3f9c35894552f801e145a6bdb36dbc21&oe=5F980474",
            "username": "vanessa.rueda.p"
        },
        "likes_count": 0,
        "answers": []
    },
    {
        "id": 17966336812233017,
        "created_at": 1552000711,
        "text": "Hola como har\u00eda para que mi hijo participe como modelo?",
        "owner": {
            "id": "1077316599",
            "is_verified": false,
            "profile_pic_url": "https://instagram.fbga1-4.fna.fbcdn.net/v/t51.2885-19/s150x150/94420318_225652368707774_4002303195043856384_n.jpg?_nc_ht=instagram.fbga1-4.fna.fbcdn.net&_nc_ohc=3YlAuuFej9oAX_1amHk&oh=081d6973f60b6ff938d29af59e28aa0a&oe=5F9768C2",
            "username": "florangelbandeira10"
        },
        "likes_count": 0,
        "answers": []
    },
    {
        "id": 17923544512275294,
        "created_at": 1549548988,
        "text": "Me gustar\u00eda inscribir a mi hijo para un comercial q tengo q hacer ????",
        "owner": {
            "id": "3968947441",
            "is_verified": false,
            "profile_pic_url": "https://instagram.fbga1-4.fna.fbcdn.net/v/t51.2885-19/s150x150/14499136_214689425616067_4736624065857454080_a.jpg?_nc_ht=instagram.fbga1-4.fna.fbcdn.net&_nc_ohc=Ou0AlEoz7QoAX9UNgA_&oh=988aa0f0dc88b63a6d11b2d8f5890ba0&oe=5F95EC65",
            "username": "aynagrap"
        },
        "likes_count": 1,
        "answers": []
    },
    {
        "id": 18031932922017001,
        "created_at": 1549419235,
        "text": "Las mejores prendas! Las mas comodas! \ud83d\ude0d\ud83d\ude0d",
        "owner": {
            "id": "1237376458",
            "is_verified": false,
            "profile_pic_url": "https://instagram.fbga1-4.fna.fbcdn.net/v/t51.2885-19/s150x150/56337597_383137022278893_8612910571089559552_n.jpg?_nc_ht=instagram.fbga1-4.fna.fbcdn.net&_nc_ohc=Y5NgIjpqWn8AX_C0kN6&oh=2f2739fa9030d8ee66becbfe9993a6a9&oe=5F975F14",
            "username": "sofipetanoc"
        },
        "likes_count": 0,
        "answers": []
    },
    {
        "id": 18002361919130042,
        "created_at": 1549413418,
        "text": "\u00d1",
        "owner": {
            "id": "1826280172",
            "is_verified": false,
            "profile_pic_url": "https://instagram.fbga1-4.fna.fbcdn.net/v/t51.2885-19/s150x150/67312097_2415020062115701_5497944814785658880_n.jpg?_nc_ht=instagram.fbga1-4.fna.fbcdn.net&_nc_ohc=oQH4zGjybZgAX8FxiDo&oh=58bb3bc8a2d2d10fc398caa60f0f6063&oe=5F961807",
            "username": "herci01"
        },
        "likes_count": 0,
        "answers": []
    },
    {
        "id": 17969229583204764,
        "created_at": 1549393400,
        "text": "Como se puede participar para que los ni\u00f1os sirvan de modelos",
        "owner": {
            "id": "3110877433",
            "is_verified": false,
            "profile_pic_url": "https://instagram.fbga1-4.fna.fbcdn.net/v/t51.2885-19/s150x150/70442165_2973006796107081_2280510798180646912_n.jpg?_nc_ht=instagram.fbga1-4.fna.fbcdn.net&_nc_ohc=rHW-_1pup5QAX_X5Dos&oh=0a00bc4a9f10da7af2eab328e794f012&oe=5F969BB0",
            "username": "florvillamildiaz"
        },
        "likes_count": 1,
        "answers": []
    }
]