[
    {
        "id": 17914907083286355,
        "created_at": 1550791257,
        "text": "\u2764\ufe0f",
        "owner": {
            "id": "309486877",
            "is_verified": false,
            "profile_pic_url": "https://instagram.fbga1-4.fna.fbcdn.net/v/t51.2885-19/s150x150/12224146_1518466371811953_2045705011_a.jpg?_nc_ht=instagram.fbga1-4.fna.fbcdn.net&_nc_ohc=uxfGmHudcpYAX_v2vWx&oh=5e221b63b1899561c064cdb7437d668d&oe=5F95327F",
            "username": "rafivergara13"
        },
        "likes_count": 1,
        "answers": [
            {
                "id": 18035736631001624,
                "created_at": 1550851761,
                "text": "@rafivergara13 \ud83d\udc9c\ud83d\udc9c",
                "owner": {
                    "id": "208034677",
                    "is_verified": true,
                    "profile_pic_url": "https://instagram.fbga1-4.fna.fbcdn.net/v/t51.2885-19/s150x150/116713279_329296981536344_3404171181868667674_n.jpg?_nc_ht=instagram.fbga1-4.fna.fbcdn.net&_nc_ohc=e_8u8kf3ZDMAX9GL6vk&oh=cb797d66d56f5631c9bff6ad98af462e&oe=5F97C031",
                    "username": "epk"
                },
                "likes_count": 0
            }
        ]
    }
]