[
    {
        "id": 17842894667317068,
        "created_at": 1595378528,
        "text": "Hermoso",
        "owner": {
            "id": "3278949958",
            "is_verified": false,
            "profile_pic_url": "https://instagram.fbga1-4.fna.fbcdn.net/v/t51.2885-19/s150x150/74945043_517376315763652_7518200940088786944_n.jpg?_nc_ht=instagram.fbga1-4.fna.fbcdn.net&_nc_ohc=_d2YCxN4o3EAX-duZv5&oh=e3b3f8b7763adb2f7401d8224b3ca562&oe=5F95E024",
            "username": "yurbyhernandez"
        },
        "likes_count": 0,
        "answers": []
    },
    {
        "id": 17874823720685542,
        "created_at": 1590232560,
        "text": "@loreinist29",
        "owner": {
            "id": "29614008830",
            "is_verified": false,
            "profile_pic_url": "https://instagram.fbga1-4.fna.fbcdn.net/v/t51.2885-19/s150x150/83677253_1053578248360554_166951756821954560_n.jpg?_nc_ht=instagram.fbga1-4.fna.fbcdn.net&_nc_ohc=HGb_WQLQk-EAX9XgInY&oh=ff2a1e0400d16161e92e4e822356dc13&oe=5F9888C9",
            "username": "surti_dithacicuco"
        },
        "likes_count": 0,
        "answers": []
    },
    {
        "id": 17860270765602755,
        "created_at": 1574357560,
        "text": "Hola. El shorts est\u00e1 disponible en alguna tienda de Medell\u00edn?",
        "owner": {
            "id": "1115382262",
            "is_verified": false,
            "profile_pic_url": "https://instagram.fbga1-4.fna.fbcdn.net/v/t51.2885-19/s150x150/106108529_293496185223938_8028800060385865443_n.jpg?_nc_ht=instagram.fbga1-4.fna.fbcdn.net&_nc_ohc=1uvKru85X7QAX_7nN7-&oh=64a91c6d5de0e3aadc4d7a0b356aa754&oe=5F974E03",
            "username": "danielavillamoreno"
        },
        "likes_count": 1,
        "answers": []
    },
    {
        "id": 17934717010313891,
        "created_at": 1570758654,
        "text": "Hola como vas que valor tiene los zapatos",
        "owner": {
            "id": "10615984264",
            "is_verified": false,
            "profile_pic_url": "https://instagram.fbga1-4.fna.fbcdn.net/v/t51.2885-19/s150x150/50491178_378911942885595_7089357818611892224_n.jpg?_nc_ht=instagram.fbga1-4.fna.fbcdn.net&_nc_ohc=pAg-sg1ZhzoAX_rQ8iC&oh=74751895d840884af21f64a8dc225d76&oe=5F953FB1",
            "username": "klaratovar"
        },
        "likes_count": 1,
        "answers": []
    },
    {
        "id": 18062378626110223,
        "created_at": 1562085322,
        "text": "Precio y d\u00f3nde est\u00e1n sus tiendas??",
        "owner": {
            "id": "9379169997",
            "is_verified": false,
            "profile_pic_url": "https://instagram.fbga1-4.fna.fbcdn.net/v/t51.2885-19/s150x150/44808305_1972542276169616_192878859480203264_n.jpg?_nc_ht=instagram.fbga1-4.fna.fbcdn.net&_nc_ohc=_D0n62FQafwAX9N1c5r&oh=7ce9678784e46e88a41eab7a6b844f78&oe=5F96E184",
            "username": "medley_sun"
        },
        "likes_count": 0,
        "answers": []
    },
    {
        "id": 18037845532164161,
        "created_at": 1560386413,
        "text": "Esta nueva colecci\u00f3n est\u00e1 disponible en Rep\u00fablica Dominicana \ud83c\udde9\ud83c\uddf4??",
        "owner": {
            "id": "286479059",
            "is_verified": false,
            "profile_pic_url": "https://instagram.fbga1-4.fna.fbcdn.net/v/t51.2885-19/s150x150/93294963_227352661908641_9030003911880081408_n.jpg?_nc_ht=instagram.fbga1-4.fna.fbcdn.net&_nc_ohc=fZwpwyGc1GQAX8Stcpw&oh=de4cb643e89a2d268654935406bb89a6&oe=5F971FB8",
            "username": "vilomar23"
        },
        "likes_count": 0,
        "answers": []
    },
    {
        "id": 17882472904368916,
        "created_at": 1560380045,
        "text": "Est\u00e1n en valledupar ?",
        "owner": {
            "id": "538025890",
            "is_verified": false,
            "profile_pic_url": "https://instagram.fbga1-4.fna.fbcdn.net/v/t51.2885-19/s150x150/119211663_163678422026394_3831024504415865907_n.jpg?_nc_ht=instagram.fbga1-4.fna.fbcdn.net&_nc_ohc=tMuLs4Q4pT4AX8dJt-9&oh=eff8e0642b5191e1e55045af35406091&oe=5F96F5B4",
            "username": "kai.pinto08"
        },
        "likes_count": 0,
        "answers": []
    },
    {
        "id": 17878767967362437,
        "created_at": 1558572164,
        "text": "El short ya no est\u00e1 disponible?",
        "owner": {
            "id": "1352727947",
            "is_verified": false,
            "profile_pic_url": "https://instagram.fbga1-4.fna.fbcdn.net/v/t51.2885-19/s150x150/98157849_691962201588920_4520705820685500416_n.jpg?_nc_ht=instagram.fbga1-4.fna.fbcdn.net&_nc_ohc=0pbDh56kb5UAX-a1SRS&oh=45937699585adf25ca916e39862e516b&oe=5F97454D",
            "username": "tatik1994"
        },
        "likes_count": 0,
        "answers": [
            {
                "id": 17974266613249998,
                "created_at": 1558706791,
                "text": "@tatik1994 \u00a1Hola! \u00a1Te invitamos a visitarnos en www.epk.com y descubrir todas las prendas que tenemos para ti! \u2764\ufe0f",
                "owner": {
                    "id": "208034677",
                    "is_verified": true,
                    "profile_pic_url": "https://instagram.fbga1-4.fna.fbcdn.net/v/t51.2885-19/s150x150/116713279_329296981536344_3404171181868667674_n.jpg?_nc_ht=instagram.fbga1-4.fna.fbcdn.net&_nc_ohc=e_8u8kf3ZDMAX9GL6vk&oh=cb797d66d56f5631c9bff6ad98af462e&oe=5F97C031",
                    "username": "epk"
                },
                "likes_count": 0
            }
        ]
    },
    {
        "id": 17866759246384083,
        "created_at": 1558540252,
        "text": "Precio d la bermuda",
        "owner": {
            "id": "1946531086",
            "is_verified": false,
            "profile_pic_url": "https://instagram.fbga1-4.fna.fbcdn.net/v/t51.2885-19/s150x150/17332819_291875924602686_8251375501310951424_a.jpg?_nc_ht=instagram.fbga1-4.fna.fbcdn.net&_nc_ohc=nu6tJhjwNzIAX9ysJwW&oh=f5f77fbe66df8f01568363644137677c&oe=5F94BF7C",
            "username": "kariney.lizcano"
        },
        "likes_count": 1,
        "answers": [
            {
                "id": 17879022850362162,
                "created_at": 1558706797,
                "text": "@kariney.lizcano \u00a1Hola! \u00a1Te invitamos a visitarnos en www.epk.com y descubrir todas las prendas que tenemos para ti! \u2764\ufe0f",
                "owner": {
                    "id": "208034677",
                    "is_verified": true,
                    "profile_pic_url": "https://instagram.fbga1-4.fna.fbcdn.net/v/t51.2885-19/s150x150/116713279_329296981536344_3404171181868667674_n.jpg?_nc_ht=instagram.fbga1-4.fna.fbcdn.net&_nc_ohc=e_8u8kf3ZDMAX9GL6vk&oh=cb797d66d56f5631c9bff6ad98af462e&oe=5F97C031",
                    "username": "epk"
                },
                "likes_count": 0
            }
        ]
    },
    {
        "id": 18067845184038009,
        "created_at": 1558393058,
        "text": "\ud83d\ude0d\ud83d\ude0d\ud83d\ude0d\u2764\ufe0f",
        "owner": {
            "id": "4984057921",
            "is_verified": false,
            "profile_pic_url": "https://instagram.fbga1-4.fna.fbcdn.net/v/t51.2885-19/s150x150/103658077_307569476934748_5082834641165037645_n.jpg?_nc_ht=instagram.fbga1-4.fna.fbcdn.net&_nc_ohc=Xiogg-XQfLgAX9nKxaQ&oh=f8062010dd0912ae7f0caf2543365ff5&oe=5F95ADEC",
            "username": "yesica0629"
        },
        "likes_count": 1,
        "answers": []
    },
    {
        "id": 17886301372340023,
        "created_at": 1558362470,
        "text": "Precio zapatos porfa?",
        "owner": {
            "id": "1464469520",
            "is_verified": false,
            "profile_pic_url": "https://instagram.fbga1-4.fna.fbcdn.net/v/t51.2885-19/s150x150/101460092_301172724378904_8167676157899046912_n.jpg?_nc_ht=instagram.fbga1-4.fna.fbcdn.net&_nc_ohc=hoIhcYb8030AX_8DnF5&oh=28b61efd72e455be8ef58e3f2eb73fcf&oe=5F95670B",
            "username": "leicafu"
        },
        "likes_count": 0,
        "answers": [
            {
                "id": 17891018128332840,
                "created_at": 1558389945,
                "text": "@leicafu \u00a1Hola! \u00a1Te invitamos a visitarnos en www.epk.com y descubrir todas las prendas que tenemos para ti! \u2764\ufe0f",
                "owner": {
                    "id": "208034677",
                    "is_verified": true,
                    "profile_pic_url": "https://instagram.fbga1-4.fna.fbcdn.net/v/t51.2885-19/s150x150/116713279_329296981536344_3404171181868667674_n.jpg?_nc_ht=instagram.fbga1-4.fna.fbcdn.net&_nc_ohc=e_8u8kf3ZDMAX9GL6vk&oh=cb797d66d56f5631c9bff6ad98af462e&oe=5F97C031",
                    "username": "epk"
                },
                "likes_count": 0
            }
        ]
    },
    {
        "id": 18004039849204269,
        "created_at": 1558345012,
        "text": "\ud83d\udd1d\ud83d\udd1d\ud83d\udd1d",
        "owner": {
            "id": "11891411433",
            "is_verified": false,
            "profile_pic_url": "https://instagram.fbga1-4.fna.fbcdn.net/v/t51.2885-19/s150x150/97329899_901028490362737_1388980139919933440_n.jpg?_nc_ht=instagram.fbga1-4.fna.fbcdn.net&_nc_ohc=jgVTnZTDFTwAX-7YspK&oh=6ba71d9419a301eb96b03c2ad1df511a&oe=5F975882",
            "username": "isabellove2016"
        },
        "likes_count": 1,
        "answers": []
    },
    {
        "id": 17933201098291810,
        "created_at": 1558326192,
        "text": "So\u00f1ado!\ud83d\ude0d\ud83d\ude18\u2764\ufe0f",
        "owner": {
            "id": "387731453",
            "is_verified": false,
            "profile_pic_url": "https://instagram.fbga1-4.fna.fbcdn.net/v/t51.2885-19/11123667_1098208236859829_280651957_a.jpg?_nc_ht=instagram.fbga1-4.fna.fbcdn.net&_nc_ohc=guC1zTjMUBsAX8ziclm&oh=54197e080d09b30358761274c221ada5&oe=5F9807DF",
            "username": "monicatmanzo"
        },
        "likes_count": 1,
        "answers": []
    },
    {
        "id": 18026106283171019,
        "created_at": 1558325219,
        "text": "Mi chiquitooooo @ricardomejiaq @monicatmanzo @fmanzot @dmanzot @oscarmanzop",
        "owner": {
            "id": "189946635",
            "is_verified": false,
            "profile_pic_url": "https://instagram.fbga1-4.fna.fbcdn.net/v/t51.2885-19/s150x150/96288927_355981688704898_6113859244044320768_n.jpg?_nc_ht=instagram.fbga1-4.fna.fbcdn.net&_nc_ohc=HihY98Ayp1wAX_zpQkx&oh=9d84bd221fd9bc375a76ae520dd58631&oe=5F95C9F4",
            "username": "domemanzot"
        },
        "likes_count": 2,
        "answers": []
    }
]