[
    {
        "id": 18040218385136440,
        "created_at": 1558044358,
        "text": "Hay perd\u00ed mi anterior n\u00famero u hay me mandaban las promociones",
        "owner": {
            "id": "13693923430",
            "is_verified": false,
            "profile_pic_url": "https://instagram.fbga1-4.fna.fbcdn.net/v/t51.2885-19/s150x150/59877263_286585362292051_8216958678532620288_n.jpg?_nc_ht=instagram.fbga1-4.fna.fbcdn.net&_nc_ohc=021Se9o1Il0AX8DGuEK&oh=552f73ed099a30c2fab932d2c269ed88&oe=5F966897",
            "username": "rubycervantes1"
        },
        "likes_count": 0,
        "answers": []
    },
    {
        "id": 17908192180307091,
        "created_at": 1557978180,
        "text": "Es un leggings o Pantal\u00f3n?",
        "owner": {
            "id": "1926726360",
            "is_verified": false,
            "profile_pic_url": "https://instagram.fbga1-4.fna.fbcdn.net/v/t51.2885-19/s150x150/16123247_371587719876640_6269657099647582208_n.jpg?_nc_ht=instagram.fbga1-4.fna.fbcdn.net&_nc_ohc=KwB6V3G27F0AX-RoTWN&oh=8e1e605b86a2d1044e4f0d2345d165dc&oe=5F9631CD",
            "username": "28_aumagrat"
        },
        "likes_count": 0,
        "answers": [
            {
                "id": 17846975995441963,
                "created_at": 1558013427,
                "text": "@28_aumagrat \u00a1Hola! \u00a1Te invitamos a visitarnos en www.epk.com y descubrir todas las prendas que tenemos para ti! \u2764\ufe0f",
                "owner": {
                    "id": "208034677",
                    "is_verified": true,
                    "profile_pic_url": "https://instagram.fbga1-4.fna.fbcdn.net/v/t51.2885-19/s150x150/116713279_329296981536344_3404171181868667674_n.jpg?_nc_ht=instagram.fbga1-4.fna.fbcdn.net&_nc_ohc=e_8u8kf3ZDMAX9GL6vk&oh=cb797d66d56f5631c9bff6ad98af462e&oe=5F97C031",
                    "username": "epk"
                },
                "likes_count": 2
            }
        ]
    },
    {
        "id": 18039628702140215,
        "created_at": 1557978086,
        "text": "Divino que precio tiene el pantal\u00f3n?",
        "owner": {
            "id": "10500846852",
            "is_verified": false,
            "profile_pic_url": "https://instagram.fbga1-4.fna.fbcdn.net/v/t51.2885-19/s150x150/50055943_385347355585185_5891975138974367744_n.jpg?_nc_ht=instagram.fbga1-4.fna.fbcdn.net&_nc_ohc=0anSO5rYVu0AX9o929_&oh=e2f707e1f1b7b6ca9369aa146a5b100c&oe=5F958D32",
            "username": "yackivanesa_roca"
        },
        "likes_count": 0,
        "answers": [
            {
                "id": 17844454111452340,
                "created_at": 1558013346,
                "text": "@yackivanesa_roca \u00a1Hola! \u00a1Te invitamos a visitarnos en www.epk.com y descubrir todas las prendas que tenemos para ti! \u2764\ufe0f",
                "owner": {
                    "id": "208034677",
                    "is_verified": true,
                    "profile_pic_url": "https://instagram.fbga1-4.fna.fbcdn.net/v/t51.2885-19/s150x150/116713279_329296981536344_3404171181868667674_n.jpg?_nc_ht=instagram.fbga1-4.fna.fbcdn.net&_nc_ohc=e_8u8kf3ZDMAX9GL6vk&oh=cb797d66d56f5631c9bff6ad98af462e&oe=5F97C031",
                    "username": "epk"
                },
                "likes_count": 1
            }
        ]
    },
    {
        "id": 17945820793304533,
        "created_at": 1557959758,
        "text": "Me encanta ese look, me gusta epk\ud83d\ude01",
        "owner": {
            "id": "3966613933",
            "is_verified": false,
            "profile_pic_url": "https://instagram.fbga1-4.fna.fbcdn.net/v/t51.2885-19/s150x150/14334468_749650585174335_2532566382785069056_a.jpg?_nc_ht=instagram.fbga1-4.fna.fbcdn.net&_nc_ohc=UHzL5rSFwdcAX_uov9C&oh=f479ad948f987ba34d1dfac4d273e17e&oe=5F94BA67",
            "username": "anzorenarodriguez"
        },
        "likes_count": 1,
        "answers": []
    },
    {
        "id": 17881419151353379,
        "created_at": 1557931209,
        "text": "Amo EPK visto a mi hijo con la calidad de est\u00e1 ropa",
        "owner": {
            "id": "3441248978",
            "is_verified": false,
            "profile_pic_url": "https://instagram.fbga1-4.fna.fbcdn.net/v/t51.2885-19/s150x150/59797182_664748803974727_3733221767372603392_n.jpg?_nc_ht=instagram.fbga1-4.fna.fbcdn.net&_nc_ohc=FOjrFtllrCwAX90oFqT&oh=4dca74545d9822598755c02735fbbd98&oe=5F951A40",
            "username": "jinetemartinez"
        },
        "likes_count": 1,
        "answers": [
            {
                "id": 18057382096075946,
                "created_at": 1557933563,
                "text": "@jinetemartinez Gracias por preferirnos!",
                "owner": {
                    "id": "208034677",
                    "is_verified": true,
                    "profile_pic_url": "https://instagram.fbga1-4.fna.fbcdn.net/v/t51.2885-19/s150x150/116713279_329296981536344_3404171181868667674_n.jpg?_nc_ht=instagram.fbga1-4.fna.fbcdn.net&_nc_ohc=e_8u8kf3ZDMAX9GL6vk&oh=cb797d66d56f5631c9bff6ad98af462e&oe=5F97C031",
                    "username": "epk"
                },
                "likes_count": 3
            },
            {
                "id": 17878115836361328,
                "created_at": 1557942315,
                "text": "@epk lo mejor en moda infantil",
                "owner": {
                    "id": "3441248978",
                    "is_verified": false,
                    "profile_pic_url": "https://instagram.fbga1-4.fna.fbcdn.net/v/t51.2885-19/s150x150/59797182_664748803974727_3733221767372603392_n.jpg?_nc_ht=instagram.fbga1-4.fna.fbcdn.net&_nc_ohc=FOjrFtllrCwAX90oFqT&oh=4dca74545d9822598755c02735fbbd98&oe=5F951A40",
                    "username": "jinetemartinez"
                },
                "likes_count": 1
            }
        ]
    },
    {
        "id": 17860417405400974,
        "created_at": 1557928278,
        "text": "\ud83d\ude02\ud83d\udc4f\ud83d\udc4f\ud83d\udc4fGracias q ricooo",
        "owner": {
            "id": "9904469449",
            "is_verified": false,
            "profile_pic_url": "https://instagram.fbga1-4.fna.fbcdn.net/v/t51.2885-19/s150x150/84009327_193562675100360_5290350461046489088_n.jpg?_nc_ht=instagram.fbga1-4.fna.fbcdn.net&_nc_ohc=LfT2dtz7eQIAX92f4vG&oh=5b798117af05f459250232e0593893b7&oe=5F95B697",
            "username": "luzisaliagomez"
        },
        "likes_count": 1,
        "answers": []
    },
    {
        "id": 18024818848173714,
        "created_at": 1557927356,
        "text": "Como ago para que mi hija sea modelo de EPK",
        "owner": {
            "id": "9904469449",
            "is_verified": false,
            "profile_pic_url": "https://instagram.fbga1-4.fna.fbcdn.net/v/t51.2885-19/s150x150/84009327_193562675100360_5290350461046489088_n.jpg?_nc_ht=instagram.fbga1-4.fna.fbcdn.net&_nc_ohc=LfT2dtz7eQIAX92f4vG&oh=5b798117af05f459250232e0593893b7&oe=5F95B697",
            "username": "luzisaliagomez"
        },
        "likes_count": 0,
        "answers": [
            {
                "id": 18039645454084590,
                "created_at": 1557928180,
                "text": "@luzisaliagomez \u00a1Hola! \u00a1Te invitamos a estar al tanto en nuestras redes y medios de comunicaci\u00f3n para enterarte y participar en la pr\u00f3xima fecha de nuestro concurso Modelo EPK 2019! \u00a1Saludos!",
                "owner": {
                    "id": "208034677",
                    "is_verified": true,
                    "profile_pic_url": "https://instagram.fbga1-4.fna.fbcdn.net/v/t51.2885-19/s150x150/116713279_329296981536344_3404171181868667674_n.jpg?_nc_ht=instagram.fbga1-4.fna.fbcdn.net&_nc_ohc=e_8u8kf3ZDMAX9GL6vk&oh=cb797d66d56f5631c9bff6ad98af462e&oe=5F97C031",
                    "username": "epk"
                },
                "likes_count": 2
            }
        ]
    },
    {
        "id": 18035255494133812,
        "created_at": 1557917460,
        "text": "Lo puedo conseguir en cualquier epk",
        "owner": {
            "id": "1475960809",
            "is_verified": false,
            "profile_pic_url": "https://instagram.fbga1-4.fna.fbcdn.net/v/t51.2885-19/s150x150/65966675_897827890581507_8559404323782524928_n.jpg?_nc_ht=instagram.fbga1-4.fna.fbcdn.net&_nc_ohc=ufqZv6V8zeQAX8QSB65&oh=f36a2b6c027f72c60db9f3527d545e48&oe=5F962F36",
            "username": "carmenelena.orregodaza"
        },
        "likes_count": 1,
        "answers": [
            {
                "id": 17850948640426747,
                "created_at": 1557928207,
                "text": "@carmenelena.orregodaza \u00a1Hola! \u00a1Te invitamos a visitarnos en nuestras tiendas o www.epk.com y descubrir todas las prendas que tenemos para ti! \u2764\ufe0f",
                "owner": {
                    "id": "208034677",
                    "is_verified": true,
                    "profile_pic_url": "https://instagram.fbga1-4.fna.fbcdn.net/v/t51.2885-19/s150x150/116713279_329296981536344_3404171181868667674_n.jpg?_nc_ht=instagram.fbga1-4.fna.fbcdn.net&_nc_ohc=e_8u8kf3ZDMAX9GL6vk&oh=cb797d66d56f5631c9bff6ad98af462e&oe=5F97C031",
                    "username": "epk"
                },
                "likes_count": 2
            }
        ]
    },
    {
        "id": 17853126406424180,
        "created_at": 1557892690,
        "text": "Que ropa m\u00e1s linda ! \ud83d\udc4c",
        "owner": {
            "id": "392854186",
            "is_verified": false,
            "profile_pic_url": "https://instagram.fbga1-4.fna.fbcdn.net/v/t51.2885-19/s150x150/119745802_519176668946552_9102770943887028105_n.jpg?_nc_ht=instagram.fbga1-4.fna.fbcdn.net&_nc_ohc=EdILRM4hTl4AX9RXixo&oh=65cac897938638672459e77da74b7e67&oe=5F988E0C",
            "username": "haydeegiovanetti"
        },
        "likes_count": 2,
        "answers": [
            {
                "id": 17844562642449464,
                "created_at": 1557928222,
                "text": "@haydeegiovanetti Gracias por preferirnos! \u2764\ufe0f",
                "owner": {
                    "id": "208034677",
                    "is_verified": true,
                    "profile_pic_url": "https://instagram.fbga1-4.fna.fbcdn.net/v/t51.2885-19/s150x150/116713279_329296981536344_3404171181868667674_n.jpg?_nc_ht=instagram.fbga1-4.fna.fbcdn.net&_nc_ohc=e_8u8kf3ZDMAX9GL6vk&oh=cb797d66d56f5631c9bff6ad98af462e&oe=5F97C031",
                    "username": "epk"
                },
                "likes_count": 1
            }
        ]
    },
    {
        "id": 18032826586154851,
        "created_at": 1557884792,
        "text": "Ahora las ni\u00f1as van a decir s\u00f3lo,EPK\u00a1 .",
        "owner": {
            "id": "8708432014",
            "is_verified": false,
            "profile_pic_url": "https://instagram.fbga1-4.fna.fbcdn.net/v/t51.2885-19/s150x150/92294955_508115173403096_2987943880936128512_n.jpg?_nc_ht=instagram.fbga1-4.fna.fbcdn.net&_nc_ohc=AZB8cjkx45MAX_HStX_&oh=aeabd477f9e17bb8871ea2d5ecbca450&oe=5F95C79D",
            "username": "amparo.velasquez.35325"
        },
        "likes_count": 2,
        "answers": [
            {
                "id": 17969760667256530,
                "created_at": 1557928419,
                "text": "@amparo.velasquez.35325 Gracias por preferirnos, Amparo!",
                "owner": {
                    "id": "208034677",
                    "is_verified": true,
                    "profile_pic_url": "https://instagram.fbga1-4.fna.fbcdn.net/v/t51.2885-19/s150x150/116713279_329296981536344_3404171181868667674_n.jpg?_nc_ht=instagram.fbga1-4.fna.fbcdn.net&_nc_ohc=e_8u8kf3ZDMAX9GL6vk&oh=cb797d66d56f5631c9bff6ad98af462e&oe=5F97C031",
                    "username": "epk"
                },
                "likes_count": 1
            }
        ]
    },
    {
        "id": 18072435820004140,
        "created_at": 1557879047,
        "text": "Por fin una pinta bonita casi que no @epk",
        "owner": {
            "id": "1404081443",
            "is_verified": false,
            "profile_pic_url": "https://instagram.fbga1-4.fna.fbcdn.net/v/t51.2885-19/s150x150/97966049_241914076910474_5248599573588344832_n.jpg?_nc_ht=instagram.fbga1-4.fna.fbcdn.net&_nc_ohc=I820gDyme8sAX_cGJBo&oh=273622da60aeaf84d37c06834692ef59&oe=5F98799C",
            "username": "kasarodriguez"
        },
        "likes_count": 1,
        "answers": []
    },
    {
        "id": 17864459167390672,
        "created_at": 1557878957,
        "text": "En la p\u00e1gina no se encuentran esas prendas \ud83d\ude0f",
        "owner": {
            "id": "339464142",
            "is_verified": false,
            "profile_pic_url": "https://instagram.fbga1-4.fna.fbcdn.net/v/t51.2885-19/s150x150/117334329_164287995227484_311535800135147402_n.jpg?_nc_ht=instagram.fbga1-4.fna.fbcdn.net&_nc_ohc=ZhnMvG5AM74AX-Fz7Dm&oh=0bfd0414f2fff39f9e63eb8fcdcde80c&oe=5F977968",
            "username": "fabiolamatagira"
        },
        "likes_count": 0,
        "answers": [
            {
                "id": 17874998836362255,
                "created_at": 1557928389,
                "text": "@fabiolamatagira Hola Fabiola! Nuestro inventario es bastante din\u00e1mico. Te invitamos a visitarnos en nuestras tiendas o www.epk.com y descubrir todas las prendas que tenemos para ti!",
                "owner": {
                    "id": "208034677",
                    "is_verified": true,
                    "profile_pic_url": "https://instagram.fbga1-4.fna.fbcdn.net/v/t51.2885-19/s150x150/116713279_329296981536344_3404171181868667674_n.jpg?_nc_ht=instagram.fbga1-4.fna.fbcdn.net&_nc_ohc=e_8u8kf3ZDMAX9GL6vk&oh=cb797d66d56f5631c9bff6ad98af462e&oe=5F97C031",
                    "username": "epk"
                },
                "likes_count": 0
            }
        ]
    },
    {
        "id": 17882444272349251,
        "created_at": 1557878072,
        "text": "Donde se puede conseguir esta prenda",
        "owner": {
            "id": "2093439241",
            "is_verified": false,
            "profile_pic_url": "https://instagram.fbga1-4.fna.fbcdn.net/v/t51.2885-19/s150x150/20214148_2039213056310119_106832209066852352_n.jpg?_nc_ht=instagram.fbga1-4.fna.fbcdn.net&_nc_ohc=ElOCxGGHYckAX9nCf1N&oh=64f9cc2c80d858ef192210fb32f39f09&oe=5F96DCFF",
            "username": "lorena_reyes01"
        },
        "likes_count": 0,
        "answers": [
            {
                "id": 18060674104067913,
                "created_at": 1557928371,
                "text": "@lorena_reyes01  Hola Lorena, Te invitamos a visitarnos en nuestras tiendas o www.epk.com y descubrir todas las prendas que tenemos para ti!",
                "owner": {
                    "id": "208034677",
                    "is_verified": true,
                    "profile_pic_url": "https://instagram.fbga1-4.fna.fbcdn.net/v/t51.2885-19/s150x150/116713279_329296981536344_3404171181868667674_n.jpg?_nc_ht=instagram.fbga1-4.fna.fbcdn.net&_nc_ohc=e_8u8kf3ZDMAX9GL6vk&oh=cb797d66d56f5631c9bff6ad98af462e&oe=5F97C031",
                    "username": "epk"
                },
                "likes_count": 0
            }
        ]
    }
]