[
    {
        "id": 18011938135150995,
        "created_at": 1552226075,
        "text": "\ud83d\udc4f\ud83d\udc4f\ud83d\udc4f\ud83d\udc4f",
        "owner": {
            "id": "1185196140",
            "is_verified": false,
            "profile_pic_url": "https://scontent-dfw5-1.cdninstagram.com/v/t51.2885-19/44884218_345707102882519_2446069589734326272_n.jpg?_nc_ht=scontent-dfw5-1.cdninstagram.com&_nc_ohc=RLYRR3IenIMAX-5UObO&oh=66d5513c407abd49750433317aa254ca&oe=5F96310F&ig_cache_key=YW5vbnltb3VzX3Byb2ZpbGVfcGlj.2",
            "username": "claudiabarriosvilla"
        },
        "likes_count": 3,
        "answers": []
    }
]