[
    {
        "id": 17913038470319095,
        "created_at": 1563150259,
        "text": "Hoy en d\u00eda ning\u00fan gremio se quiere quedar por fuera de la tal \"moda\"... que decidan ser lo que quieran ser cuando tengan consciencia, en una edad apropiada. Respeten la ni\u00f1ez, ya los bellos colores del arco iris no lo han manchado con una supuesta ideolog\u00eda de g\u00e9neros...\ud83d\udeab\u274c",
        "owner": {
            "id": "1530832118",
            "is_verified": false,
            "profile_pic_url": "https://instagram.fbga1-4.fna.fbcdn.net/v/t51.2885-19/s150x150/75322221_494177451210246_825417977565282304_n.jpg?_nc_ht=instagram.fbga1-4.fna.fbcdn.net&_nc_ohc=3bzMI7QbtDMAX-fE3ja&oh=957fd0f4fcd38585431859ba10bcdc76&oe=5F984E91",
            "username": "isacastillo15"
        },
        "likes_count": 0,
        "answers": []
    },
    {
        "id": 18083813896001024,
        "created_at": 1562791661,
        "text": "Se est\u00e1n pasando de tono con esas etiquetas del arco iris \ud83c\udf08 No soy homofobica pero con los ni\u00f1os el tema es diferente. Se est\u00e1n pasando!!",
        "owner": {
            "id": "1415998532",
            "is_verified": false,
            "profile_pic_url": "https://instagram.fbga1-4.fna.fbcdn.net/v/t51.2885-19/s150x150/110205965_625006438144283_5932957956204846027_n.jpg?_nc_ht=instagram.fbga1-4.fna.fbcdn.net&_nc_ohc=edsGAt_HstQAX_2q7_b&oh=dbeb169d779399df21f1ee8d3cf8b783&oe=5F9720BB",
            "username": "aucha_1612"
        },
        "likes_count": 1,
        "answers": []
    },
    {
        "id": 17873272501400193,
        "created_at": 1561932134,
        "text": "No entiendo cu\u00e1l es el af\u00e1n de los influyentes en imponer el tema del arcoiris, si quieren hablar de diversidad no  enfaticen en un solo gremio. Hay otros que tambi\u00e9n merecen ser atendidos... S\u00f3lo por vender? Que se caiga la cortina de humo. Respeten sobre todo a los ni\u00f1os, dejen que cada quien elija lo que quiera ser, m\u00e1s no a la fuerza ni al subconsciente... Normalmente compro est\u00e1 marca, pero por esta raz\u00f3n est\u00e1 colecci\u00f3n no la he querido conocer. No me interesa",
        "owner": {
            "id": "7099095148",
            "is_verified": false,
            "profile_pic_url": "https://instagram.fbga1-4.fna.fbcdn.net/v/t51.2885-19/s150x150/46937781_355204021926859_78185069260308480_n.jpg?_nc_ht=instagram.fbga1-4.fna.fbcdn.net&_nc_ohc=qwEXIq7YRBMAX_5orTv&oh=a2b50fa0f7c24feecc1d4189c935eda6&oe=5F965904",
            "username": "decorarte_bq"
        },
        "likes_count": 1,
        "answers": []
    },
    {
        "id": 18074954839064529,
        "created_at": 1561480192,
        "text": "Hola buenos d\u00edas como hago para que mi hija participe como modelo el?",
        "owner": {
            "id": "11221677194",
            "is_verified": false,
            "profile_pic_url": "https://instagram.fbga1-4.fna.fbcdn.net/v/t51.2885-19/s150x150/119653772_202392787952857_4152097887270443624_n.jpg?_nc_ht=instagram.fbga1-4.fna.fbcdn.net&_nc_ohc=aKita6rOCCcAX8wgcOu&oh=8ce48470d9ad60fb3ebf007d4fe11caa&oe=5F9770D4",
            "username": "allison_nicole_monsalve"
        },
        "likes_count": 0,
        "answers": [
            {
                "id": 18079203862011594,
                "created_at": 1561553101,
                "text": "@yeseniacontreras44 hola! Sigue atenta a nuestras redes para novedades de Modelo EPK. Feliz d\u00eda! \ud83d\ude0a",
                "owner": {
                    "id": "208034677",
                    "is_verified": true,
                    "profile_pic_url": "https://instagram.fbga1-4.fna.fbcdn.net/v/t51.2885-19/s150x150/116713279_329296981536344_3404171181868667674_n.jpg?_nc_ht=instagram.fbga1-4.fna.fbcdn.net&_nc_ohc=e_8u8kf3ZDMAX9GL6vk&oh=cb797d66d56f5631c9bff6ad98af462e&oe=5F97C031",
                    "username": "epk"
                },
                "likes_count": 0
            }
        ]
    },
    {
        "id": 17845600846496226,
        "created_at": 1561417832,
        "text": "Hermosa y telentosa mi sobri \ud83d\ude18 lo mejor #epk",
        "owner": {
            "id": "458039994",
            "is_verified": false,
            "profile_pic_url": "https://instagram.fbga1-4.fna.fbcdn.net/v/t51.2885-19/s150x150/92288522_214801219941583_7462395180176375808_n.jpg?_nc_ht=instagram.fbga1-4.fna.fbcdn.net&_nc_ohc=J2A_gP6oRZkAX8dKGW-&oh=090050d056e79a70f6293c52f70a84e6&oe=5F974F3B",
            "username": "anabonnett"
        },
        "likes_count": 0,
        "answers": [
            {
                "id": 17848432321480084,
                "created_at": 1561468635,
                "text": "@anabonnett \ud83d\ude4c\u2764\ufe0f",
                "owner": {
                    "id": "208034677",
                    "is_verified": true,
                    "profile_pic_url": "https://instagram.fbga1-4.fna.fbcdn.net/v/t51.2885-19/s150x150/116713279_329296981536344_3404171181868667674_n.jpg?_nc_ht=instagram.fbga1-4.fna.fbcdn.net&_nc_ohc=e_8u8kf3ZDMAX9GL6vk&oh=cb797d66d56f5631c9bff6ad98af462e&oe=5F97C031",
                    "username": "epk"
                },
                "likes_count": 0
            }
        ]
    },
    {
        "id": 17900482468333543,
        "created_at": 1561417427,
        "text": "El vestido de ni\u00f1a lo encuentro en talla 3?",
        "owner": {
            "id": "233768463",
            "is_verified": false,
            "profile_pic_url": "https://instagram.fbga1-4.fna.fbcdn.net/v/t51.2885-19/s150x150/106001322_1390637511128460_51427312309842825_n.jpg?_nc_ht=instagram.fbga1-4.fna.fbcdn.net&_nc_ohc=ZDz2zWWcNkAAX_Vj_vX&oh=2a4eebc1b1bc88f2aaf1168d3762c830&oe=5F94C80F",
            "username": "quequecos"
        },
        "likes_count": 0,
        "answers": [
            {
                "id": 18079603912047621,
                "created_at": 1561469331,
                "text": "@quequecos hola! Este vestido se encuentra disponible en las tallas 4 a 12 a\u00f1os. Te esperamos! \ud83d\udc9c",
                "owner": {
                    "id": "208034677",
                    "is_verified": true,
                    "profile_pic_url": "https://instagram.fbga1-4.fna.fbcdn.net/v/t51.2885-19/s150x150/116713279_329296981536344_3404171181868667674_n.jpg?_nc_ht=instagram.fbga1-4.fna.fbcdn.net&_nc_ohc=e_8u8kf3ZDMAX9GL6vk&oh=cb797d66d56f5631c9bff6ad98af462e&oe=5F97C031",
                    "username": "epk"
                },
                "likes_count": 0
            }
        ]
    }
]