[
    {
        "id": 18028457356103245,
        "created_at": 1552429786,
        "text": "@yinfiehts Gracias por preferirnos! \u2764\ufe0f",
        "owner": {
            "id": "208034677",
            "is_verified": true,
            "profile_pic_url": "https://instagram.fbga1-4.fna.fbcdn.net/v/t51.2885-19/s150x150/116713279_329296981536344_3404171181868667674_n.jpg?_nc_ht=instagram.fbga1-4.fna.fbcdn.net&_nc_ohc=e_8u8kf3ZDMAX9GL6vk&oh=cb797d66d56f5631c9bff6ad98af462e&oe=5F97C031",
            "username": "epk"
        },
        "likes_count": 1,
        "answers": []
    },
    {
        "id": 18016341970142554,
        "created_at": 1552355610,
        "text": "Amiguitos los invito a que me sigan en mis aventuras @samantha_aventuras",
        "owner": {
            "id": "11567250244",
            "is_verified": false,
            "profile_pic_url": "https://instagram.fbga1-4.fna.fbcdn.net/v/t51.2885-19/s150x150/51721909_840658136276308_8982655183091662848_n.jpg?_nc_ht=instagram.fbga1-4.fna.fbcdn.net&_nc_ohc=GzHTFgEXe5EAX9XtVo2&oh=6d925f488b09489b10ad31122f224356&oe=5F963E03",
            "username": "samantha_aventuras"
        },
        "likes_count": 1,
        "answers": []
    },
    {
        "id": 18045130321043135,
        "created_at": 1552348938,
        "text": "Me fascina  tiendas epk tienen la ropa que me gusta para los peques\ud83d\udc4f\ud83d\udc76",
        "owner": {
            "id": "7072885746",
            "is_verified": false,
            "profile_pic_url": "https://instagram.fbga1-4.fna.fbcdn.net/v/t51.2885-19/s150x150/27580362_168683887097416_701466960864477184_n.jpg?_nc_ht=instagram.fbga1-4.fna.fbcdn.net&_nc_ohc=OLtla1dZ7q4AX9FPaAq&oh=90f82ce60e59ec49e9005fd0a7827814&oe=5F951F3A",
            "username": "yinfiehts"
        },
        "likes_count": 2,
        "answers": []
    },
    {
        "id": 18016350976186229,
        "created_at": 1552344820,
        "text": "Te Extra\u00f1o Epk Venezuela\ud83d\ude22\ud83d\ude18",
        "owner": {
            "id": "1066144106",
            "is_verified": false,
            "profile_pic_url": "https://instagram.fbga1-4.fna.fbcdn.net/v/t51.2885-19/s150x150/100768318_583112459307401_5375589219521527808_n.jpg?_nc_ht=instagram.fbga1-4.fna.fbcdn.net&_nc_ohc=c56KeF7tWvoAX_8k1bs&oh=6553665ea61d6ca303c16c9de79c547d&oe=5F956B68",
            "username": "arturoelias6"
        },
        "likes_count": 2,
        "answers": []
    }
]