[
    {
        "id": 18027341335231320,
        "created_at": 1572048046,
        "text": "@sbergesr",
        "owner": {
            "id": "5395869129",
            "is_verified": false,
            "profile_pic_url": "https://instagram.fbga1-4.fna.fbcdn.net/v/t51.2885-19/s150x150/110912475_1435498099986724_8750352969105981197_n.jpg?_nc_ht=instagram.fbga1-4.fna.fbcdn.net&_nc_ohc=GURrhPZXFW4AX-7mSjd&oh=5ec185300e3c5575eb547c3615dbc625&oe=5F985AB1",
            "username": "denzel.barber21"
        },
        "likes_count": 0,
        "answers": [
            {
                "id": 18061752322173172,
                "created_at": 1572048165,
                "text": "@denzel.barber21 \ud83d\ude44\u2620\ufe0f",
                "owner": {
                    "id": "1107643492",
                    "is_verified": false,
                    "profile_pic_url": "https://instagram.fbga1-4.fna.fbcdn.net/v/t51.2885-19/s150x150/116426122_2678840595663588_4207983054830404729_n.jpg?_nc_ht=instagram.fbga1-4.fna.fbcdn.net&_nc_ohc=i2H1Dt-LI0AAX8VKXPw&oh=6a9beee9512d61f7b71733f107d06755&oe=5F966075",
                    "username": "sbergesr"
                },
                "likes_count": 0
            }
        ]
    },
    {
        "id": 18053623621186594,
        "created_at": 1562212225,
        "text": "Precio??",
        "owner": {
            "id": "10196282986",
            "is_verified": false,
            "profile_pic_url": "https://instagram.fbga1-4.fna.fbcdn.net/v/t51.2885-19/s150x150/47691390_231405411123142_3315850572262801408_n.jpg?_nc_ht=instagram.fbga1-4.fna.fbcdn.net&_nc_ohc=NdWMHgDZ7YAAX9c7pgs&oh=a724f9ffb9c45a65d609b3eba6779f0e&oe=5F95C249",
            "username": "gretel993"
        },
        "likes_count": 0,
        "answers": []
    },
    {
        "id": 17853070522458435,
        "created_at": 1561263643,
        "text": "Que pinta tas \ud83d\ude0d\ud83d\udc4f\ud83d\ude02 linda",
        "owner": {
            "id": "10007187122",
            "is_verified": false,
            "profile_pic_url": "https://instagram.fbga1-4.fna.fbcdn.net/v/t51.2885-19/s150x150/58453865_299325400984787_6842388652106973184_n.jpg?_nc_ht=instagram.fbga1-4.fna.fbcdn.net&_nc_ohc=jN1BnE8RD3oAX9__hyL&oh=31c06d9c66c995dd4184505d701606b9&oe=5F963737",
            "username": "carvajalliana24"
        },
        "likes_count": 0,
        "answers": [
            {
                "id": 18069925036077533,
                "created_at": 1561468391,
                "text": "@carvajalliana24 gracias!\ud83d\ude0a",
                "owner": {
                    "id": "208034677",
                    "is_verified": true,
                    "profile_pic_url": "https://instagram.fbga1-4.fna.fbcdn.net/v/t51.2885-19/s150x150/116713279_329296981536344_3404171181868667674_n.jpg?_nc_ht=instagram.fbga1-4.fna.fbcdn.net&_nc_ohc=e_8u8kf3ZDMAX9GL6vk&oh=cb797d66d56f5631c9bff6ad98af462e&oe=5F97C031",
                    "username": "epk"
                },
                "likes_count": 0
            }
        ]
    },
    {
        "id": 17868403672406864,
        "created_at": 1561256541,
        "text": "Se\u00f1ores Epk he sido cliente de ustedes hace ya 8 a\u00f1os y nunca hab\u00eda realizado una compra por la tienda virtual y hace m\u00e1s de 12 d\u00edas realic\u00e9 mi compra por tienda virtual y realmente me encuentro muy molesta porque no recibo ninguna notificaci\u00f3n acerca de mi pedido, realmente si yo hubiera sabido que esto iba a ser as\u00ed por la tienda virtual nunca comprar\u00eda por ese medio. Me confi\u00e9 de ustedes como cliente ya de tantos a\u00f1os y me siento muy decepcionada. Ninguno de los medios de comunicaci\u00f3n que ofrece la p\u00e1gina responden. Pero mi dinero si lo recibieron de inmediato. Que falta de respeto con sus clientes. Necesito una pronta soluci\u00f3n.",
        "owner": {
            "id": "1057357858",
            "is_verified": false,
            "profile_pic_url": "https://instagram.fbga1-4.fna.fbcdn.net/v/t51.2885-19/s150x150/71590324_529706627789498_3082550611623804928_n.jpg?_nc_ht=instagram.fbga1-4.fna.fbcdn.net&_nc_ohc=dHMpOAfrHNAAX9-3hj9&oh=e0e410c628d169e707f1f4b9260ebec9&oe=5F97CB36",
            "username": "vidaldany21"
        },
        "likes_count": 1,
        "answers": [
            {
                "id": 18078272509013895,
                "created_at": 1561468441,
                "text": "@vidaldany21 Hola! Escr\u00edbenos por favor tu caso a info@epk.com junto a tus datos completos y el n\u00famero del pedido. Con mucho gusto validaremos su estado. Feliz d\u00eda!",
                "owner": {
                    "id": "208034677",
                    "is_verified": true,
                    "profile_pic_url": "https://instagram.fbga1-4.fna.fbcdn.net/v/t51.2885-19/s150x150/116713279_329296981536344_3404171181868667674_n.jpg?_nc_ht=instagram.fbga1-4.fna.fbcdn.net&_nc_ohc=e_8u8kf3ZDMAX9GL6vk&oh=cb797d66d56f5631c9bff6ad98af462e&oe=5F97C031",
                    "username": "epk"
                },
                "likes_count": 0
            }
        ]
    },
    {
        "id": 17966446036273032,
        "created_at": 1561245113,
        "text": "Todo un modelo mi Samuelito",
        "owner": {
            "id": "1904872438",
            "is_verified": false,
            "profile_pic_url": "https://instagram.fbga1-4.fna.fbcdn.net/v/t51.2885-19/s150x150/102942479_1163649267307173_9152486248794136669_n.jpg?_nc_ht=instagram.fbga1-4.fna.fbcdn.net&_nc_ohc=yV9FJZnM81QAX_1-zIt&oh=69790124f44820bb43c9c81b88e3ed73&oe=5F954F69",
            "username": "luchyarenas1312"
        },
        "likes_count": 0,
        "answers": [
            {
                "id": 18061112938100703,
                "created_at": 1561468395,
                "text": "@luchyarenas1312 \u2764\ufe0f\ud83d\ude0a",
                "owner": {
                    "id": "208034677",
                    "is_verified": true,
                    "profile_pic_url": "https://instagram.fbga1-4.fna.fbcdn.net/v/t51.2885-19/s150x150/116713279_329296981536344_3404171181868667674_n.jpg?_nc_ht=instagram.fbga1-4.fna.fbcdn.net&_nc_ohc=e_8u8kf3ZDMAX9GL6vk&oh=cb797d66d56f5631c9bff6ad98af462e&oe=5F97C031",
                    "username": "epk"
                },
                "likes_count": 0
            }
        ]
    }
]