[
    {
        "id": 17881879111448487,
        "created_at": 1572017002,
        "text": "hola a mi me gusta comprar onli,lo malo con epk.com es que no tiene variedad de  prendas en la web",
        "owner": {
            "id": "3220067254",
            "is_verified": false,
            "profile_pic_url": "https://instagram.fbga1-4.fna.fbcdn.net/v/t51.2885-19/s150x150/70473691_2469866819962489_8964213525530542080_n.jpg?_nc_ht=instagram.fbga1-4.fna.fbcdn.net&_nc_ohc=iDZSqUFivTEAX-HuXtG&oh=abf454e57e549365d7f1ad94a280757e&oe=5F987AFF",
            "username": "jhoennygamez"
        },
        "likes_count": 0,
        "answers": []
    },
    {
        "id": 18053838514096314,
        "created_at": 1559230536,
        "text": "\u2764\u2764",
        "owner": {
            "id": "1364779580",
            "is_verified": false,
            "profile_pic_url": "https://instagram.fbga1-4.fna.fbcdn.net/v/t51.2885-19/s150x150/61768633_2212401295482162_5921701419378802688_n.jpg?_nc_ht=instagram.fbga1-4.fna.fbcdn.net&_nc_ohc=MblBnZo9zMkAX_IeJ5p&oh=e614bf8da859bdbea6803db843dd415a&oe=5F98A167",
            "username": "doris.navarro.336"
        },
        "likes_count": 1,
        "answers": []
    }
]