[
    {
        "id": 18053059186022293,
        "created_at": 1554750342,
        "text": "@fernandacontrerasz",
        "owner": {
            "id": "337016765",
            "is_verified": false,
            "profile_pic_url": "https://instagram.fbga1-4.fna.fbcdn.net/v/t51.2885-19/s150x150/58409545_2328736584118615_5262824930474459136_n.jpg?_nc_ht=instagram.fbga1-4.fna.fbcdn.net&_nc_ohc=_eFnLAJof84AX9SJ4wk&oh=54b21ae8026fc4807b6cfda443720b8f&oe=5F9732D4",
            "username": "andrea_zamora21"
        },
        "likes_count": 0,
        "answers": []
    },
    {
        "id": 18009554425168172,
        "created_at": 1553810554,
        "text": "\ud83d\ude0d",
        "owner": {
            "id": "1787567415",
            "is_verified": false,
            "profile_pic_url": "https://instagram.fbga1-4.fna.fbcdn.net/v/t51.2885-19/s150x150/66800331_1328159744020692_8812266382986051584_n.jpg?_nc_ht=instagram.fbga1-4.fna.fbcdn.net&_nc_ohc=ZwEd6lvZVm0AX8Hqz3-&oh=a7fa337e294e559dd777a9d166f99390&oe=5F9728A4",
            "username": "marsehernandes"
        },
        "likes_count": 0,
        "answers": []
    },
    {
        "id": 18024437794095710,
        "created_at": 1553801555,
        "text": "Me encanta quiero q mi bb de 4 a\u00f1os sea modelo epk",
        "owner": {
            "id": "9674513294",
            "is_verified": false,
            "profile_pic_url": "https://instagram.fbga1-4.fna.fbcdn.net/v/t51.2885-19/s150x150/46151602_2170346989885837_8514256924647096320_n.jpg?_nc_ht=instagram.fbga1-4.fna.fbcdn.net&_nc_ohc=kz8DPyVIW1gAX8FK7KT&oh=64ecb1b6d24c47af271324671731cf08&oe=5F94E1F6",
            "username": "marcyjackeliquinones"
        },
        "likes_count": 0,
        "answers": [
            {
                "id": 17983615747212314,
                "created_at": 1553807514,
                "text": "@marcyjackeliquinones \u00a1Te invitamos a estar al tanto en nuestras redes y medios de comunicaci\u00f3n para poder participar en la pr\u00f3xima fecha de nuestro concurso! \u00a1Saludos!",
                "owner": {
                    "id": "208034677",
                    "is_verified": true,
                    "profile_pic_url": "https://instagram.fbga1-4.fna.fbcdn.net/v/t51.2885-19/s150x150/116713279_329296981536344_3404171181868667674_n.jpg?_nc_ht=instagram.fbga1-4.fna.fbcdn.net&_nc_ohc=e_8u8kf3ZDMAX9GL6vk&oh=cb797d66d56f5631c9bff6ad98af462e&oe=5F97C031",
                    "username": "epk"
                },
                "likes_count": 0
            }
        ]
    },
    {
        "id": 18033501145098065,
        "created_at": 1553738954,
        "text": "Uff! @linapatinol",
        "owner": {
            "id": "287742985",
            "is_verified": false,
            "profile_pic_url": "https://instagram.fbga1-4.fna.fbcdn.net/v/t51.2885-19/s150x150/40305215_304809517047232_7010560089446678528_n.jpg?_nc_ht=instagram.fbga1-4.fna.fbcdn.net&_nc_ohc=PeMyxXNn7RsAX9pbb3A&oh=a656e5d207d5ecdfd5bfb552c883477a&oe=5F96A504",
            "username": "ajobregon"
        },
        "likes_count": 1,
        "answers": [
            {
                "id": 18018365605176745,
                "created_at": 1553874530,
                "text": "@ajobregon que dise\u00f1o tan lindo!!!! \ud83d\udc95",
                "owner": {
                    "id": "324895863",
                    "is_verified": false,
                    "profile_pic_url": "https://instagram.fbga1-4.fna.fbcdn.net/v/t51.2885-19/s150x150/42068908_360202214726303_9170743049502851072_n.jpg?_nc_ht=instagram.fbga1-4.fna.fbcdn.net&_nc_ohc=CghVLcDj_48AX9U9Coo&oh=bcd1320a481221fafbc454e0e93601c1&oe=5F958A78",
                    "username": "linapatinol"
                },
                "likes_count": 0
            }
        ]
    },
    {
        "id": 18032776843109983,
        "created_at": 1553730061,
        "text": "A por favor que hermosooooooooo",
        "owner": {
            "id": "1787567415",
            "is_verified": false,
            "profile_pic_url": "https://instagram.fbga1-4.fna.fbcdn.net/v/t51.2885-19/s150x150/66800331_1328159744020692_8812266382986051584_n.jpg?_nc_ht=instagram.fbga1-4.fna.fbcdn.net&_nc_ohc=ZwEd6lvZVm0AX8Hqz3-&oh=a7fa337e294e559dd777a9d166f99390&oe=5F9728A4",
            "username": "marsehernandes"
        },
        "likes_count": 1,
        "answers": []
    }
]