[
    {
        "id": 17860552906376658,
        "created_at": 1556747603,
        "text": "Igualmente p Uds tbn \ud83d\udc4d\ud83d\ude09\ud83d\ude18",
        "owner": {
            "id": "4220591894",
            "is_verified": false,
            "profile_pic_url": "https://instagram.fbga1-4.fna.fbcdn.net/v/t51.2885-19/s150x150/119785683_372715420425377_5120637903384292475_n.jpg?_nc_ht=instagram.fbga1-4.fna.fbcdn.net&_nc_ohc=FUo_GVCX4bgAX-cn89C&oh=2abab0aef8ada023979a7723b52d3b18&oe=5F98388A",
            "username": "stellalachikita2016"
        },
        "likes_count": 1,
        "answers": [
            {
                "id": 18063026014023758,
                "created_at": 1556912247,
                "text": "@stellalachikita2016 Muchas gracias! \u2764\ufe0f",
                "owner": {
                    "id": "208034677",
                    "is_verified": true,
                    "profile_pic_url": "https://instagram.fbga1-4.fna.fbcdn.net/v/t51.2885-19/s150x150/116713279_329296981536344_3404171181868667674_n.jpg?_nc_ht=instagram.fbga1-4.fna.fbcdn.net&_nc_ohc=e_8u8kf3ZDMAX9GL6vk&oh=cb797d66d56f5631c9bff6ad98af462e&oe=5F97C031",
                    "username": "epk"
                },
                "likes_count": 0
            }
        ]
    }
]