[
    {
        "id": 17983578484261310,
        "created_at": 1562164828,
        "text": "Isabela mazorra_modelkids.muy lindos\u2764",
        "owner": {
            "id": "14585912059",
            "is_verified": false,
            "profile_pic_url": "https://instagram.fbga1-4.fna.fbcdn.net/v/t51.2885-19/s150x150/109695470_645628909714814_2640778800750654563_n.jpg?_nc_ht=instagram.fbga1-4.fna.fbcdn.net&_nc_ohc=JtQijc30EiMAX-wrKjU&oh=ec85ce8828a5ffd14cac5f37a433890a&oe=5F97CB53",
            "username": "isabelamazorra_model"
        },
        "likes_count": 0,
        "answers": []
    },
    {
        "id": 17854015777461774,
        "created_at": 1562091116,
        "text": "Isabela mazorra_modelkids.que foto tan linda me encanta\u2764",
        "owner": {
            "id": "14585912059",
            "is_verified": false,
            "profile_pic_url": "https://instagram.fbga1-4.fna.fbcdn.net/v/t51.2885-19/s150x150/109695470_645628909714814_2640778800750654563_n.jpg?_nc_ht=instagram.fbga1-4.fna.fbcdn.net&_nc_ohc=JtQijc30EiMAX-wrKjU&oh=ec85ce8828a5ffd14cac5f37a433890a&oe=5F97CB53",
            "username": "isabelamazorra_model"
        },
        "likes_count": 0,
        "answers": []
    },
    {
        "id": 17898296443339593,
        "created_at": 1561680829,
        "text": "Gast\u00f3n es muy bello!!!",
        "owner": {
            "id": "375760050",
            "is_verified": false,
            "profile_pic_url": "https://instagram.fbga1-4.fna.fbcdn.net/v/t51.2885-19/10597461_553919671386925_1025138751_a.jpg?_nc_ht=instagram.fbga1-4.fna.fbcdn.net&_nc_ohc=a6loL_lV2bEAX9Kgvj6&oh=a23b696efeb5be8954ee4cf57b40037e&oe=5F987CD6",
            "username": "mariatsamper"
        },
        "likes_count": 0,
        "answers": [
            {
                "id": 18051929089095768,
                "created_at": 1562081390,
                "text": "@mariatsamper \ud83d\ude4c\ud83d\ude0a",
                "owner": {
                    "id": "208034677",
                    "is_verified": true,
                    "profile_pic_url": "https://instagram.fbga1-4.fna.fbcdn.net/v/t51.2885-19/s150x150/116713279_329296981536344_3404171181868667674_n.jpg?_nc_ht=instagram.fbga1-4.fna.fbcdn.net&_nc_ohc=e_8u8kf3ZDMAX9GL6vk&oh=cb797d66d56f5631c9bff6ad98af462e&oe=5F97C031",
                    "username": "epk"
                },
                "likes_count": 0
            }
        ]
    },
    {
        "id": 17984782444252481,
        "created_at": 1561676439,
        "text": "Que hermosossss\ud83d\udc9a\ud83d\udc9a",
        "owner": {
            "id": "9127849250",
            "is_verified": false,
            "profile_pic_url": "https://instagram.fbga1-4.fna.fbcdn.net/v/t51.2885-19/s150x150/102446465_1480818662110518_6915539903732252672_n.jpg?_nc_ht=instagram.fbga1-4.fna.fbcdn.net&_nc_ohc=vFjHHuM8WnUAX-YBYeb&oh=8392062319d66b86f8fcd7c26e7c7f3c&oe=5F95C4EF",
            "username": "zoe_selen_sarria"
        },
        "likes_count": 0,
        "answers": [
            {
                "id": 18052668565084527,
                "created_at": 1562081396,
                "text": "@zoe_selen_sarria gracias! \ud83d\udc9c",
                "owner": {
                    "id": "208034677",
                    "is_verified": true,
                    "profile_pic_url": "https://instagram.fbga1-4.fna.fbcdn.net/v/t51.2885-19/s150x150/116713279_329296981536344_3404171181868667674_n.jpg?_nc_ht=instagram.fbga1-4.fna.fbcdn.net&_nc_ohc=e_8u8kf3ZDMAX9GL6vk&oh=cb797d66d56f5631c9bff6ad98af462e&oe=5F97C031",
                    "username": "epk"
                },
                "likes_count": 0
            }
        ]
    }
]