[
    {
        "id": 18047075305045372,
        "created_at": 1552731042,
        "text": "Esta nueva colecci\u00f3n trae vestidos de ba\u00f1o para beb\u00e9s?",
        "owner": {
            "id": "8989399810",
            "is_verified": false,
            "profile_pic_url": "https://instagram.fbga1-4.fna.fbcdn.net/v/t51.2885-19/s150x150/116615496_2788367691269658_4331867294383188794_n.jpg?_nc_ht=instagram.fbga1-4.fna.fbcdn.net&_nc_ohc=0LO8_27srBYAX-XKrgk&oh=4d59f8852fe1e5ed7a7999dc67a4221e&oe=5F983DD3",
            "username": "salomeseverich"
        },
        "likes_count": 0,
        "answers": [
            {
                "id": 18052346935038660,
                "created_at": 1554409666,
                "text": "@salomeseverich Hola! te invitamos a visitarnos en www.epk.com!",
                "owner": {
                    "id": "208034677",
                    "is_verified": true,
                    "profile_pic_url": "https://instagram.fbga1-4.fna.fbcdn.net/v/t51.2885-19/s150x150/116713279_329296981536344_3404171181868667674_n.jpg?_nc_ht=instagram.fbga1-4.fna.fbcdn.net&_nc_ohc=e_8u8kf3ZDMAX9GL6vk&oh=cb797d66d56f5631c9bff6ad98af462e&oe=5F97C031",
                    "username": "epk"
                },
                "likes_count": 0
            }
        ]
    },
    {
        "id": 17869975315331101,
        "created_at": 1552693278,
        "text": "Buenas noches hice un pedido para que llegara. Antes de 4 horas y no me llego el pedido.",
        "owner": {
            "id": "286992182",
            "is_verified": false,
            "profile_pic_url": "https://instagram.fbga1-4.fna.fbcdn.net/v/t51.2885-19/s150x150/20180531_275113642966814_2441288298996432896_n.jpg?_nc_ht=instagram.fbga1-4.fna.fbcdn.net&_nc_ohc=-e8cKWUkYXUAX-AQH_0&oh=1d152a03b46fb0795def06cdba9db5b4&oe=5F96A748",
            "username": "gisellromero"
        },
        "likes_count": 0,
        "answers": [
            {
                "id": 18052594372051937,
                "created_at": 1554409699,
                "text": "Hola! @gisellromero , contactanos a info@epk.com con tus datos completos y con gusto te ayudaremos!",
                "owner": {
                    "id": "208034677",
                    "is_verified": true,
                    "profile_pic_url": "https://instagram.fbga1-4.fna.fbcdn.net/v/t51.2885-19/s150x150/116713279_329296981536344_3404171181868667674_n.jpg?_nc_ht=instagram.fbga1-4.fna.fbcdn.net&_nc_ohc=e_8u8kf3ZDMAX9GL6vk&oh=cb797d66d56f5631c9bff6ad98af462e&oe=5F97C031",
                    "username": "epk"
                },
                "likes_count": 0
            }
        ]
    }
]