[
    {
        "id": 18074081521147368,
        "created_at": 1572907591,
        "text": "Buenas a\u00fan tienen la chaqueta gracia talla 8 o 10",
        "owner": {
            "id": "3284852270",
            "is_verified": false,
            "profile_pic_url": "https://instagram.fbga1-4.fna.fbcdn.net/v/t51.2885-19/s150x150/13266738_1267324766628950_1655757084_a.jpg?_nc_ht=instagram.fbga1-4.fna.fbcdn.net&_nc_ohc=RLLd_yNLWKYAX8OWYLi&oh=7e1b3243ff54e0db9eb860c4965f0903&oe=5F975D85",
            "username": "pandalesmosquera"
        },
        "likes_count": 0,
        "answers": []
    },
    {
        "id": 17848850077404812,
        "created_at": 1555292589,
        "text": "@j_angola",
        "owner": {
            "id": "1509293245",
            "is_verified": false,
            "profile_pic_url": "https://instagram.fbga1-4.fna.fbcdn.net/v/t51.2885-19/s150x150/87500350_1043252316044488_6179011832045371392_n.jpg?_nc_ht=instagram.fbga1-4.fna.fbcdn.net&_nc_ohc=0znEgtNBEzEAX8PX_PT&oh=5394e3ea670fc5badbe4d0069e101a22&oe=5F977559",
            "username": "nuridelv"
        },
        "likes_count": 0,
        "answers": []
    },
    {
        "id": 18032374669052901,
        "created_at": 1549825422,
        "text": "\ud83d\ude18",
        "owner": {
            "id": "334585637",
            "is_verified": false,
            "profile_pic_url": "https://instagram.fbga1-4.fna.fbcdn.net/v/t51.2885-19/11313755_1619448234980254_2026265549_a.jpg?_nc_ht=instagram.fbga1-4.fna.fbcdn.net&_nc_ohc=6X1-O8EoJTgAX_o8TYY&oh=797a180b6ddbdbdfb71eb1324694ea14&oe=5F96445D",
            "username": "flatara"
        },
        "likes_count": 0,
        "answers": []
    }
]