[
    {
        "id": 17872251034675322,
        "created_at": 1587841260,
        "text": "??\ud83d\ude0dGracias epk. Bendiciones.",
        "owner": {
            "id": "2900065417",
            "is_verified": false,
            "profile_pic_url": "https://instagram.fbga1-4.fna.fbcdn.net/v/t51.2885-19/s150x150/12627828_1662164167384035_2058419399_a.jpg?_nc_ht=instagram.fbga1-4.fna.fbcdn.net&_nc_ohc=3QWSy2mJCfsAX_zoGn0&oh=c53487b0cb2421d5dc2e1d2dca06bb4a&oe=5F976D50",
            "username": "mariangel2459"
        },
        "likes_count": 0,
        "answers": []
    },
    {
        "id": 18010091731302517,
        "created_at": 1587841169,
        "text": "Gracias el. Bendiciones",
        "owner": {
            "id": "2900065417",
            "is_verified": false,
            "profile_pic_url": "https://instagram.fbga1-4.fna.fbcdn.net/v/t51.2885-19/s150x150/12627828_1662164167384035_2058419399_a.jpg?_nc_ht=instagram.fbga1-4.fna.fbcdn.net&_nc_ohc=3QWSy2mJCfsAX_zoGn0&oh=c53487b0cb2421d5dc2e1d2dca06bb4a&oe=5F976D50",
            "username": "mariangel2459"
        },
        "likes_count": 1,
        "answers": []
    },
    {
        "id": 17867583508739037,
        "created_at": 1587840671,
        "text": "Se los compr\u00e9 a mis nietas y se les ven preciosos.",
        "owner": {
            "id": "2900065417",
            "is_verified": false,
            "profile_pic_url": "https://instagram.fbga1-4.fna.fbcdn.net/v/t51.2885-19/s150x150/12627828_1662164167384035_2058419399_a.jpg?_nc_ht=instagram.fbga1-4.fna.fbcdn.net&_nc_ohc=3QWSy2mJCfsAX_zoGn0&oh=c53487b0cb2421d5dc2e1d2dca06bb4a&oe=5F976D50",
            "username": "mariangel2459"
        },
        "likes_count": 1,
        "answers": []
    },
    {
        "id": 17871940084380104,
        "created_at": 1559998597,
        "text": "Es bell\u00edsimo el vestido, un cl\u00e1sico de la infancia!",
        "owner": {
            "id": "222311886",
            "is_verified": false,
            "profile_pic_url": "https://instagram.fbga1-4.fna.fbcdn.net/v/t51.2885-19/s150x150/31556656_1908921189127881_4774622406029344768_n.jpg?_nc_ht=instagram.fbga1-4.fna.fbcdn.net&_nc_ohc=VVRPDsLZfZYAX9yLeZI&oh=4f29e20c334647ca3c0f5f380e04e7ce&oe=5F95BA1C",
            "username": "karimepzro"
        },
        "likes_count": 1,
        "answers": []
    },
    {
        "id": 17886391357358009,
        "created_at": 1559956848,
        "text": "hola buenas noches me pregunto si ustedes enviamos, nos entrega a Brasil",
        "owner": {
            "id": "3592916266",
            "is_verified": false,
            "profile_pic_url": "https://instagram.fbga1-4.fna.fbcdn.net/v/t51.2885-19/s150x150/101947589_1052047391881523_9086193104997842944_n.jpg?_nc_ht=instagram.fbga1-4.fna.fbcdn.net&_nc_ohc=DIiXHl7Qx8IAX_MvxKR&oh=ca9745a5bcec9a45557ca50df68c4f2b&oe=5F96F17C",
            "username": "liandraiaski"
        },
        "likes_count": 1,
        "answers": [
            {
                "id": 17901578110324926,
                "created_at": 1560184622,
                "text": "@liandraiaski Hola, Somos EPK Colombia y solo hacemos env\u00edos nacionales. Saludos!",
                "owner": {
                    "id": "208034677",
                    "is_verified": true,
                    "profile_pic_url": "https://instagram.fbga1-4.fna.fbcdn.net/v/t51.2885-19/s150x150/116713279_329296981536344_3404171181868667674_n.jpg?_nc_ht=instagram.fbga1-4.fna.fbcdn.net&_nc_ohc=e_8u8kf3ZDMAX9GL6vk&oh=cb797d66d56f5631c9bff6ad98af462e&oe=5F97C031",
                    "username": "epk"
                },
                "likes_count": 0
            }
        ]
    }
]