[
    {
        "id": 18005216245137438,
        "created_at": 1549753688,
        "text": "Buenas tardes quiero saber si puedo cambiar una prenda",
        "owner": {
            "id": "2108163437",
            "is_verified": false,
            "profile_pic_url": "https://instagram.fbga1-4.fna.fbcdn.net/v/t51.2885-19/s150x150/79273782_1172410606288754_3599024689575362560_n.jpg?_nc_ht=instagram.fbga1-4.fna.fbcdn.net&_nc_ohc=TGmqwc2MHOYAX-Th64C&oh=33aea6f2a875eaa62d72293e24f7d62b&oe=5F9768AD",
            "username": "princecita1909"
        },
        "likes_count": 0,
        "answers": []
    },
    {
        "id": 18031932496057528,
        "created_at": 1549722150,
        "text": "Esta lindo ese vestido, lo quiero \u2764\ufe0f\u2764\ufe0f\u2764\ufe0f",
        "owner": {
            "id": "8240338514",
            "is_verified": false,
            "profile_pic_url": "https://instagram.fbga1-4.fna.fbcdn.net/v/t51.2885-19/s150x150/50543173_383549965798731_77694429376282624_n.jpg?_nc_ht=instagram.fbga1-4.fna.fbcdn.net&_nc_ohc=VIFu5X9OVyoAX_Xpx8l&oh=d01b68f606b8545e798e2e9ccc3f021f&oe=5F97DE51",
            "username": "lachiquiari"
        },
        "likes_count": 0,
        "answers": []
    },
    {
        "id": 17956492504226131,
        "created_at": 1549669822,
        "text": "Divinoooooo\ud83d\ude0d",
        "owner": {
            "id": "9704074875",
            "is_verified": false,
            "profile_pic_url": "https://instagram.fbga1-4.fna.fbcdn.net/v/t51.2885-19/s150x150/47164391_1814691351992300_6035769222410272768_n.jpg?_nc_ht=instagram.fbga1-4.fna.fbcdn.net&_nc_ohc=wUQlSx6J2z0AX8HlRzd&oh=360a6707e3c500dd1dba945991f540c5&oe=5F96E9B6",
            "username": "soy_galilea"
        },
        "likes_count": 0,
        "answers": []
    },
    {
        "id": 17940051754255921,
        "created_at": 1549571256,
        "text": "Como hago para comprarlo estoy en Venezuela",
        "owner": {
            "id": "3254059171",
            "is_verified": false,
            "profile_pic_url": "https://instagram.fbga1-4.fna.fbcdn.net/v/t51.2885-19/s150x150/119075633_343118750204908_925529513407917862_n.jpg?_nc_ht=instagram.fbga1-4.fna.fbcdn.net&_nc_ohc=C7Z7MmdkkOcAX9M1HvA&oh=7be1cd09661e13e8bf1d54eb5a374333&oe=5F98218A",
            "username": "argelia1213"
        },
        "likes_count": 0,
        "answers": []
    },
    {
        "id": 17969606674206690,
        "created_at": 1549569008,
        "text": "Precio por favor",
        "owner": {
            "id": "9875237429",
            "is_verified": false,
            "profile_pic_url": "https://instagram.fbga1-4.fna.fbcdn.net/v/t51.2885-19/s150x150/46843094_343803199777404_7898103175515734016_n.jpg?_nc_ht=instagram.fbga1-4.fna.fbcdn.net&_nc_ohc=POt9QB7xjZMAX-kTONQ&oh=223655524dae76d9865356bb30bab9f1&oe=5F954763",
            "username": "shiomaramendozaalvarado"
        },
        "likes_count": 0,
        "answers": []
    },
    {
        "id": 18029050381035562,
        "created_at": 1549565165,
        "text": "HERMOSOOO...",
        "owner": {
            "id": "2040971381",
            "is_verified": false,
            "profile_pic_url": "https://instagram.fbga1-4.fna.fbcdn.net/v/t51.2885-19/s150x150/60070060_478167086323553_1103188145551179776_n.jpg?_nc_ht=instagram.fbga1-4.fna.fbcdn.net&_nc_ohc=XztupHYQYXcAX_QdAve&oh=29895f937187f48828d562db67c54ff0&oe=5F981214",
            "username": "marina_geraldin"
        },
        "likes_count": 0,
        "answers": []
    },
    {
        "id": 18005495494191448,
        "created_at": 1549560531,
        "text": "Hola este vestido lo encuentro en epk. Com??",
        "owner": {
            "id": "2509503461",
            "is_verified": false,
            "profile_pic_url": "https://instagram.fbga1-4.fna.fbcdn.net/v/t51.2885-19/s150x150/12383120_246176225726014_754580156_a.jpg?_nc_ht=instagram.fbga1-4.fna.fbcdn.net&_nc_ohc=2gNraX8CuOQAX-vmrjE&oh=b7a48a7bc897fe01f418f50ac3857a4e&oe=5F955E32",
            "username": "yiset_pico"
        },
        "likes_count": 0,
        "answers": []
    },
    {
        "id": 17956186852234527,
        "created_at": 1549558980,
        "text": "Est\u00e1 disponible en el centro comercial mayorca?",
        "owner": {
            "id": "2081281496",
            "is_verified": false,
            "profile_pic_url": "https://instagram.fbga1-4.fna.fbcdn.net/v/t51.2885-19/s150x150/120028584_322867332304167_7653131177962253582_n.jpg?_nc_ht=instagram.fbga1-4.fna.fbcdn.net&_nc_ohc=WLzsrDjscTAAX-xCvd4&oh=539f18b111e9893a6dcf19cf71a795a0&oe=5F976C19",
            "username": "lorelm23"
        },
        "likes_count": 1,
        "answers": [
            {
                "id": 17919436690283805,
                "created_at": 1551050256,
                "text": "@lorelm23 lo compr\u00e9 en Santa Fe \ud83d\ude42",
                "owner": {
                    "id": "1400989454",
                    "is_verified": false,
                    "profile_pic_url": "https://instagram.fbga1-4.fna.fbcdn.net/v/t51.2885-19/s150x150/106284015_3052481774873472_4643682039909564611_n.jpg?_nc_ht=instagram.fbga1-4.fna.fbcdn.net&_nc_ohc=GyOKvAHL738AX8cU2ML&oh=d3f78dbd77d2c8405940915d568b29c0&oe=5F968112",
                    "username": "adri2916"
                },
                "likes_count": 0
            }
        ]
    }
]