[
    {
        "id": 17864883136917566,
        "created_at": 1593828793,
        "text": "precio de la Bermuda",
        "owner": {
            "id": "13632180978",
            "is_verified": false,
            "profile_pic_url": "https://instagram.fbga1-4.fna.fbcdn.net/v/t51.2885-19/s150x150/60895815_325451691462525_8946768996166795264_n.jpg?_nc_ht=instagram.fbga1-4.fna.fbcdn.net&_nc_ohc=ANy9tvhYxoAAX_97G5z&oh=ab28da840cac0894ee3c80e12c7ec986&oe=5F94DFB1",
            "username": "martinezaldreys"
        },
        "likes_count": 0,
        "answers": []
    },
    {
        "id": 18017103085179605,
        "created_at": 1553437894,
        "text": "Todo hermoso y sin poder comprar en venezuela",
        "owner": {
            "id": "2057298208",
            "is_verified": false,
            "profile_pic_url": "https://instagram.fbga1-4.fna.fbcdn.net/v/t51.2885-19/s150x150/83977750_627928537983980_1224998430292574208_n.jpg?_nc_ht=instagram.fbga1-4.fna.fbcdn.net&_nc_ohc=YdsOYK79EWYAX9CBFXT&oh=bb78f4a9e2beff7951e9f9d659db7d76&oe=5F967877",
            "username": "verog20"
        },
        "likes_count": 0,
        "answers": []
    },
    {
        "id": 17925329479269487,
        "created_at": 1548099732,
        "text": "En donde est\u00e1n ubicados en Medell\u00edn..gracias",
        "owner": {
            "id": "1405884264",
            "is_verified": false,
            "profile_pic_url": "https://instagram.fbga1-4.fna.fbcdn.net/v/t51.2885-19/s150x150/74972253_541791943052023_7658655536128196608_n.jpg?_nc_ht=instagram.fbga1-4.fna.fbcdn.net&_nc_ohc=v4OI9tqfc7gAX__pto1&oh=f3e3b7c422390618c4143be3878e62b4&oe=5F9510C6",
            "username": "yespao07"
        },
        "likes_count": 0,
        "answers": [
            {
                "id": 17984809864199842,
                "created_at": 1548166464,
                "text": "@yespao07 hola, estamos en los siguientes centros comerciales: El Tesoro, Premium Plaza, Oviedo, Santafe, Molinos, Mayorca, San Diego, Unicentro y Plaza Del R\u00edo. Te esperamos!!",
                "owner": {
                    "id": "208034677",
                    "is_verified": true,
                    "profile_pic_url": "https://instagram.fbga1-4.fna.fbcdn.net/v/t51.2885-19/s150x150/116713279_329296981536344_3404171181868667674_n.jpg?_nc_ht=instagram.fbga1-4.fna.fbcdn.net&_nc_ohc=e_8u8kf3ZDMAX9GL6vk&oh=cb797d66d56f5631c9bff6ad98af462e&oe=5F97C031",
                    "username": "epk"
                },
                "likes_count": 0
            }
        ]
    },
    {
        "id": 18024447052008526,
        "created_at": 1548008512,
        "text": "\ud83d\ude0d\ud83d\ude0d\ud83d\ude0d\ud83d\ude0d",
        "owner": {
            "id": "3410045362",
            "is_verified": false,
            "profile_pic_url": "https://instagram.fbga1-4.fna.fbcdn.net/v/t51.2885-19/s150x150/84303162_486950428662362_5448198862885879808_n.jpg?_nc_ht=instagram.fbga1-4.fna.fbcdn.net&_nc_ohc=cBKquZ1QzJsAX8r0GsA&oh=96208d8f96e4911e31913d546641d3b3&oe=5F987860",
            "username": "ana_obando15"
        },
        "likes_count": 1,
        "answers": [
            {
                "id": 17917755529275177,
                "created_at": 1548166388,
                "text": "@ana_obando15 \u2764\ufe0f\u2764\ufe0f",
                "owner": {
                    "id": "208034677",
                    "is_verified": true,
                    "profile_pic_url": "https://instagram.fbga1-4.fna.fbcdn.net/v/t51.2885-19/s150x150/116713279_329296981536344_3404171181868667674_n.jpg?_nc_ht=instagram.fbga1-4.fna.fbcdn.net&_nc_ohc=e_8u8kf3ZDMAX9GL6vk&oh=cb797d66d56f5631c9bff6ad98af462e&oe=5F97C031",
                    "username": "epk"
                },
                "likes_count": 0
            }
        ]
    },
    {
        "id": 18000628795085004,
        "created_at": 1547953068,
        "text": "En que pa\u00edses los encuentro?",
        "owner": {
            "id": "1566101162",
            "is_verified": false,
            "profile_pic_url": "https://instagram.fbga1-4.fna.fbcdn.net/v/t51.2885-19/s150x150/22070009_119690282082764_6734529821302325248_n.jpg?_nc_ht=instagram.fbga1-4.fna.fbcdn.net&_nc_ohc=-FuM1vzi6NAAX-jmPfC&oh=ec3bcbda08d1cc98a0b9f6602f3b1c32&oe=5F985B06",
            "username": "angeles.kyta"
        },
        "likes_count": 0,
        "answers": [
            {
                "id": 17995339612177703,
                "created_at": 1548166382,
                "text": "@angeles.kyta hola!! Somos la cuenta oficial de EPK Colombia. \u2764\ufe0f",
                "owner": {
                    "id": "208034677",
                    "is_verified": true,
                    "profile_pic_url": "https://instagram.fbga1-4.fna.fbcdn.net/v/t51.2885-19/s150x150/116713279_329296981536344_3404171181868667674_n.jpg?_nc_ht=instagram.fbga1-4.fna.fbcdn.net&_nc_ohc=e_8u8kf3ZDMAX9GL6vk&oh=cb797d66d56f5631c9bff6ad98af462e&oe=5F97C031",
                    "username": "epk"
                },
                "likes_count": 0
            }
        ]
    },
    {
        "id": 18008482042100125,
        "created_at": 1547948242,
        "text": "\ud83d\ude02\ud83e\udd23\ud83e\udd23\ud83e\udd23\ud83e\udd23",
        "owner": {
            "id": "7696020609",
            "is_verified": false,
            "profile_pic_url": "https://instagram.fbga1-4.fna.fbcdn.net/v/t51.2885-19/s150x150/47251922_1863154063810658_533144503884709888_n.jpg?_nc_ht=instagram.fbga1-4.fna.fbcdn.net&_nc_ohc=2jSVChe40NEAX9_Joqf&oh=0d71119c7fce7e304620d06825e83b84&oe=5F94DF86",
            "username": "dionebetancourthmarin"
        },
        "likes_count": 0,
        "answers": []
    },
    {
        "id": 17963920033205926,
        "created_at": 1547904764,
        "text": "\ud83d\ude31\u2764\ufe0f\u2764\ufe0f",
        "owner": {
            "id": "290829296",
            "is_verified": false,
            "profile_pic_url": "https://instagram.fbga1-4.fna.fbcdn.net/v/t51.2885-19/s150x150/15801950_1759083864416782_8968928325879726080_a.jpg?_nc_ht=instagram.fbga1-4.fna.fbcdn.net&_nc_ohc=Li8Orjxh_r0AX_FpqmB&oh=3dc0965ed12ac528b4cfd243343812c9&oe=5F977576",
            "username": "jeimidand"
        },
        "likes_count": 0,
        "answers": [
            {
                "id": 18009798979108051,
                "created_at": 1548166318,
                "text": "@jeimidand \u2764\ufe0f\u2764\ufe0f",
                "owner": {
                    "id": "208034677",
                    "is_verified": true,
                    "profile_pic_url": "https://instagram.fbga1-4.fna.fbcdn.net/v/t51.2885-19/s150x150/116713279_329296981536344_3404171181868667674_n.jpg?_nc_ht=instagram.fbga1-4.fna.fbcdn.net&_nc_ohc=e_8u8kf3ZDMAX9GL6vk&oh=cb797d66d56f5631c9bff6ad98af462e&oe=5F97C031",
                    "username": "epk"
                },
                "likes_count": 0
            }
        ]
    },
    {
        "id": 17903164381286525,
        "created_at": 1547900750,
        "text": "Enperu donde lo puedo encontrar sus ptoductos",
        "owner": {
            "id": "6687470516",
            "is_verified": false,
            "profile_pic_url": "https://instagram.fbga1-4.fna.fbcdn.net/v/t51.2885-19/s150x150/100982430_744172942789264_4167723452427403264_n.jpg?_nc_ht=instagram.fbga1-4.fna.fbcdn.net&_nc_ohc=xpT8jzeHKFAAX8Iwgau&oh=091cd09b47fa8f80c781bbec1c96d5f7&oe=5F955D90",
            "username": "silvanacruz795"
        },
        "likes_count": 0,
        "answers": [
            {
                "id": 17907411754282805,
                "created_at": 1548166294,
                "text": "@silvanacruz795 hola!! Somos la cuenta oficial de EPK Colombia! Saludos \u2764\ufe0f\u2764\ufe0f",
                "owner": {
                    "id": "208034677",
                    "is_verified": true,
                    "profile_pic_url": "https://instagram.fbga1-4.fna.fbcdn.net/v/t51.2885-19/s150x150/116713279_329296981536344_3404171181868667674_n.jpg?_nc_ht=instagram.fbga1-4.fna.fbcdn.net&_nc_ohc=e_8u8kf3ZDMAX9GL6vk&oh=cb797d66d56f5631c9bff6ad98af462e&oe=5F97C031",
                    "username": "epk"
                },
                "likes_count": 0
            }
        ]
    },
    {
        "id": 17998718281136483,
        "created_at": 1547894180,
        "text": "@khristian2418",
        "owner": {
            "id": "533639095",
            "is_verified": false,
            "profile_pic_url": "https://instagram.fbga1-4.fna.fbcdn.net/v/t51.2885-19/s150x150/57462984_2003326723310482_6926852151805214720_n.jpg?_nc_ht=instagram.fbga1-4.fna.fbcdn.net&_nc_ohc=QLiC4X9yRikAX9VYoqd&oh=a107c63460e35b50414d5b032293b0c5&oe=5F967B8A",
            "username": "jdiazn"
        },
        "likes_count": 0,
        "answers": [
            {
                "id": 18020898595067382,
                "created_at": 1548166266,
                "text": "@jdiazn \u2764\ufe0f\ud83d\ude0a",
                "owner": {
                    "id": "208034677",
                    "is_verified": true,
                    "profile_pic_url": "https://instagram.fbga1-4.fna.fbcdn.net/v/t51.2885-19/s150x150/116713279_329296981536344_3404171181868667674_n.jpg?_nc_ht=instagram.fbga1-4.fna.fbcdn.net&_nc_ohc=e_8u8kf3ZDMAX9GL6vk&oh=cb797d66d56f5631c9bff6ad98af462e&oe=5F97C031",
                    "username": "epk"
                },
                "likes_count": 0
            }
        ]
    },
    {
        "id": 17868496861307746,
        "created_at": 1547869279,
        "text": "Hay me mor\u00ed q hermosura en quito hay esas mismas prendas",
        "owner": {
            "id": "2016161016",
            "is_verified": false,
            "profile_pic_url": "https://instagram.fbga1-4.fna.fbcdn.net/v/t51.2885-19/s150x150/119387897_4619408168100140_2736658079622016853_n.jpg?_nc_ht=instagram.fbga1-4.fna.fbcdn.net&_nc_ohc=Qw4xSKn9m1wAX8UH7CS&oh=2455b813b9716a81ba76281c7944c594&oe=5F963DB0",
            "username": "vivianagaleano16"
        },
        "likes_count": 0,
        "answers": [
            {
                "id": 17843882536351777,
                "created_at": 1548166263,
                "text": "@vivianagaleano16 hola! Somos la cuenta oficial de EPK Colombia! Feliz d\u00eda \u2764\ufe0f",
                "owner": {
                    "id": "208034677",
                    "is_verified": true,
                    "profile_pic_url": "https://instagram.fbga1-4.fna.fbcdn.net/v/t51.2885-19/s150x150/116713279_329296981536344_3404171181868667674_n.jpg?_nc_ht=instagram.fbga1-4.fna.fbcdn.net&_nc_ohc=e_8u8kf3ZDMAX9GL6vk&oh=cb797d66d56f5631c9bff6ad98af462e&oe=5F97C031",
                    "username": "epk"
                },
                "likes_count": 1
            }
        ]
    },
    {
        "id": 17924564248269663,
        "created_at": 1547868121,
        "text": "Precio del camibusoanga larga azul con rojo??",
        "owner": {
            "id": "1634725338",
            "is_verified": false,
            "profile_pic_url": "https://instagram.fbga1-4.fna.fbcdn.net/v/t51.2885-19/s150x150/105976654_284766722648760_3835056512938144449_n.jpg?_nc_ht=instagram.fbga1-4.fna.fbcdn.net&_nc_ohc=z_sm4pP2ps0AX-1xdHH&oh=5de154d7f4fe65c990f96f260e609c06&oe=5F956E12",
            "username": "vanessa_salas96"
        },
        "likes_count": 0,
        "answers": [
            {
                "id": 17996398849179790,
                "created_at": 1548166246,
                "text": "@vanessa_salas96 hola!! Descubre todos nuestros precios en epk.com \u2764\ufe0f",
                "owner": {
                    "id": "208034677",
                    "is_verified": true,
                    "profile_pic_url": "https://instagram.fbga1-4.fna.fbcdn.net/v/t51.2885-19/s150x150/116713279_329296981536344_3404171181868667674_n.jpg?_nc_ht=instagram.fbga1-4.fna.fbcdn.net&_nc_ohc=e_8u8kf3ZDMAX9GL6vk&oh=cb797d66d56f5631c9bff6ad98af462e&oe=5F97C031",
                    "username": "epk"
                },
                "likes_count": 0
            }
        ]
    },
    {
        "id": 18008030344128133,
        "created_at": 1547864797,
        "text": "Hermosos\ud83d\ude04",
        "owner": {
            "id": "267996485",
            "is_verified": false,
            "profile_pic_url": "https://instagram.fbga1-4.fna.fbcdn.net/v/t51.2885-19/s150x150/118920355_161121172350508_2877390071610158590_n.jpg?_nc_ht=instagram.fbga1-4.fna.fbcdn.net&_nc_ohc=hAtscCeXmHIAX9xL7dD&oh=9916f54cd6b5cbb1bfbf90560a7fca48&oe=5F98102D",
            "username": "marlenycanoyepes"
        },
        "likes_count": 0,
        "answers": [
            {
                "id": 17998628854187094,
                "created_at": 1548166228,
                "text": "@manualidadeslenny gracias!!",
                "owner": {
                    "id": "208034677",
                    "is_verified": true,
                    "profile_pic_url": "https://instagram.fbga1-4.fna.fbcdn.net/v/t51.2885-19/s150x150/116713279_329296981536344_3404171181868667674_n.jpg?_nc_ht=instagram.fbga1-4.fna.fbcdn.net&_nc_ohc=e_8u8kf3ZDMAX9GL6vk&oh=cb797d66d56f5631c9bff6ad98af462e&oe=5F97C031",
                    "username": "epk"
                },
                "likes_count": 0
            }
        ]
    },
    {
        "id": 18019621591071877,
        "created_at": 1547864797,
        "text": "Mis bebes visten epk",
        "owner": {
            "id": "2290434073",
            "is_verified": false,
            "profile_pic_url": "https://instagram.fbga1-4.fna.fbcdn.net/v/t51.2885-19/s150x150/62184269_2111661939130889_2623386133433679872_n.jpg?_nc_ht=instagram.fbga1-4.fna.fbcdn.net&_nc_ohc=Cv2oR5ynYaAAX_XCMvn&oh=1e985b6cabd80a790e0b62ed33f3c221&oe=5F986C71",
            "username": "juliaytebi"
        },
        "likes_count": 0,
        "answers": [
            {
                "id": 17998557871139519,
                "created_at": 1548166233,
                "text": "@juliaytebi \ud83e\udde1\ud83d\ude0a\u2764\ufe0f",
                "owner": {
                    "id": "208034677",
                    "is_verified": true,
                    "profile_pic_url": "https://instagram.fbga1-4.fna.fbcdn.net/v/t51.2885-19/s150x150/116713279_329296981536344_3404171181868667674_n.jpg?_nc_ht=instagram.fbga1-4.fna.fbcdn.net&_nc_ohc=e_8u8kf3ZDMAX9GL6vk&oh=cb797d66d56f5631c9bff6ad98af462e&oe=5F97C031",
                    "username": "epk"
                },
                "likes_count": 1
            }
        ]
    },
    {
        "id": 17868505165307694,
        "created_at": 1547862945,
        "text": "\u00a1Extra\u00f1amos #EPK en #Maracaibo! \ud83d\ude0d",
        "owner": {
            "id": "5785736564",
            "is_verified": false,
            "profile_pic_url": "https://instagram.fbga1-4.fna.fbcdn.net/v/t51.2885-19/s150x150/79319797_453945065252977_844476508394225664_n.jpg?_nc_ht=instagram.fbga1-4.fna.fbcdn.net&_nc_ohc=k9rDRHCwmb4AX_KKCuD&oh=e92d7c7d910308a13d49e6b8fa4296ff&oe=5F95D424",
            "username": "soymirandaavril"
        },
        "likes_count": 0,
        "answers": [
            {
                "id": 18026106250039454,
                "created_at": 1548175487,
                "text": "@epk Lo s\u00e9. Ojal\u00e1 cuando caiga la dictadura esta marca regrese a Venezuela.",
                "owner": {
                    "id": "5785736564",
                    "is_verified": false,
                    "profile_pic_url": "https://instagram.fbga1-4.fna.fbcdn.net/v/t51.2885-19/s150x150/79319797_453945065252977_844476508394225664_n.jpg?_nc_ht=instagram.fbga1-4.fna.fbcdn.net&_nc_ohc=k9rDRHCwmb4AX_KKCuD&oh=e92d7c7d910308a13d49e6b8fa4296ff&oe=5F95D424",
                    "username": "soymirandaavril"
                },
                "likes_count": 0
            },
            {
                "id": 17991310312165306,
                "created_at": 1548166225,
                "text": "@soymirandaavril Hola! Gracias por tu mensaje!! Somos la cuenta oficial de EPK Colombia. Feliz d\u00eda \u2764\ufe0f",
                "owner": {
                    "id": "208034677",
                    "is_verified": true,
                    "profile_pic_url": "https://instagram.fbga1-4.fna.fbcdn.net/v/t51.2885-19/s150x150/116713279_329296981536344_3404171181868667674_n.jpg?_nc_ht=instagram.fbga1-4.fna.fbcdn.net&_nc_ohc=e_8u8kf3ZDMAX9GL6vk&oh=cb797d66d56f5631c9bff6ad98af462e&oe=5F97C031",
                    "username": "epk"
                },
                "likes_count": 1
            }
        ]
    },
    {
        "id": 17950599400225098,
        "created_at": 1547857218,
        "text": "@andre_0215 @andrepardob Quieroooo",
        "owner": {
            "id": "2235044360",
            "is_verified": false,
            "profile_pic_url": "https://instagram.fbga1-4.fna.fbcdn.net/v/t51.2885-19/s150x150/59375169_2266680440263550_1696328777010774016_n.jpg?_nc_ht=instagram.fbga1-4.fna.fbcdn.net&_nc_ohc=jyrs6qL0cYcAX8kduqv&oh=57561ff6ab1007daf623f4fdece650a9&oe=5F980CCD",
            "username": "silviaju18"
        },
        "likes_count": 2,
        "answers": [
            {
                "id": 17960266408219450,
                "created_at": 1548166494,
                "text": "@silviaju18 \u2764\ufe0f\ud83d\ude0a\ud83d\ude4c",
                "owner": {
                    "id": "208034677",
                    "is_verified": true,
                    "profile_pic_url": "https://instagram.fbga1-4.fna.fbcdn.net/v/t51.2885-19/s150x150/116713279_329296981536344_3404171181868667674_n.jpg?_nc_ht=instagram.fbga1-4.fna.fbcdn.net&_nc_ohc=e_8u8kf3ZDMAX9GL6vk&oh=cb797d66d56f5631c9bff6ad98af462e&oe=5F97C031",
                    "username": "epk"
                },
                "likes_count": 0
            }
        ]
    },
    {
        "id": 17996511715135635,
        "created_at": 1547856066,
        "text": "@epk cuando volver\u00e1n a apertura la tienda en Sambil Maracaibo y Lago Mall\ud83d\ude14\ud83d\ude14 quiere comprarle ropita a mi principe en epk\ud83d\udc99",
        "owner": {
            "id": "631546521",
            "is_verified": false,
            "profile_pic_url": "https://instagram.fbga1-4.fna.fbcdn.net/v/t51.2885-19/s150x150/72657012_2496380587111696_4586962825166979072_n.jpg?_nc_ht=instagram.fbga1-4.fna.fbcdn.net&_nc_ohc=DaMSEwmEAlEAX_XkcH8&oh=657b304bcbdccaa3d7ed743d19c39544&oe=5F96F270",
            "username": "emigarcia19"
        },
        "likes_count": 0,
        "answers": [
            {
                "id": 17995888105151996,
                "created_at": 1548166154,
                "text": "@emigarcia19 Hola! Somos la cuenta oficial de EPK Colombia. Gracias por tu mensaje\u2764\ufe0f",
                "owner": {
                    "id": "208034677",
                    "is_verified": true,
                    "profile_pic_url": "https://instagram.fbga1-4.fna.fbcdn.net/v/t51.2885-19/s150x150/116713279_329296981536344_3404171181868667674_n.jpg?_nc_ht=instagram.fbga1-4.fna.fbcdn.net&_nc_ohc=e_8u8kf3ZDMAX9GL6vk&oh=cb797d66d56f5631c9bff6ad98af462e&oe=5F97C031",
                    "username": "epk"
                },
                "likes_count": 0
            }
        ]
    },
    {
        "id": 17843604025350470,
        "created_at": 1547854861,
        "text": "@gisselaeslava",
        "owner": {
            "id": "558601156",
            "is_verified": false,
            "profile_pic_url": "https://instagram.fbga1-4.fna.fbcdn.net/v/t51.2885-19/s150x150/117344836_765853357499804_8673340915292406276_n.jpg?_nc_ht=instagram.fbga1-4.fna.fbcdn.net&_nc_ohc=KqadOprbLi0AX_p_b5w&oh=6517fed1adf2e27892a3e4802dca2d51&oe=5F97D12F",
            "username": "osoriojessi_"
        },
        "likes_count": 0,
        "answers": [
            {
                "id": 18024496318023060,
                "created_at": 1548166136,
                "text": "@osorio_jessi \u2764\ufe0f",
                "owner": {
                    "id": "208034677",
                    "is_verified": true,
                    "profile_pic_url": "https://instagram.fbga1-4.fna.fbcdn.net/v/t51.2885-19/s150x150/116713279_329296981536344_3404171181868667674_n.jpg?_nc_ht=instagram.fbga1-4.fna.fbcdn.net&_nc_ohc=e_8u8kf3ZDMAX9GL6vk&oh=cb797d66d56f5631c9bff6ad98af462e&oe=5F97C031",
                    "username": "epk"
                },
                "likes_count": 0
            }
        ]
    },
    {
        "id": 18011297659098965,
        "created_at": 1547851334,
        "text": "Hermosooo todooo \ud83d\ude0d\ud83d\ude0d\ud83d\ude0d",
        "owner": {
            "id": "8697399376",
            "is_verified": false,
            "profile_pic_url": "https://instagram.fbga1-4.fna.fbcdn.net/v/t51.2885-19/s150x150/71512384_730319217395398_3850587263473811456_n.jpg?_nc_ht=instagram.fbga1-4.fna.fbcdn.net&_nc_ohc=CwkfgsjYODEAX_s6Q1P&oh=f60dd7c5ef5c0e62f7e85d19ecc3f1f9&oe=5F95D03B",
            "username": "claudiaarenastru"
        },
        "likes_count": 0,
        "answers": [
            {
                "id": 17963857339200299,
                "created_at": 1548166134,
                "text": "@claudiaarenastru gracias\u2764\ufe0f\u2764\ufe0f",
                "owner": {
                    "id": "208034677",
                    "is_verified": true,
                    "profile_pic_url": "https://instagram.fbga1-4.fna.fbcdn.net/v/t51.2885-19/s150x150/116713279_329296981536344_3404171181868667674_n.jpg?_nc_ht=instagram.fbga1-4.fna.fbcdn.net&_nc_ohc=e_8u8kf3ZDMAX9GL6vk&oh=cb797d66d56f5631c9bff6ad98af462e&oe=5F97C031",
                    "username": "epk"
                },
                "likes_count": 0
            }
        ]
    },
    {
        "id": 18007320865106883,
        "created_at": 1547851093,
        "text": "@epk tienen tienda en Brasil? Por favor respondan \ud83e\udd17\ud83e\udd17\ud83e\udd17",
        "owner": {
            "id": "5855230269",
            "is_verified": false,
            "profile_pic_url": "https://scontent-mad1-1.cdninstagram.com/v/t51.2885-19/44884218_345707102882519_2446069589734326272_n.jpg?_nc_ad=z-m&_nc_ht=scontent-mad1-1.cdninstagram.com&_nc_ohc=RLYRR3IenIMAX_q_Y4X&oh=14cc236acf4fac030671419db1bb173a&oe=5F96310F&ig_cache_key=YW5vbnltb3VzX3Byb2ZpbGVfcGlj.2",
            "username": "carkit000"
        },
        "likes_count": 0,
        "answers": [
            {
                "id": 17925553879266009,
                "created_at": 1548166117,
                "text": "@carkit000 hola!! Somos la cuenta oficial de EPK Colombia. Gracias por escribirnos \u2764\ufe0f\u2764\ufe0f",
                "owner": {
                    "id": "208034677",
                    "is_verified": true,
                    "profile_pic_url": "https://instagram.fbga1-4.fna.fbcdn.net/v/t51.2885-19/s150x150/116713279_329296981536344_3404171181868667674_n.jpg?_nc_ht=instagram.fbga1-4.fna.fbcdn.net&_nc_ohc=e_8u8kf3ZDMAX9GL6vk&oh=cb797d66d56f5631c9bff6ad98af462e&oe=5F97C031",
                    "username": "epk"
                },
                "likes_count": 0
            }
        ]
    },
    {
        "id": 17892244303290846,
        "created_at": 1547847573,
        "text": "Domicilios al todo el pa\u00eds hacen??",
        "owner": {
            "id": "1248832874",
            "is_verified": false,
            "profile_pic_url": "https://instagram.fbga1-4.fna.fbcdn.net/v/t51.2885-19/s150x150/93086005_640282900160020_809937566810767360_n.jpg?_nc_ht=instagram.fbga1-4.fna.fbcdn.net&_nc_ohc=FL_ZRLuJFrQAX_FUq-g&oh=39483318bc5e6b4ea8ec45c8e98b4125&oe=5F981774",
            "username": "yadyhiguera"
        },
        "likes_count": 4,
        "answers": [
            {
                "id": 18025120468003017,
                "created_at": 1548166532,
                "text": "@yadyhiguera Hola!! Puedes hacer tu compra en epk.com y ser\u00e1 enviada a tu direcci\u00f3n elegida. Saludos! \u2764\ufe0f",
                "owner": {
                    "id": "208034677",
                    "is_verified": true,
                    "profile_pic_url": "https://instagram.fbga1-4.fna.fbcdn.net/v/t51.2885-19/s150x150/116713279_329296981536344_3404171181868667674_n.jpg?_nc_ht=instagram.fbga1-4.fna.fbcdn.net&_nc_ohc=e_8u8kf3ZDMAX9GL6vk&oh=cb797d66d56f5631c9bff6ad98af462e&oe=5F97C031",
                    "username": "epk"
                },
                "likes_count": 4
            }
        ]
    },
    {
        "id": 17993388739144871,
        "created_at": 1547847457,
        "text": "Epk siempre contando una historia en cada una de sus prendas.. siempre vendiendo emociones.. Aun recuerdo la pasi\u00f3n qie sentia al realizar cada montaje de tienda en mi hermoso pais del cual se marcho esta increible marca. . #EPKVZLA",
        "owner": {
            "id": "8931150936",
            "is_verified": false,
            "profile_pic_url": "https://instagram.fbga1-4.fna.fbcdn.net/v/t51.2885-19/s150x150/43984802_309120486568276_3910926653424926720_n.jpg?_nc_ht=instagram.fbga1-4.fna.fbcdn.net&_nc_ohc=pLO3uUOMfEoAX9mUX2d&oh=bcfd32fe310355425a8b87e7f0d89130&oe=5F953E89",
            "username": "lmf_opticas"
        },
        "likes_count": 0,
        "answers": [
            {
                "id": 18001582687083623,
                "created_at": 1548166098,
                "text": "@lmf_opticas \u2764\ufe0f\u2764\ufe0f\u2764\ufe0f",
                "owner": {
                    "id": "208034677",
                    "is_verified": true,
                    "profile_pic_url": "https://instagram.fbga1-4.fna.fbcdn.net/v/t51.2885-19/s150x150/116713279_329296981536344_3404171181868667674_n.jpg?_nc_ht=instagram.fbga1-4.fna.fbcdn.net&_nc_ohc=e_8u8kf3ZDMAX9GL6vk&oh=cb797d66d56f5631c9bff6ad98af462e&oe=5F97C031",
                    "username": "epk"
                },
                "likes_count": 0
            }
        ]
    },
    {
        "id": 17856752332320762,
        "created_at": 1547847394,
        "text": "Hola donde queda epk en Panam\u00e1",
        "owner": {
            "id": "4294899636",
            "is_verified": false,
            "profile_pic_url": "https://instagram.fbga1-4.fna.fbcdn.net/v/t51.2885-19/s150x150/115800576_3093649167380745_4652642615570019210_n.jpg?_nc_ht=instagram.fbga1-4.fna.fbcdn.net&_nc_ohc=INQuxTALJFMAX_80Kql&oh=00bff31486d3f7d954448505d2f99d8e&oe=5F9721E0",
            "username": "oli_ruiz23"
        },
        "likes_count": 0,
        "answers": [
            {
                "id": 17858771077322013,
                "created_at": 1548166093,
                "text": "@oli_ruiz23 Hola!! Somos la cuenta oficial de EPK Colombia. Gracias por su mensaje. \u2764\ufe0f",
                "owner": {
                    "id": "208034677",
                    "is_verified": true,
                    "profile_pic_url": "https://instagram.fbga1-4.fna.fbcdn.net/v/t51.2885-19/s150x150/116713279_329296981536344_3404171181868667674_n.jpg?_nc_ht=instagram.fbga1-4.fna.fbcdn.net&_nc_ohc=e_8u8kf3ZDMAX9GL6vk&oh=cb797d66d56f5631c9bff6ad98af462e&oe=5F97C031",
                    "username": "epk"
                },
                "likes_count": 0
            }
        ]
    },
    {
        "id": 17993565793154079,
        "created_at": 1547846968,
        "text": "Divino",
        "owner": {
            "id": "4275819943",
            "is_verified": false,
            "profile_pic_url": "https://instagram.fbga1-4.fna.fbcdn.net/v/t51.2885-19/s150x150/16906591_263471560763743_2085736943294873600_a.jpg?_nc_ht=instagram.fbga1-4.fna.fbcdn.net&_nc_ohc=PAsE1xbrZVUAX8lBXzt&oh=a5ade148a6216e09d8d0489bb5712d5d&oe=5F97A1A1",
            "username": "pahola_saenz"
        },
        "likes_count": 0,
        "answers": [
            {
                "id": 17917350676276045,
                "created_at": 1548166067,
                "text": "@pahola_saenz gracias!\ud83d\udc9c",
                "owner": {
                    "id": "208034677",
                    "is_verified": true,
                    "profile_pic_url": "https://instagram.fbga1-4.fna.fbcdn.net/v/t51.2885-19/s150x150/116713279_329296981536344_3404171181868667674_n.jpg?_nc_ht=instagram.fbga1-4.fna.fbcdn.net&_nc_ohc=e_8u8kf3ZDMAX9GL6vk&oh=cb797d66d56f5631c9bff6ad98af462e&oe=5F97C031",
                    "username": "epk"
                },
                "likes_count": 0
            }
        ]
    },
    {
        "id": 17933540311247019,
        "created_at": 1547846912,
        "text": "@beardgzv mam\u00e1 miraaaa el para\u00edso para andres",
        "owner": {
            "id": "1364589921",
            "is_verified": false,
            "profile_pic_url": "https://instagram.fbga1-4.fna.fbcdn.net/v/t51.2885-19/s150x150/46215004_354132055414514_53368932907614208_n.jpg?_nc_ht=instagram.fbga1-4.fna.fbcdn.net&_nc_ohc=ZxLac8Kk9QoAX8qJSwf&oh=3ea0b7be7c8109ff0907dcd284641682&oe=5F96E738",
            "username": "marialerx2"
        },
        "likes_count": 0,
        "answers": [
            {
                "id": 17904135955287575,
                "created_at": 1548166063,
                "text": "@marialerx2 \ud83d\ude0a\ud83d\ude4c\u2764\ufe0f",
                "owner": {
                    "id": "208034677",
                    "is_verified": true,
                    "profile_pic_url": "https://instagram.fbga1-4.fna.fbcdn.net/v/t51.2885-19/s150x150/116713279_329296981536344_3404171181868667674_n.jpg?_nc_ht=instagram.fbga1-4.fna.fbcdn.net&_nc_ohc=e_8u8kf3ZDMAX9GL6vk&oh=cb797d66d56f5631c9bff6ad98af462e&oe=5F97C031",
                    "username": "epk"
                },
                "likes_count": 0
            }
        ]
    },
    {
        "id": 17892545392293305,
        "created_at": 1547845899,
        "text": "@ximena_samu24",
        "owner": {
            "id": "10233041778",
            "is_verified": false,
            "profile_pic_url": "https://instagram.fbga1-4.fna.fbcdn.net/v/t51.2885-19/s150x150/119711933_1252465395102229_6181198247303767223_n.jpg?_nc_ht=instagram.fbga1-4.fna.fbcdn.net&_nc_ohc=MzHM58jhaQIAX_422Mo&oh=d30d2dd8d43be98ed7d9f93b64db88e3&oe=5F96C1B4",
            "username": "angie_garcia2416"
        },
        "likes_count": 0,
        "answers": [
            {
                "id": 18010395181107308,
                "created_at": 1548166057,
                "text": "@angasamu24 \u2764\ufe0f\u2764\ufe0f\u2764\ufe0f",
                "owner": {
                    "id": "208034677",
                    "is_verified": true,
                    "profile_pic_url": "https://instagram.fbga1-4.fna.fbcdn.net/v/t51.2885-19/s150x150/116713279_329296981536344_3404171181868667674_n.jpg?_nc_ht=instagram.fbga1-4.fna.fbcdn.net&_nc_ohc=e_8u8kf3ZDMAX9GL6vk&oh=cb797d66d56f5631c9bff6ad98af462e&oe=5F97C031",
                    "username": "epk"
                },
                "likes_count": 0
            }
        ]
    },
    {
        "id": 17916140173275050,
        "created_at": 1547845883,
        "text": "ximena_samu24",
        "owner": {
            "id": "10233041778",
            "is_verified": false,
            "profile_pic_url": "https://instagram.fbga1-4.fna.fbcdn.net/v/t51.2885-19/s150x150/119711933_1252465395102229_6181198247303767223_n.jpg?_nc_ht=instagram.fbga1-4.fna.fbcdn.net&_nc_ohc=MzHM58jhaQIAX_422Mo&oh=d30d2dd8d43be98ed7d9f93b64db88e3&oe=5F96C1B4",
            "username": "angie_garcia2416"
        },
        "likes_count": 0,
        "answers": []
    },
    {
        "id": 17986223119169504,
        "created_at": 1547845806,
        "text": "@jose_de_aguas",
        "owner": {
            "id": "1249506932",
            "is_verified": false,
            "profile_pic_url": "https://instagram.fbga1-4.fna.fbcdn.net/v/t51.2885-19/s150x150/66840278_666659587177638_2189976113101406208_n.jpg?_nc_ht=instagram.fbga1-4.fna.fbcdn.net&_nc_ohc=9aZP5V731UYAX_Ar69z&oh=eac96ae8f76ea0d3bd0069eef42fd72a&oe=5F952BA7",
            "username": "linasanchez01"
        },
        "likes_count": 2,
        "answers": [
            {
                "id": 18010597891096826,
                "created_at": 1548166491,
                "text": "@linasanchez01 \ud83d\ude0a\ud83d\ude4c",
                "owner": {
                    "id": "208034677",
                    "is_verified": true,
                    "profile_pic_url": "https://instagram.fbga1-4.fna.fbcdn.net/v/t51.2885-19/s150x150/116713279_329296981536344_3404171181868667674_n.jpg?_nc_ht=instagram.fbga1-4.fna.fbcdn.net&_nc_ohc=e_8u8kf3ZDMAX9GL6vk&oh=cb797d66d56f5631c9bff6ad98af462e&oe=5F97C031",
                    "username": "epk"
                },
                "likes_count": 0
            }
        ]
    },
    {
        "id": 17992086640155799,
        "created_at": 1547845587,
        "text": "@lopezcleyver \ud83d\ude0d",
        "owner": {
            "id": "754726927",
            "is_verified": false,
            "profile_pic_url": "https://instagram.fbga1-4.fna.fbcdn.net/v/t51.2885-19/s150x150/105968644_2036514919826693_8381824657315965182_n.jpg?_nc_ht=instagram.fbga1-4.fna.fbcdn.net&_nc_ohc=Hvp6XGZoRpUAX8178jG&oh=875bf34738ebae3b05ef3f4c854855a2&oe=5F989105",
            "username": "bellof_j"
        },
        "likes_count": 0,
        "answers": [
            {
                "id": 17997948760189649,
                "created_at": 1548166053,
                "text": "@bellof_j \u2764\ufe0f\ud83d\ude0a",
                "owner": {
                    "id": "208034677",
                    "is_verified": true,
                    "profile_pic_url": "https://instagram.fbga1-4.fna.fbcdn.net/v/t51.2885-19/s150x150/116713279_329296981536344_3404171181868667674_n.jpg?_nc_ht=instagram.fbga1-4.fna.fbcdn.net&_nc_ohc=e_8u8kf3ZDMAX9GL6vk&oh=cb797d66d56f5631c9bff6ad98af462e&oe=5F97C031",
                    "username": "epk"
                },
                "likes_count": 0
            }
        ]
    },
    {
        "id": 17999980660089854,
        "created_at": 1547845338,
        "text": "@loredelahozp \ud83d\ude0d\ud83d\ude0d",
        "owner": {
            "id": "1563691526",
            "is_verified": false,
            "profile_pic_url": "https://instagram.fbga1-4.fna.fbcdn.net/v/t51.2885-19/s150x150/13658441_711767025627976_1915438218_a.jpg?_nc_ht=instagram.fbga1-4.fna.fbcdn.net&_nc_ohc=nbUbhftyvnoAX9Ah7Cp&oh=c33918fa86fb544b4069580305a94499&oe=5F9545CE",
            "username": "jenniferpatriciadelahozpolo"
        },
        "likes_count": 2,
        "answers": [
            {
                "id": 17932035952261427,
                "created_at": 1548166488,
                "text": "@jenniferpatriciadelahozpolo \u2764\ufe0f\u2764\ufe0f",
                "owner": {
                    "id": "208034677",
                    "is_verified": true,
                    "profile_pic_url": "https://instagram.fbga1-4.fna.fbcdn.net/v/t51.2885-19/s150x150/116713279_329296981536344_3404171181868667674_n.jpg?_nc_ht=instagram.fbga1-4.fna.fbcdn.net&_nc_ohc=e_8u8kf3ZDMAX9GL6vk&oh=cb797d66d56f5631c9bff6ad98af462e&oe=5F97C031",
                    "username": "epk"
                },
                "likes_count": 0
            }
        ]
    },
    {
        "id": 18007830052109583,
        "created_at": 1547845268,
        "text": "Hay pijamas para ni\u00f1os en promocion",
        "owner": {
            "id": "1785980684",
            "is_verified": false,
            "profile_pic_url": "https://instagram.fbga1-4.fna.fbcdn.net/v/t51.2885-19/s150x150/100966044_3020717121308711_5605624571223867392_n.jpg?_nc_ht=instagram.fbga1-4.fna.fbcdn.net&_nc_ohc=Qx20WlH5V4gAX9lhHjH&oh=5b565c7b577045b285438d4b1c06d29e&oe=5F96D5F1",
            "username": "valeriaramos210"
        },
        "likes_count": 0,
        "answers": [
            {
                "id": 18005981998120757,
                "created_at": 1548166050,
                "text": "@lachinabrat hola!! Si! Entra a epk.com y encu\u00e9ntralas. \u2764\ufe0f",
                "owner": {
                    "id": "208034677",
                    "is_verified": true,
                    "profile_pic_url": "https://instagram.fbga1-4.fna.fbcdn.net/v/t51.2885-19/s150x150/116713279_329296981536344_3404171181868667674_n.jpg?_nc_ht=instagram.fbga1-4.fna.fbcdn.net&_nc_ohc=e_8u8kf3ZDMAX9GL6vk&oh=cb797d66d56f5631c9bff6ad98af462e&oe=5F97C031",
                    "username": "epk"
                },
                "likes_count": 0
            }
        ]
    }
]