[
    {
        "id": 17899306099314773,
        "created_at": 1557885159,
        "text": "Hola, soy de Venezuela, Donde puedo comprar las prendas para mis ni\u00f1os ?? en Venezuela. Gracias Espero puedas leerme y responder, muchas gracias",
        "owner": {
            "id": "5591209904",
            "is_verified": false,
            "profile_pic_url": "https://instagram.fbga1-4.fna.fbcdn.net/v/t51.2885-19/s150x150/19051994_209171499605372_8146027061710946304_a.jpg?_nc_ht=instagram.fbga1-4.fna.fbcdn.net&_nc_ohc=LrrpUshyX00AX-RF2OS&oh=c5d80b1d39cac2d9f7394fb766e0177c&oe=5F95F6E3",
            "username": "marihernayibe"
        },
        "likes_count": 0,
        "answers": [
            {
                "id": 18049750981096667,
                "created_at": 1557959833,
                "text": "@epk MUCHISIMAS GRACIAS..",
                "owner": {
                    "id": "5591209904",
                    "is_verified": false,
                    "profile_pic_url": "https://instagram.fbga1-4.fna.fbcdn.net/v/t51.2885-19/s150x150/19051994_209171499605372_8146027061710946304_a.jpg?_nc_ht=instagram.fbga1-4.fna.fbcdn.net&_nc_ohc=LrrpUshyX00AX-RF2OS&oh=c5d80b1d39cac2d9f7394fb766e0177c&oe=5F95F6E3",
                    "username": "marihernayibe"
                },
                "likes_count": 0
            },
            {
                "id": 18041671522084257,
                "created_at": 1557928478,
                "text": "@marihernayibe Hola! Somos EPK Colombia, La tienda M\u00e1s cercana a venezuela se encuentra en C\u00facuta. Te esperamos!",
                "owner": {
                    "id": "208034677",
                    "is_verified": true,
                    "profile_pic_url": "https://instagram.fbga1-4.fna.fbcdn.net/v/t51.2885-19/s150x150/116713279_329296981536344_3404171181868667674_n.jpg?_nc_ht=instagram.fbga1-4.fna.fbcdn.net&_nc_ohc=e_8u8kf3ZDMAX9GL6vk&oh=cb797d66d56f5631c9bff6ad98af462e&oe=5F97C031",
                    "username": "epk"
                },
                "likes_count": 1
            }
        ]
    },
    {
        "id": 17857057579406867,
        "created_at": 1557756181,
        "text": "\ud83d\ude0d",
        "owner": {
            "id": "3090560110",
            "is_verified": false,
            "profile_pic_url": "https://instagram.fbga1-4.fna.fbcdn.net/v/t51.2885-19/s150x150/120035850_140191141120940_4221484498056439592_n.jpg?_nc_ht=instagram.fbga1-4.fna.fbcdn.net&_nc_ohc=QIi91jdDaUoAX84zafI&oh=cc376cc4bcc43bc41b68e31d353e1ea0&oe=5F984409",
            "username": "maritza_gaitan96"
        },
        "likes_count": 1,
        "answers": []
    }
]