[
    {
        "id": 17993643733193988,
        "created_at": 1547597405,
        "text": "Hola me entrar\u00eda que mi ni\u00f1a q tiene 8 a\u00f1os modele sus prendas  hermosas soy cliente",
        "owner": {
            "id": "4572148146",
            "is_verified": false,
            "profile_pic_url": "https://instagram.fbga1-4.fna.fbcdn.net/v/t51.2885-19/s150x150/50244811_535832546936734_2505144549903433728_n.jpg?_nc_ht=instagram.fbga1-4.fna.fbcdn.net&_nc_ohc=_fpeJfiromMAX8C3abo&oh=89c1fed5c9d2a04badb66b8538c0525b&oe=5F969254",
            "username": "kellydeavilajulio"
        },
        "likes_count": 0,
        "answers": []
    },
    {
        "id": 17959036870211813,
        "created_at": 1547564445,
        "text": "Mi sobri \ud83d\ude0d..\ud83d\ude18..\u2764\ufe0f",
        "owner": {
            "id": "1610016324",
            "is_verified": false,
            "profile_pic_url": "https://instagram.fbga1-4.fna.fbcdn.net/v/t51.2885-19/s150x150/41100765_769199713412214_5407018879660589056_n.jpg?_nc_ht=instagram.fbga1-4.fna.fbcdn.net&_nc_ohc=K4Y_Nw736K0AX9uBVIC&oh=aae402d46cc315942ab8425689c72caf&oe=5F98690B",
            "username": "ericka152411"
        },
        "likes_count": 1,
        "answers": [
            {
                "id": 17944222021246811,
                "created_at": 1547569027,
                "text": "@ericka152429 \u2764\ufe0f\u2764\ufe0f",
                "owner": {
                    "id": "208034677",
                    "is_verified": true,
                    "profile_pic_url": "https://instagram.fbga1-4.fna.fbcdn.net/v/t51.2885-19/s150x150/116713279_329296981536344_3404171181868667674_n.jpg?_nc_ht=instagram.fbga1-4.fna.fbcdn.net&_nc_ohc=e_8u8kf3ZDMAX9GL6vk&oh=cb797d66d56f5631c9bff6ad98af462e&oe=5F97C031",
                    "username": "epk"
                },
                "likes_count": 1
            }
        ]
    },
    {
        "id": 17957259676223227,
        "created_at": 1547556613,
        "text": "Muy lindo",
        "owner": {
            "id": "9230156221",
            "is_verified": false,
            "profile_pic_url": "https://instagram.fbga1-4.fna.fbcdn.net/v/t51.2885-19/s150x150/43628358_602978253492949_5784738580211433472_n.jpg?_nc_ht=instagram.fbga1-4.fna.fbcdn.net&_nc_ohc=qrdEKehQ02MAX_iLE3T&oh=5e248a6c9a5391451920705e150a6cde&oe=5F96FE03",
            "username": "emi.help"
        },
        "likes_count": 1,
        "answers": [
            {
                "id": 18022636945048661,
                "created_at": 1547569034,
                "text": "@emi.help \ud83d\ude4c\ud83d\ude0a",
                "owner": {
                    "id": "208034677",
                    "is_verified": true,
                    "profile_pic_url": "https://instagram.fbga1-4.fna.fbcdn.net/v/t51.2885-19/s150x150/116713279_329296981536344_3404171181868667674_n.jpg?_nc_ht=instagram.fbga1-4.fna.fbcdn.net&_nc_ohc=e_8u8kf3ZDMAX9GL6vk&oh=cb797d66d56f5631c9bff6ad98af462e&oe=5F97C031",
                    "username": "epk"
                },
                "likes_count": 0
            }
        ]
    }
]