[
    {
        "id": 17895985798307762,
        "created_at": 1554850841,
        "text": "Divino hasta que talla.viene gracias",
        "owner": {
            "id": "5381866765",
            "is_verified": false,
            "profile_pic_url": "https://instagram.fbga1-4.fna.fbcdn.net/v/t51.2885-19/s150x150/56414155_365129530766411_655581128001847296_n.jpg?_nc_ht=instagram.fbga1-4.fna.fbcdn.net&_nc_ohc=w4sHjKYUo9IAX-n79eO&oh=75a0a462f759db77ca3722c1030202ce&oe=5F97233B",
            "username": "shirleyrodriguez9369"
        },
        "likes_count": 0,
        "answers": [
            {
                "id": 17842454032420111,
                "created_at": 1554905169,
                "text": "@shirleyrodriguez9369 \u00a1Hola! \u00a1Te invitamos a visitarnos en www.epk.com y descubrir todas las prendas que tenemos para ti! \u2764\ufe0f",
                "owner": {
                    "id": "208034677",
                    "is_verified": true,
                    "profile_pic_url": "https://instagram.fbga1-4.fna.fbcdn.net/v/t51.2885-19/s150x150/116713279_329296981536344_3404171181868667674_n.jpg?_nc_ht=instagram.fbga1-4.fna.fbcdn.net&_nc_ohc=e_8u8kf3ZDMAX9GL6vk&oh=cb797d66d56f5631c9bff6ad98af462e&oe=5F97C031",
                    "username": "epk"
                },
                "likes_count": 0
            }
        ]
    },
    {
        "id": 18018038395166148,
        "created_at": 1554845318,
        "text": "Buenas tardes en Villavicencio?",
        "owner": {
            "id": "10855028496",
            "is_verified": false,
            "profile_pic_url": "https://instagram.fbga1-4.fna.fbcdn.net/v/t51.2885-19/s150x150/50646853_582709585559880_7880818281496444928_n.jpg?_nc_ht=instagram.fbga1-4.fna.fbcdn.net&_nc_ohc=L3gDC_mHodEAX9YpT5E&oh=86f774afb7f8713e55b2c9072c68b673&oe=5F982699",
            "username": "mejiakelyyohana"
        },
        "likes_count": 2,
        "answers": [
            {
                "id": 18037329841105121,
                "created_at": 1554847023,
                "text": "Hola @mejiakelyyohana , puedes encontrar nuestra nueva colecci\u00f3n California, en epk.com. Saludos!",
                "owner": {
                    "id": "208034677",
                    "is_verified": true,
                    "profile_pic_url": "https://instagram.fbga1-4.fna.fbcdn.net/v/t51.2885-19/s150x150/116713279_329296981536344_3404171181868667674_n.jpg?_nc_ht=instagram.fbga1-4.fna.fbcdn.net&_nc_ohc=e_8u8kf3ZDMAX9GL6vk&oh=cb797d66d56f5631c9bff6ad98af462e&oe=5F97C031",
                    "username": "epk"
                },
                "likes_count": 1
            },
            {
                "id": 17883433135320559,
                "created_at": 1554860957,
                "text": "@epk Gracias ya fui esta todo divino",
                "owner": {
                    "id": "10855028496",
                    "is_verified": false,
                    "profile_pic_url": "https://instagram.fbga1-4.fna.fbcdn.net/v/t51.2885-19/s150x150/50646853_582709585559880_7880818281496444928_n.jpg?_nc_ht=instagram.fbga1-4.fna.fbcdn.net&_nc_ohc=L3gDC_mHodEAX9YpT5E&oh=86f774afb7f8713e55b2c9072c68b673&oe=5F982699",
                    "username": "mejiakelyyohana"
                },
                "likes_count": 0
            }
        ]
    },
    {
        "id": 17986189534217256,
        "created_at": 1554775544,
        "text": "\ud83d\ude0d\ud83d\ude18",
        "owner": {
            "id": "10621821742",
            "is_verified": false,
            "profile_pic_url": "https://instagram.fbga1-4.fna.fbcdn.net/v/t51.2885-19/s150x150/50810236_2625311320842804_7255074969904742400_n.jpg?_nc_ht=instagram.fbga1-4.fna.fbcdn.net&_nc_ohc=lujgIIPVhwsAX-NAgpj&oh=327d7de70e07133bcd572e292089af43&oe=5F958C24",
            "username": "durakajdg15230516"
        },
        "likes_count": 1,
        "answers": []
    },
    {
        "id": 18050955385067623,
        "created_at": 1554766005,
        "text": "En ibague nunca se consigue ni tallas ni cosas bonitas",
        "owner": {
            "id": "1376516144",
            "is_verified": false,
            "profile_pic_url": "https://instagram.fbga1-4.fna.fbcdn.net/v/t51.2885-19/s150x150/64904578_1363760513778938_1928245410288107520_n.jpg?_nc_ht=instagram.fbga1-4.fna.fbcdn.net&_nc_ohc=rbtXvPuHlnoAX_a42S6&oh=27a96ed904ef2bbe5875b9489ba80876&oe=5F983A17",
            "username": "paola.rodriguezrondon"
        },
        "likes_count": 1,
        "answers": [
            {
                "id": 17930827804286491,
                "created_at": 1554822428,
                "text": "Hola! @paola.rodriguezrondon , Tenemos muchas referencias que podr\u00edan gustarte! Tambi\u00e9n te comentamos que a trav\u00e9s de la tienda virtual ya puedes acceder a nuestra nueva y hermosa colecci\u00f3n california! Por favor compartenos tus datos por mensaje directo y te contactaremos para ayudarte en el proceso. \u2764\ufe0f",
                "owner": {
                    "id": "208034677",
                    "is_verified": true,
                    "profile_pic_url": "https://instagram.fbga1-4.fna.fbcdn.net/v/t51.2885-19/s150x150/116713279_329296981536344_3404171181868667674_n.jpg?_nc_ht=instagram.fbga1-4.fna.fbcdn.net&_nc_ohc=e_8u8kf3ZDMAX9GL6vk&oh=cb797d66d56f5631c9bff6ad98af462e&oe=5F97C031",
                    "username": "epk"
                },
                "likes_count": 0
            },
            {
                "id": 17930720701286610,
                "created_at": 1554834970,
                "text": "Hola! @ledysanroj , gracias por escribirnos! te confirmamos que en monter\u00eda y en todas nuestras tiendas tenemos miles de prendas hermosas para ti! en la \u00fanica tienda en donde encontrar\u00e1s la nueva colecci\u00f3n, de momento, es en nuestra tienda virtual epk.com. Si necesitas gu\u00eda en el proceso de compra no dudes en dejarnos tus datos por mensaje directo. Saludos! \u2764\ufe0f",
                "owner": {
                    "id": "208034677",
                    "is_verified": true,
                    "profile_pic_url": "https://instagram.fbga1-4.fna.fbcdn.net/v/t51.2885-19/s150x150/116713279_329296981536344_3404171181868667674_n.jpg?_nc_ht=instagram.fbga1-4.fna.fbcdn.net&_nc_ohc=e_8u8kf3ZDMAX9GL6vk&oh=cb797d66d56f5631c9bff6ad98af462e&oe=5F97C031",
                    "username": "epk"
                },
                "likes_count": 0
            },
            {
                "id": 17872333735346922,
                "created_at": 1554830347,
                "text": "@epk al igual pasa en monter\u00eda jam\u00e1s se consigue prendas nuevas, todo lo antiguo es lo que mantienen en la sede de ac\u00e1",
                "owner": {
                    "id": "1641653974",
                    "is_verified": false,
                    "profile_pic_url": "https://instagram.fbga1-4.fna.fbcdn.net/v/t51.2885-19/s150x150/74634299_413277099562745_1922379425559609344_n.jpg?_nc_ht=instagram.fbga1-4.fna.fbcdn.net&_nc_ohc=gxMkK2e2QVQAX8yTBM4&oh=a70c15ef9189cc4843543fe43ea4748a&oe=5F9705B0",
                    "username": "ledysanroj"
                },
                "likes_count": 0
            }
        ]
    },
    {
        "id": 18027885382185993,
        "created_at": 1554764848,
        "text": "Wow ser\u00eda genial pintar para los ni\u00f1os \ud83d\udca5\ud83c\udfa8!",
        "owner": {
            "id": "9382216916",
            "is_verified": false,
            "profile_pic_url": "https://instagram.fbga1-4.fna.fbcdn.net/v/t51.2885-19/s150x150/103194151_658675934719830_519433339411188879_n.jpg?_nc_ht=instagram.fbga1-4.fna.fbcdn.net&_nc_ohc=IDC6-XK3iA0AX8q7hyF&oh=790982d8d80f1a58be94ff7c6c125250&oe=5F964E36",
            "username": "unforgettable_artecontigo"
        },
        "likes_count": 1,
        "answers": []
    },
    {
        "id": 17986492102219193,
        "created_at": 1554764623,
        "text": "\ud83e\udd29",
        "owner": {
            "id": "193513386",
            "is_verified": true,
            "profile_pic_url": "https://instagram.fbga1-4.fna.fbcdn.net/v/t51.2885-19/s150x150/23101659_1522943334438010_4318393834338779136_n.jpg?_nc_ht=instagram.fbga1-4.fna.fbcdn.net&_nc_ohc=ZKq2Spk2eZgAX8ixx_L&oh=53a12df6b55ab457764a23c414b15d36&oe=5F962063",
            "username": "dianajanna"
        },
        "likes_count": 2,
        "answers": [
            {
                "id": 17875032667336996,
                "created_at": 1554771735,
                "text": "@dianajanna \ud83d\ude0a\u2764\ufe0f",
                "owner": {
                    "id": "208034677",
                    "is_verified": true,
                    "profile_pic_url": "https://instagram.fbga1-4.fna.fbcdn.net/v/t51.2885-19/s150x150/116713279_329296981536344_3404171181868667674_n.jpg?_nc_ht=instagram.fbga1-4.fna.fbcdn.net&_nc_ohc=e_8u8kf3ZDMAX9GL6vk&oh=cb797d66d56f5631c9bff6ad98af462e&oe=5F97C031",
                    "username": "epk"
                },
                "likes_count": 1
            }
        ]
    }
]