[
    {
        "id": 17864192662381126,
        "created_at": 1557790566,
        "text": "Cuando va salir  este vestido \ud83d\ude0d Me encanta @epk",
        "owner": {
            "id": "692392346",
            "is_verified": false,
            "profile_pic_url": "https://instagram.fbga1-4.fna.fbcdn.net/v/t51.2885-19/s150x150/101070775_283019542747685_13663300285890560_n.jpg?_nc_ht=instagram.fbga1-4.fna.fbcdn.net&_nc_ohc=aNJHPoWvYrcAX_1qPUM&oh=86398629531acdb7797ac361d1058f52&oe=5F9852E3",
            "username": "paredesmay_fd28"
        },
        "likes_count": 1,
        "answers": []
    },
    {
        "id": 17853271288400599,
        "created_at": 1555967401,
        "text": "El viernes, realice una compra en el epk del viva de 2 prendas para bebes y la vendedora no me dio informaci\u00f3n del club q seg\u00fan porque no le aparecio por lo tanto no recibi tal informaci\u00f3n en el correo",
        "owner": {
            "id": "994278135",
            "is_verified": false,
            "profile_pic_url": "https://instagram.fbga1-4.fna.fbcdn.net/v/t51.2885-19/s150x150/90089464_615682725696501_6060480398352187392_n.jpg?_nc_ht=instagram.fbga1-4.fna.fbcdn.net&_nc_ohc=iXwbseMppXgAX_IbcRL&oh=6d3b88e0a80a620428cdc43053a8a13b&oe=5F96C3BA",
            "username": "dicadi08"
        },
        "likes_count": 0,
        "answers": []
    },
    {
        "id": 17978785258236236,
        "created_at": 1555382867,
        "text": "\ud83d\udc9a",
        "owner": {
            "id": "370841253",
            "is_verified": false,
            "profile_pic_url": "https://instagram.fbga1-4.fna.fbcdn.net/v/t51.2885-19/s150x150/82005057_260012261638588_967801284503535616_n.jpg?_nc_ht=instagram.fbga1-4.fna.fbcdn.net&_nc_ohc=9LmUtGjIYYIAX-c6m4M&oh=c6a128bf873ed9329ce543a754e7544e&oe=5F970FCA",
            "username": "anjimenezt"
        },
        "likes_count": 0,
        "answers": []
    },
    {
        "id": 18011004994172811,
        "created_at": 1554053215,
        "text": "Como inscribo a mi bebe?",
        "owner": {
            "id": "246899081",
            "is_verified": false,
            "profile_pic_url": "https://instagram.fbga1-4.fna.fbcdn.net/v/t51.2885-19/s150x150/75491395_801497193612335_3246418547567493120_n.jpg?_nc_ht=instagram.fbga1-4.fna.fbcdn.net&_nc_ohc=LWDToQ7AiV8AX_1CSCv&oh=b1be26647cc0f635011a1628bdeb3ce6&oe=5F96CFD7",
            "username": "diana_donado3d"
        },
        "likes_count": 0,
        "answers": [
            {
                "id": 17861323303366749,
                "created_at": 1554217428,
                "text": "Hola! @diana_donado3d @alejandraavellaneda52 @xindyola , Luego de realizar la compra en categor\u00eda bebe, deben llenar con todos sus datos el formulario web de club baby que llega al correo otorgado en la compra y listo! A disfrutar de los beneficios! Saludos!",
                "owner": {
                    "id": "208034677",
                    "is_verified": true,
                    "profile_pic_url": "https://instagram.fbga1-4.fna.fbcdn.net/v/t51.2885-19/s150x150/116713279_329296981536344_3404171181868667674_n.jpg?_nc_ht=instagram.fbga1-4.fna.fbcdn.net&_nc_ohc=e_8u8kf3ZDMAX9GL6vk&oh=cb797d66d56f5631c9bff6ad98af462e&oe=5F97C031",
                    "username": "epk"
                },
                "likes_count": 0
            }
        ]
    },
    {
        "id": 17845959664397889,
        "created_at": 1554044562,
        "text": "Ya inscrib\u00ed a mi bebe donde puedo ver si ya esta en el sistema",
        "owner": {
            "id": "1639107386",
            "is_verified": false,
            "profile_pic_url": "https://instagram.fbga1-4.fna.fbcdn.net/v/t51.2885-19/s150x150/118692677_324944398617878_9220541245816189071_n.jpg?_nc_ht=instagram.fbga1-4.fna.fbcdn.net&_nc_ohc=4FegDZM7RYIAX_BJziM&oh=156c03d136964a313221e68f3bc50541&oe=5F98359A",
            "username": "alejandraavellaneda52"
        },
        "likes_count": 0,
        "answers": [
            {
                "id": 18026377132091152,
                "created_at": 1554408920,
                "text": "Hola! @alejandraavellaneda52 , Por favor compartenos todos tus datos a clubbabyepk@epk.com y con gusto validaremos tu status en el club. Saludos! \ud83d\udc95",
                "owner": {
                    "id": "208034677",
                    "is_verified": true,
                    "profile_pic_url": "https://instagram.fbga1-4.fna.fbcdn.net/v/t51.2885-19/s150x150/116713279_329296981536344_3404171181868667674_n.jpg?_nc_ht=instagram.fbga1-4.fna.fbcdn.net&_nc_ohc=e_8u8kf3ZDMAX9GL6vk&oh=cb797d66d56f5631c9bff6ad98af462e&oe=5F97C031",
                    "username": "epk"
                },
                "likes_count": 0
            }
        ]
    },
    {
        "id": 18034138573113977,
        "created_at": 1554036855,
        "text": "El viernes compr\u00e9 2 prendas 6M y 3 prendas 23M...No recib\u00ed tal informaci\u00f3n. Que debo hacer?",
        "owner": {
            "id": "1104642270",
            "is_verified": false,
            "profile_pic_url": "https://instagram.fbga1-4.fna.fbcdn.net/v/t51.2885-19/s150x150/917948_171286299900030_1377284158_a.jpg?_nc_ht=instagram.fbga1-4.fna.fbcdn.net&_nc_ohc=b50nXH2Kd7IAX-P0eUR&oh=1fb283778f39e1ef1c8c9a24279086b5&oe=5F9517B6",
            "username": "xindyola"
        },
        "likes_count": 0,
        "answers": [
            {
                "id": 17985411457209665,
                "created_at": 1554217521,
                "text": "Hola! @xindyola , por favor compartenos tus datos en clubbabyepk@epk.com y con gusto te ayudaremos a validar. saludos!",
                "owner": {
                    "id": "208034677",
                    "is_verified": true,
                    "profile_pic_url": "https://instagram.fbga1-4.fna.fbcdn.net/v/t51.2885-19/s150x150/116713279_329296981536344_3404171181868667674_n.jpg?_nc_ht=instagram.fbga1-4.fna.fbcdn.net&_nc_ohc=e_8u8kf3ZDMAX9GL6vk&oh=cb797d66d56f5631c9bff6ad98af462e&oe=5F97C031",
                    "username": "epk"
                },
                "likes_count": 1
            }
        ]
    },
    {
        "id": 18050394928012803,
        "created_at": 1554000509,
        "text": "Quiero ese vestido \ud83d\udc9e\ud83d\ude02",
        "owner": {
            "id": "692392346",
            "is_verified": false,
            "profile_pic_url": "https://instagram.fbga1-4.fna.fbcdn.net/v/t51.2885-19/s150x150/101070775_283019542747685_13663300285890560_n.jpg?_nc_ht=instagram.fbga1-4.fna.fbcdn.net&_nc_ohc=aNJHPoWvYrcAX_1qPUM&oh=86398629531acdb7797ac361d1058f52&oe=5F9852E3",
            "username": "paredesmay_fd28"
        },
        "likes_count": 1,
        "answers": []
    },
    {
        "id": 18042650881074598,
        "created_at": 1553993068,
        "text": "\ud83e\udd70\ud83e\udd70\ud83e\udd70\ud83e\udd70\ud83e\udd70\ud83e\udd70\ud83e\udd70",
        "owner": {
            "id": "300619997",
            "is_verified": false,
            "profile_pic_url": "https://instagram.fbga1-4.fna.fbcdn.net/v/t51.2885-19/11313586_702762243158028_1545189721_a.jpg?_nc_ht=instagram.fbga1-4.fna.fbcdn.net&_nc_ohc=lenYEIuVT1MAX9Hp6qS&oh=78336c490c45e33818b33e02d4ff5335&oe=5F98481F",
            "username": "tabathajanna"
        },
        "likes_count": 1,
        "answers": []
    },
    {
        "id": 17858438590369633,
        "created_at": 1553986499,
        "text": "\ud83d\udc95",
        "owner": {
            "id": "6037580188",
            "is_verified": false,
            "profile_pic_url": "https://instagram.fbga1-4.fna.fbcdn.net/v/t51.2885-19/s150x150/21690767_487038475009818_490535490550759424_n.jpg?_nc_ht=instagram.fbga1-4.fna.fbcdn.net&_nc_ohc=PJLy6A5FAA0AX92qkOc&oh=2b5b9cd1205de797b0084ed1f2f070c5&oe=5F95B516",
            "username": "tortas_mc"
        },
        "likes_count": 1,
        "answers": []
    },
    {
        "id": 17947471762263767,
        "created_at": 1553984351,
        "text": "\ud83d\ude0d\ud83d\ude0d\ud83d\ude0d",
        "owner": {
            "id": "1765661657",
            "is_verified": false,
            "profile_pic_url": "https://instagram.fbga1-4.fna.fbcdn.net/v/t51.2885-19/10413844_535993166543949_283078997_a.jpg?_nc_ht=instagram.fbga1-4.fna.fbcdn.net&_nc_ohc=x9Vf6ck77tcAX_4l03l&oh=ee03ec83210d5b9bd8d2aacd1c7c3fc0&oe=5F95FF48",
            "username": "daleahumada"
        },
        "likes_count": 1,
        "answers": []
    },
    {
        "id": 18045260626069892,
        "created_at": 1553977168,
        "text": "@sergiozz",
        "owner": {
            "id": "329982525",
            "is_verified": false,
            "profile_pic_url": "https://instagram.fbga1-4.fna.fbcdn.net/v/t51.2885-19/s150x150/20582730_108159663220081_1359116970317840384_a.jpg?_nc_ht=instagram.fbga1-4.fna.fbcdn.net&_nc_ohc=oQW1hZW0kZ4AX8O_idZ&oh=eef56df679faa4a2ba87b0189cc5a9a8&oe=5F981750",
            "username": "leidy14o7"
        },
        "likes_count": 1,
        "answers": []
    },
    {
        "id": 18010538710169027,
        "created_at": 1553975840,
        "text": "\ud83d\ude0d\ud83d\ude0d\ud83d\ude0d",
        "owner": {
            "id": "2872416124",
            "is_verified": false,
            "profile_pic_url": "https://instagram.fbga1-4.fna.fbcdn.net/v/t51.2885-19/s150x150/12716995_969107069844737_2077141316_a.jpg?_nc_ht=instagram.fbga1-4.fna.fbcdn.net&_nc_ohc=lbQetshiTGMAX-WyIB5&oh=a21c8c0560317230ac6873920f0ba097&oe=5F95EFA2",
            "username": "pediatra_"
        },
        "likes_count": 1,
        "answers": []
    },
    {
        "id": 18033802753118706,
        "created_at": 1553972652,
        "text": "Como hacer para adquirir la franquicia",
        "owner": {
            "id": "9395585590",
            "is_verified": false,
            "profile_pic_url": "https://instagram.fbga1-4.fna.fbcdn.net/v/t51.2885-19/s150x150/49690945_2063353810368186_5653321183773327360_n.jpg?_nc_ht=instagram.fbga1-4.fna.fbcdn.net&_nc_ohc=KcjtPC6J4XMAX_wzvL4&oh=e6d5d1caadb7aa60698ca7efa5c81821&oe=5F988D96",
            "username": "kobersy_claude"
        },
        "likes_count": 0,
        "answers": [
            {
                "id": 18043274797072248,
                "created_at": 1554225065,
                "text": "@epk en margarita hay franquicia",
                "owner": {
                    "id": "9395585590",
                    "is_verified": false,
                    "profile_pic_url": "https://instagram.fbga1-4.fna.fbcdn.net/v/t51.2885-19/s150x150/49690945_2063353810368186_5653321183773327360_n.jpg?_nc_ht=instagram.fbga1-4.fna.fbcdn.net&_nc_ohc=KcjtPC6J4XMAX_wzvL4&oh=e6d5d1caadb7aa60698ca7efa5c81821&oe=5F988D96",
                    "username": "kobersy_claude"
                },
                "likes_count": 0
            },
            {
                "id": 17988298966202980,
                "created_at": 1554298943,
                "text": "@kobersy_claude Hola, comun\u00edcate con nosotros por favor a info@epk.com. saludos!",
                "owner": {
                    "id": "208034677",
                    "is_verified": true,
                    "profile_pic_url": "https://instagram.fbga1-4.fna.fbcdn.net/v/t51.2885-19/s150x150/116713279_329296981536344_3404171181868667674_n.jpg?_nc_ht=instagram.fbga1-4.fna.fbcdn.net&_nc_ohc=e_8u8kf3ZDMAX9GL6vk&oh=cb797d66d56f5631c9bff6ad98af462e&oe=5F97C031",
                    "username": "epk"
                },
                "likes_count": 0
            }
        ]
    },
    {
        "id": 17874671734332321,
        "created_at": 1553972160,
        "text": "Holaaa.. ac\u00e1 en medell\u00edn d\u00f3nde hay un EPK",
        "owner": {
            "id": "9239406539",
            "is_verified": false,
            "profile_pic_url": "https://instagram.fbga1-4.fna.fbcdn.net/v/t51.2885-19/s150x150/104306053_325123188477967_5182421383606840153_n.jpg?_nc_ht=instagram.fbga1-4.fna.fbcdn.net&_nc_ohc=pAhWw2X3RSoAX9zO1KR&oh=7fcaec7a44ed4ea47ef4c385abd4c292&oe=5F95F0E0",
            "username": "odrileygm27"
        },
        "likes_count": 0,
        "answers": [
            {
                "id": 18031099753124084,
                "created_at": 1554217605,
                "text": "Hola! @odrileygm27 Puedes validar nuestras tiendas en el siguiente link: https://epk.com/pages/nuestras-tiendas. Te esperamos! \ud83d\udc95",
                "owner": {
                    "id": "208034677",
                    "is_verified": true,
                    "profile_pic_url": "https://instagram.fbga1-4.fna.fbcdn.net/v/t51.2885-19/s150x150/116713279_329296981536344_3404171181868667674_n.jpg?_nc_ht=instagram.fbga1-4.fna.fbcdn.net&_nc_ohc=e_8u8kf3ZDMAX9GL6vk&oh=cb797d66d56f5631c9bff6ad98af462e&oe=5F97C031",
                    "username": "epk"
                },
                "likes_count": 0
            }
        ]
    },
    {
        "id": 17984381077208684,
        "created_at": 1553972058,
        "text": "Cu\u00e1l es el beneficio, la semana pasada hice una compra de 5 prendas, y no me dijeron.",
        "owner": {
            "id": "346721510",
            "is_verified": false,
            "profile_pic_url": "https://instagram.fbga1-4.fna.fbcdn.net/v/t51.2885-19/s150x150/89483148_601452430439814_398814183317045248_n.jpg?_nc_ht=instagram.fbga1-4.fna.fbcdn.net&_nc_ohc=wNP8f16pMVIAX8RL_L5&oh=7b332216a5cab44ce5f2924a78329f58&oe=5F9692C5",
            "username": "luisatenorio_19"
        },
        "likes_count": 1,
        "answers": [
            {
                "id": 18023828212190865,
                "created_at": 1554217669,
                "text": "Hola! @luisatenorio_19 Los beneficios para el club baby son: Descuento en el mes del cumplea\u00f1os de tu beb\u00e9, env\u00edos gratis en epk.com. entre otros. Gracias por preferirnos!",
                "owner": {
                    "id": "208034677",
                    "is_verified": true,
                    "profile_pic_url": "https://instagram.fbga1-4.fna.fbcdn.net/v/t51.2885-19/s150x150/116713279_329296981536344_3404171181868667674_n.jpg?_nc_ht=instagram.fbga1-4.fna.fbcdn.net&_nc_ohc=e_8u8kf3ZDMAX9GL6vk&oh=cb797d66d56f5631c9bff6ad98af462e&oe=5F97C031",
                    "username": "epk"
                },
                "likes_count": 3
            }
        ]
    },
    {
        "id": 18050293564036258,
        "created_at": 1553971111,
        "text": "@laperezcar \ud83d\udc95",
        "owner": {
            "id": "5750559",
            "is_verified": false,
            "profile_pic_url": "https://instagram.fbga1-4.fna.fbcdn.net/v/t51.2885-19/s150x150/67660858_372107040348395_8146463159805280256_n.jpg?_nc_ht=instagram.fbga1-4.fna.fbcdn.net&_nc_ohc=OVkH1dDbL_gAX-wCKXD&oh=a926a0b142d3d20846bfeb8d684b4440&oe=5F95436B",
            "username": "k1000a"
        },
        "likes_count": 1,
        "answers": []
    },
    {
        "id": 18022962973139903,
        "created_at": 1553962770,
        "text": "desde cuando esta el club Baby, porque en enero hice una compra de 3 prendas de 3 meses y la semana pasada compre 5 prendas de 6 meses y no me dijeron nada del club baby. @epk",
        "owner": {
            "id": "1257314272",
            "is_verified": false,
            "profile_pic_url": "https://instagram.fbga1-4.fna.fbcdn.net/v/t51.2885-19/s150x150/66280630_846893352340427_614146642194464768_n.jpg?_nc_ht=instagram.fbga1-4.fna.fbcdn.net&_nc_ohc=nL7ARfffDCUAX_Xqjyc&oh=47ecc8be1c18ac15d41ac49f6873f0e5&oe=5F96B497",
            "username": "karolaguna"
        },
        "likes_count": 2,
        "answers": [
            {
                "id": 18021042739180279,
                "created_at": 1554217743,
                "text": "Hola @karolaguna , Nuestro hermoso club nos acompa\u00f1a desde el 2016. Por favor comp\u00e1rtenos tus datos a clubbabyepk@epk.com y con gusto validaremos tu estado en el club. Saludos!",
                "owner": {
                    "id": "208034677",
                    "is_verified": true,
                    "profile_pic_url": "https://instagram.fbga1-4.fna.fbcdn.net/v/t51.2885-19/s150x150/116713279_329296981536344_3404171181868667674_n.jpg?_nc_ht=instagram.fbga1-4.fna.fbcdn.net&_nc_ohc=e_8u8kf3ZDMAX9GL6vk&oh=cb797d66d56f5631c9bff6ad98af462e&oe=5F97C031",
                    "username": "epk"
                },
                "likes_count": 0
            }
        ]
    },
    {
        "id": 17983565728222143,
        "created_at": 1553961974,
        "text": "K preciosura \ud83d\udc4c\ud83d\ude09",
        "owner": {
            "id": "4220591894",
            "is_verified": false,
            "profile_pic_url": "https://instagram.fbga1-4.fna.fbcdn.net/v/t51.2885-19/s150x150/119785683_372715420425377_5120637903384292475_n.jpg?_nc_ht=instagram.fbga1-4.fna.fbcdn.net&_nc_ohc=FUo_GVCX4bgAX-cn89C&oh=2abab0aef8ada023979a7723b52d3b18&oe=5F98388A",
            "username": "stellalachikita2016"
        },
        "likes_count": 2,
        "answers": []
    }
]