[
    {
        "id": 18072884692061328,
        "created_at": 1559346273,
        "text": "\ud83d\ude4c\ud83d\ude0d\ud83d\udc4f",
        "owner": {
            "id": "9183914305",
            "is_verified": false,
            "profile_pic_url": "https://instagram.fbga1-4.fna.fbcdn.net/v/t51.2885-19/s150x150/75324990_479484182687173_8583580789180989440_n.jpg?_nc_ht=instagram.fbga1-4.fna.fbcdn.net&_nc_ohc=UhUkIY0K7i0AX99nERz&oh=56bd1660db1a6c0ae647baf445381bcd&oe=5F96F76E",
            "username": "deagelvis"
        },
        "likes_count": 0,
        "answers": []
    },
    {
        "id": 17936556043281694,
        "created_at": 1555448131,
        "text": "\ud83d\udc97\ud83d\ude0d\ud83c\udf38",
        "owner": {
            "id": "3735571342",
            "is_verified": false,
            "profile_pic_url": "https://instagram.fbga1-4.fna.fbcdn.net/v/t51.2885-19/s150x150/71758511_1029225560746633_904703597835452416_n.jpg?_nc_ht=instagram.fbga1-4.fna.fbcdn.net&_nc_ohc=dndTsxbi1_QAX-6ZFzB&oh=e9c87e11703c6820e18a7fa0f19334e1&oe=5F97D5AD",
            "username": "elisafuentesh"
        },
        "likes_count": 1,
        "answers": []
    },
    {
        "id": 18058231834020535,
        "created_at": 1555377206,
        "text": "\ud83d\udc4f",
        "owner": {
            "id": "12268886609",
            "is_verified": false,
            "profile_pic_url": "https://instagram.fbga1-4.fna.fbcdn.net/v/t51.2885-19/s150x150/96136655_670982157082737_6270481028993777664_n.jpg?_nc_ht=instagram.fbga1-4.fna.fbcdn.net&_nc_ohc=LO2xFA51KCUAX9jFkFz&oh=d22054ec7f0050986c8d90139e77c102&oe=5F954084",
            "username": "luisa.alzate.16"
        },
        "likes_count": 1,
        "answers": []
    },
    {
        "id": 17874168154345249,
        "created_at": 1555350753,
        "text": "\ud83d\ude0d",
        "owner": {
            "id": "375760050",
            "is_verified": false,
            "profile_pic_url": "https://instagram.fbga1-4.fna.fbcdn.net/v/t51.2885-19/10597461_553919671386925_1025138751_a.jpg?_nc_ht=instagram.fbga1-4.fna.fbcdn.net&_nc_ohc=a6loL_lV2bEAX9Kgvj6&oh=a23b696efeb5be8954ee4cf57b40037e&oe=5F987CD6",
            "username": "mariatsamper"
        },
        "likes_count": 1,
        "answers": []
    }
]