[
    {
        "id": 17880227143370392,
        "created_at": 1560049553,
        "text": "Precio talla 6 y 12",
        "owner": {
            "id": "993315230",
            "is_verified": false,
            "profile_pic_url": "https://instagram.fbga1-4.fna.fbcdn.net/v/t51.2885-19/s150x150/118630464_191768242318590_3785875027206694932_n.jpg?_nc_ht=instagram.fbga1-4.fna.fbcdn.net&_nc_ohc=CQTQrHIv-LQAX-inTAr&oh=aa93f0cfb1a87f6d023df63f6e1930f2&oe=5F966D49",
            "username": "cirly_24"
        },
        "likes_count": 0,
        "answers": []
    },
    {
        "id": 18069685192017321,
        "created_at": 1558650629,
        "text": "@liviacorinapintor",
        "owner": {
            "id": "371135108",
            "is_verified": false,
            "profile_pic_url": "https://instagram.fbga1-4.fna.fbcdn.net/v/t51.2885-19/s150x150/93861144_261295195007609_2894001976826134528_n.jpg?_nc_ht=instagram.fbga1-4.fna.fbcdn.net&_nc_ohc=kuH4CZIeeIcAX8suft1&oh=ef95e5178306377f88a02cd24cd3a2bb&oe=5F9623B3",
            "username": "silpaolsen"
        },
        "likes_count": 0,
        "answers": []
    },
    {
        "id": 17971974907260168,
        "created_at": 1558552162,
        "text": "Y quien no le gusta epk. Soy cliente de Venezuela y al mudarme a Colombia soy fiel...la ropa es demasiado bella y muy buena calidad",
        "owner": {
            "id": "5897928636",
            "is_verified": false,
            "profile_pic_url": "https://instagram.fbga1-4.fna.fbcdn.net/v/t51.2885-19/s150x150/95697499_833245567161886_726161661311844352_n.jpg?_nc_ht=instagram.fbga1-4.fna.fbcdn.net&_nc_ohc=VPAyL4FiwFEAX9l7q0Y&oh=eecf79efcefa6e41dd029bfcc0d0eb13&oe=5F9780A8",
            "username": "claudiaquintanam"
        },
        "likes_count": 1,
        "answers": []
    },
    {
        "id": 17866878739390169,
        "created_at": 1558549537,
        "text": "Hola en Bucaramanga hay?",
        "owner": {
            "id": "1477095492",
            "is_verified": false,
            "profile_pic_url": "https://instagram.fbga1-4.fna.fbcdn.net/v/t51.2885-19/s150x150/96518542_519470168731172_9042717083795718144_n.jpg?_nc_ht=instagram.fbga1-4.fna.fbcdn.net&_nc_ohc=que7jSizK-UAX9llNeL&oh=b4ef309251d1a90a5ad540c650e875ac&oe=5F959CE1",
            "username": "mayealme0528"
        },
        "likes_count": 0,
        "answers": []
    },
    {
        "id": 17846904676448458,
        "created_at": 1558535479,
        "text": "A mi me encanta el servicio al cliente de plaza imperial las chicas se levantan ayudan a buscar tallas todo y atienden bien nose de otros puntos pero este es bueno.",
        "owner": {
            "id": "1639107386",
            "is_verified": false,
            "profile_pic_url": "https://instagram.fbga1-4.fna.fbcdn.net/v/t51.2885-19/s150x150/118692677_324944398617878_9220541245816189071_n.jpg?_nc_ht=instagram.fbga1-4.fna.fbcdn.net&_nc_ohc=4FegDZM7RYIAX_BJziM&oh=156c03d136964a313221e68f3bc50541&oe=5F98359A",
            "username": "alejandraavellaneda52"
        },
        "likes_count": 2,
        "answers": [
            {
                "id": 17860546801406067,
                "created_at": 1558542863,
                "text": "@alejandraavellaneda52 Gracias Alejandra por preferirnos y pertenecer a la familia EPK \u2764\ufe0f",
                "owner": {
                    "id": "208034677",
                    "is_verified": true,
                    "profile_pic_url": "https://instagram.fbga1-4.fna.fbcdn.net/v/t51.2885-19/s150x150/116713279_329296981536344_3404171181868667674_n.jpg?_nc_ht=instagram.fbga1-4.fna.fbcdn.net&_nc_ohc=e_8u8kf3ZDMAX9GL6vk&oh=cb797d66d56f5631c9bff6ad98af462e&oe=5F97C031",
                    "username": "epk"
                },
                "likes_count": 0
            }
        ]
    },
    {
        "id": 18003932398202056,
        "created_at": 1558489527,
        "text": "La colecci\u00f3n est\u00e1 chevere pero es una verg\u00fcenza el servicio al cliente q tienen, es la peor atenci\u00f3n de la vida entera. ! Cero recomendado",
        "owner": {
            "id": "229488996",
            "is_verified": false,
            "profile_pic_url": "https://instagram.fbga1-4.fna.fbcdn.net/v/t51.2885-19/10401670_1499864166895133_217721347_a.jpg?_nc_ht=instagram.fbga1-4.fna.fbcdn.net&_nc_ohc=k1RVjwb_h0cAX9KDlmY&oh=271b597d82bdf1f9d7a61caa435ec606&oe=5F95046F",
            "username": "gabrielaqd"
        },
        "likes_count": 1,
        "answers": [
            {
                "id": 18069408745005181,
                "created_at": 1558542797,
                "text": "@stephany_molina Hola stephany! Gracias por comentarnos sobre tu experiencia. Recuerda escribirnos a cualquiera de nuestros canales cuando tengas inconvenientes y nosotros te ayudaremos con todo gusto! Nuestros clientes y ni\u00f1@s EPK son lo m\u00e1s importante para nosotros! \u2764\ufe0f",
                "owner": {
                    "id": "208034677",
                    "profile_pic_url": "https://instagram.fbga1-4.fna.fbcdn.net/v/t51.2885-19/s150x150/116713279_329296981536344_3404171181868667674_n.jpg?_nc_ht=instagram.fbga1-4.fna.fbcdn.net&_nc_ohc=e_8u8kf3ZDMAX9GL6vk&oh=cb797d66d56f5631c9bff6ad98af462e&oe=5F97C031",
                    "username": "epk"
                },
                "likes_count": 0
            },
            {
                "id": 18064384105067596,
                "created_at": 1558536379,
                "text": "@epk ya lo envi\u00e9 !! Ojal\u00e1 me den respuesta porque lo q hicieron fue una falta de respeto con el cliente",
                "owner": {
                    "id": "229488996",
                    "profile_pic_url": "https://instagram.fbga1-4.fna.fbcdn.net/v/t51.2885-19/10401670_1499864166895133_217721347_a.jpg?_nc_ht=instagram.fbga1-4.fna.fbcdn.net&_nc_ohc=k1RVjwb_h0cAX9KDlmY&oh=271b597d82bdf1f9d7a61caa435ec606&oe=5F95046F",
                    "username": "gabrielaqd"
                },
                "likes_count": 0
            },
            {
                "id": 18041562598082547,
                "created_at": 1558542481,
                "text": "@gabrielaqd totalmente de acuerdo, en el Almac\u00e9n de Palmira, depende de qui\u00e9n est\u00e9 ese d\u00eda, cuando est\u00e1 el administrador(hombre) todo es perfecto, pero no est\u00e1 el se\u00f1or, y las jovencitas ni se dignan a acercarse a preguntar en qu\u00e9 pueden ayudarle a uno.",
                "owner": {
                    "id": "719638249",
                    "profile_pic_url": "https://instagram.fbga1-4.fna.fbcdn.net/v/t51.2885-19/s150x150/118535432_995421007568346_7383594867093899883_n.jpg?_nc_ht=instagram.fbga1-4.fna.fbcdn.net&_nc_ohc=e5q0uicN9rYAX_sfSOs&oh=785e3f57ac1de7a4ed7459d83d5f4a0e&oe=5F966CAF",
                    "username": "stephany_molina"
                },
                "likes_count": 0
            },
            {
                "id": 18041372176095865,
                "created_at": 1558542831,
                "text": "@gabrielaqd estaremos revisando y te daremos respuesta lo m\u00e1s pronto posible Gabriela!",
                "owner": {
                    "id": "208034677",
                    "profile_pic_url": "https://instagram.fbga1-4.fna.fbcdn.net/v/t51.2885-19/s150x150/116713279_329296981536344_3404171181868667674_n.jpg?_nc_ht=instagram.fbga1-4.fna.fbcdn.net&_nc_ohc=e_8u8kf3ZDMAX9GL6vk&oh=cb797d66d56f5631c9bff6ad98af462e&oe=5F97C031",
                    "username": "epk"
                },
                "likes_count": 0
            },
            {
                "id": 17956977868279882,
                "created_at": 1558503419,
                "text": "@gabrielaqd Hola Gabriela! Gracias por contactarnos! Por favor cu\u00e9ntanos tu experiencia por mensaje interno y tambi\u00e9n comp\u00e1rtenos tus datos para poder ayudarte mas a fondo. Nuestros clientes son lo mas importante para nosotros \ud83d\udc9c",
                "owner": {
                    "id": "208034677",
                    "profile_pic_url": "https://instagram.fbga1-4.fna.fbcdn.net/v/t51.2885-19/s150x150/116713279_329296981536344_3404171181868667674_n.jpg?_nc_ht=instagram.fbga1-4.fna.fbcdn.net&_nc_ohc=e_8u8kf3ZDMAX9GL6vk&oh=cb797d66d56f5631c9bff6ad98af462e&oe=5F97C031",
                    "username": "epk"
                },
                "likes_count": 0
            }
        ]
    }
]