{
    "instaloader": {
        "node_type": "Post",
        "version": "4.5.3"
    },
    "node": {
        "__typename": "GraphVideo",
        "caption_is_edited": false,
        "commenting_disabled_for_viewer": false,
        "comments_disabled": false,
        "dash_info": {
            "is_dash_eligible": false,
            "number_of_qualities": 0,
            "video_dash_manifest": null
        },
        "dimensions": {
            "height": 608,
            "width": 1080
        },
        "display_resources": [
            {
                "config_height": 360,
                "config_width": 640,
                "src": "https://instagram.fbga1-4.fna.fbcdn.net/v/t51.2885-15/sh0.08/e35/s640x640/51780432_131338181249632_7635009725594318763_n.jpg?_nc_ht=instagram.fbga1-4.fna.fbcdn.net&_nc_cat=104&_nc_ohc=HN4nKhy7UvcAX84ql0s&oh=c99fc577579dcd9712e4f7c9ccf24254&oe=5F6F66A4"
            },
            {
                "config_height": 422,
                "config_width": 750,
                "src": "https://instagram.fbga1-4.fna.fbcdn.net/v/t51.2885-15/sh0.08/e35/s750x750/51780432_131338181249632_7635009725594318763_n.jpg?_nc_ht=instagram.fbga1-4.fna.fbcdn.net&_nc_cat=104&_nc_ohc=HN4nKhy7UvcAX84ql0s&oh=996cddb36882f9cd45704506b85e4be2&oe=5F6F35A4"
            },
            {
                "config_height": 608,
                "config_width": 1080,
                "src": "https://instagram.fbga1-4.fna.fbcdn.net/v/t51.2885-15/e35/51780432_131338181249632_7635009725594318763_n.jpg?_nc_ht=instagram.fbga1-4.fna.fbcdn.net&_nc_cat=104&_nc_ohc=HN4nKhy7UvcAX84ql0s&_nc_tp=18&oh=a145158420729ae76c1aa71bad4f955c&oe=5F6F80C7"
            }
        ],
        "display_url": "https://instagram.fbga1-4.fna.fbcdn.net/v/t51.2885-15/e35/51780432_131338181249632_7635009725594318763_n.jpg?_nc_ht=instagram.fbga1-4.fna.fbcdn.net&_nc_cat=104&_nc_ohc=HN4nKhy7UvcAX84ql0s&_nc_tp=18&oh=a145158420729ae76c1aa71bad4f955c&oe=5F6F80C7",
        "edge_media_preview_like": {
            "count": 428,
            "edges": []
        },
        "edge_media_to_caption": {
            "edges": [
                {
                    "node": {
                        "text": "Tu pr\u00edncipe se ver\u00e1 espectacular con su look EPK.C\u00f3mpralo ya sin salir de casa en epk.com o vis\u00edtanos en tu tienda EPK m\u00e1s cercana.\n\n#ModaInfantil #Fashion #Ni\u00f1os #Ni\u00f1as #Kids #EPK #SoyEPK #EPKmegusta #LookEPK #EPKstyle #Tendencias"
                    }
                }
            ]
        },
        "edge_media_to_comment": {
            "count": 6,
            "edges": [],
            "page_info": {
                "end_cursor": "",
                "has_next_page": true
            }
        },
        "edge_media_to_sponsor_user": {
            "edges": []
        },
        "edge_media_to_tagged_user": {
            "edges": []
        },
        "edge_web_media_to_related_media": {
            "edges": []
        },
        "encoding_status": null,
        "fact_check_information": null,
        "fact_check_overall_rating": null,
        "gating_info": null,
        "has_ranked_comments": false,
        "id": "1983043349616890376",
        "is_ad": false,
        "is_published": true,
        "is_video": true,
        "location": null,
        "media_preview": "ACoXrW5+YfT+lWXDMCE+8elVbb7w+n9KtyP5Y3ehzQBH5LRncejc89c96rzjC/jmrjXSzqNmeOMnjmoHj3jmjYNynHcfuvLC56jdn1IP6YqYAelL9lGODTvs/vRcCCCQhh0/X0q1IpcYPJPAH+eB/nk0UUAFvEULemePY9/8M1ZIooqRiYpdtFFIZ//Z",
        "owner": {
            "biography": "Bienvenido a la cuenta oficial de EPK. \nModa infantil en tendencia, un #LookEPK para cada ocasi\u00f3n.",
            "blocked_by_viewer": false,
            "business_category_name": "Personal Goods & General Merchandise Stores",
            "business_email": "info@epk.com",
            "category_enum": "CHILDRENS_CLOTHING_STORE",
            "connected_fb_page": null,
            "country_block": false,
            "edge_follow": {
                "count": 9
            },
            "edge_followed_by": {
                "count": 765277
            },
            "edge_mutual_followed_by": {
                "count": 0,
                "edges": []
            },
            "edge_related_profiles": {
                "edges": [
                    {
                        "node": {
                            "full_name": "Laurita Acun\u0303a",
                            "id": "54406925",
                            "is_private": false,
                            "is_verified": true,
                            "profile_pic_url": "https://instagram.fbga1-4.fna.fbcdn.net/v/t51.2885-19/s150x150/116752108_1674171839418913_6429239951265148496_n.jpg?_nc_ht=instagram.fbga1-4.fna.fbcdn.net&_nc_ohc=Yi5RcYZ42GQAX9woIMH&oh=3aee2283c678e7c804733fb566031d1b&oe=5F95D10B",
                            "username": "lauraacunaayala"
                        }
                    },
                    {
                        "node": {
                            "full_name": "Ve\u0301lez for Leather Lovers",
                            "id": "301076131",
                            "is_private": false,
                            "is_verified": true,
                            "profile_pic_url": "https://instagram.fbga1-4.fna.fbcdn.net/v/t51.2885-19/s150x150/119183881_167664594939091_7522221367920243819_n.jpg?_nc_ht=instagram.fbga1-4.fna.fbcdn.net&_nc_ohc=dsaqi9xuPHUAX-oJndT&oh=1d17588ed13a16e48eb85d29442911d6&oe=5F98761F",
                            "username": "velezforleatherlovers"
                        }
                    },
                    {
                        "node": {
                            "full_name": "Andrea Serna",
                            "id": "253203290",
                            "is_private": false,
                            "is_verified": true,
                            "profile_pic_url": "https://instagram.fbga1-4.fna.fbcdn.net/v/t51.2885-19/s150x150/13188134_1144364565581964_1724415350_a.jpg?_nc_ht=instagram.fbga1-4.fna.fbcdn.net&_nc_ohc=NPt2QdEgck8AX_6ovY8&oh=458da3396975775eb216db6cd0e0977b&oe=5F96A827",
                            "username": "andreasernafotos"
                        }
                    },
                    {
                        "node": {
                            "full_name": "Cata G\u00f3mez",
                            "id": "1191019715",
                            "is_private": false,
                            "is_verified": true,
                            "profile_pic_url": "https://instagram.fbga1-4.fna.fbcdn.net/v/t51.2885-19/s150x150/12142443_1511349362518491_1826099045_a.jpg?_nc_ht=instagram.fbga1-4.fna.fbcdn.net&_nc_ohc=9KdBSPFsUsAAX9jwMR_&oh=436a1955b45e0a74fc7215af04b12cce&oe=5F959060",
                            "username": "apuntesdecata"
                        }
                    },
                    {
                        "node": {
                            "full_name": "La Red Caracol",
                            "id": "457424330",
                            "is_private": false,
                            "is_verified": true,
                            "profile_pic_url": "https://instagram.fbga1-4.fna.fbcdn.net/v/t51.2885-19/s150x150/106063742_619560818917126_2931329653253372322_n.jpg?_nc_ht=instagram.fbga1-4.fna.fbcdn.net&_nc_ohc=i5FTJdlbjd0AX9Vs6hL&oh=e4268b2359ba9f1b0d94450fdd99830b&oe=5F968EA8",
                            "username": "laredcaracoltv"
                        }
                    },
                    {
                        "node": {
                            "full_name": "Daniella Alvarez",
                            "id": "256779097",
                            "is_private": false,
                            "is_verified": true,
                            "profile_pic_url": "https://instagram.fbga1-4.fna.fbcdn.net/v/t51.2885-19/s150x150/117302054_115660623577028_6681978611380119848_n.jpg?_nc_ht=instagram.fbga1-4.fna.fbcdn.net&_nc_ohc=v7NRwbHKUzMAX8ftz5J&oh=bc5006b0f70d7ed5e1007dbe6ee2ef9b&oe=5F9570C6",
                            "username": "danielaalvareztv"
                        }
                    },
                    {
                        "node": {
                            "full_name": "Jessica Cediel",
                            "id": "196174954",
                            "is_private": false,
                            "is_verified": true,
                            "profile_pic_url": "https://instagram.fbga1-4.fna.fbcdn.net/v/t51.2885-19/s150x150/119779346_211009543702486_8041850253770016049_n.jpg?_nc_ht=instagram.fbga1-4.fna.fbcdn.net&_nc_ohc=HNUjUi2JCv4AX9cZJmc&oh=a7b4a08d8aa3b0b86443b63c92eb1f73&oe=5F95B99F",
                            "username": "jessicacedielnet"
                        }
                    },
                    {
                        "node": {
                            "full_name": "Johana Bahamo\u0301n",
                            "id": "26936639",
                            "is_private": false,
                            "is_verified": true,
                            "profile_pic_url": "https://instagram.fbga1-4.fna.fbcdn.net/v/t51.2885-19/s150x150/106495505_391403931818438_1556212512374780832_n.jpg?_nc_ht=instagram.fbga1-4.fna.fbcdn.net&_nc_ohc=EAYZlOqaOWAAX_JHjpE&oh=de39fe9250035d50e4d127d308da0311&oe=5F97837D",
                            "username": "johana_bahamon_"
                        }
                    },
                    {
                        "node": {
                            "full_name": "BOSI",
                            "id": "232286468",
                            "is_private": false,
                            "is_verified": true,
                            "profile_pic_url": "https://instagram.fbga1-4.fna.fbcdn.net/v/t51.2885-19/s150x150/73512746_518727375344437_2571377219100213248_n.jpg?_nc_ht=instagram.fbga1-4.fna.fbcdn.net&_nc_ohc=0QM-bu6x3kYAX-KVUea&oh=08134978f23add8483a149b7d27d088f&oe=5F968923",
                            "username": "mybosi"
                        }
                    },
                    {
                        "node": {
                            "full_name": "Esprit Colombia",
                            "id": "7844403557",
                            "is_private": false,
                            "is_verified": true,
                            "profile_pic_url": "https://instagram.fbga1-4.fna.fbcdn.net/v/t51.2885-19/s150x150/39506738_2123610524528551_7104097317443076096_n.jpg?_nc_ht=instagram.fbga1-4.fna.fbcdn.net&_nc_ohc=0McSO99o11MAX8ocPho&oh=598ca1ef7978084cd3e77ab77ecba954&oe=5F96F317",
                            "username": "espritcolombia"
                        }
                    },
                    {
                        "node": {
                            "full_name": "Petit Bowtique",
                            "id": "649008006",
                            "is_private": false,
                            "is_verified": false,
                            "profile_pic_url": "https://instagram.fbga1-4.fna.fbcdn.net/v/t51.2885-19/s150x150/93795345_664012891087394_7802970753715929088_n.jpg?_nc_ht=instagram.fbga1-4.fna.fbcdn.net&_nc_ohc=ed2vt2EPjf0AX9iMtBK&oh=797fc47acf0fa33774494bd5daa69bf5&oe=5F97415B",
                            "username": "petit_bowtique"
                        }
                    },
                    {
                        "node": {
                            "full_name": "\ud83c\udf08Con amor Boutique infantil\u00ae\ud83e\udd84",
                            "id": "1013340274",
                            "is_private": false,
                            "is_verified": false,
                            "profile_pic_url": "https://instagram.fbga1-4.fna.fbcdn.net/v/t51.2885-19/s150x150/115809349_1251415978540978_2040151427953163845_n.jpg?_nc_ht=instagram.fbga1-4.fna.fbcdn.net&_nc_ohc=qy_guJC4_ksAX_XMsk7&oh=7f7cb6355a3d4dc7082665373f09e82e&oe=5F94E67E",
                            "username": "conamor_boutiqueinfantil"
                        }
                    }
                ]
            },
            "external_url": "http://www.epk.com/",
            "external_url_linkshimmed": "https://l.instagram.com/?u=http%3A%2F%2Fwww.epk.com%2F&e=ATMjiqyhbD5DYtgKDkSHbZe8WaKJEDksEOIGyL0HCZl4nFF2t4GBgFG9eYktp2j_nfYoiMEe1ed9EyOV&s=1",
            "followed_by_viewer": false,
            "follows_viewer": false,
            "full_name": "EPK",
            "has_ar_effects": false,
            "has_blocked_viewer": false,
            "has_channel": false,
            "has_clips": false,
            "has_guides": false,
            "has_requested_viewer": false,
            "highlight_reel_count": 9,
            "id": "208034677",
            "is_business_account": true,
            "is_joined_recently": false,
            "is_private": false,
            "is_verified": true,
            "overall_category_name": null,
            "profile_pic_url": "https://instagram.fbga1-4.fna.fbcdn.net/v/t51.2885-19/s150x150/116713279_329296981536344_3404171181868667674_n.jpg?_nc_ht=instagram.fbga1-4.fna.fbcdn.net&_nc_ohc=e_8u8kf3ZDMAX9GL6vk&oh=cb797d66d56f5631c9bff6ad98af462e&oe=5F97C031",
            "profile_pic_url_hd": "https://instagram.fbga1-4.fna.fbcdn.net/v/t51.2885-19/s320x320/116713279_329296981536344_3404171181868667674_n.jpg?_nc_ht=instagram.fbga1-4.fna.fbcdn.net&_nc_ohc=e_8u8kf3ZDMAX9GL6vk&oh=60bd6a90c3930edf10b1b6fc6f56f5da&oe=5F95C449",
            "requested_by_viewer": false,
            "restricted_by_viewer": null,
            "username": "epk"
        },
        "product_type": "feed",
        "shortcode": "BuFL2t8HZII",
        "taken_at_timestamp": 1550617215,
        "thumbnail_resources": [
            {
                "config_height": 150,
                "config_width": 150,
                "src": "https://instagram.fbga1-4.fna.fbcdn.net/v/t51.2885-15/e35/c236.0.608.608a/s150x150/51780432_131338181249632_7635009725594318763_n.jpg?_nc_ht=instagram.fbga1-4.fna.fbcdn.net&_nc_cat=104&_nc_ohc=HN4nKhy7UvcAX84ql0s&_nc_tp=16&oh=231b0cd1252e83af179aba81c96e21d6&oe=5F6F52EA"
            },
            {
                "config_height": 240,
                "config_width": 240,
                "src": "https://instagram.fbga1-4.fna.fbcdn.net/v/t51.2885-15/e35/c236.0.608.608a/s240x240/51780432_131338181249632_7635009725594318763_n.jpg?_nc_ht=instagram.fbga1-4.fna.fbcdn.net&_nc_cat=104&_nc_ohc=HN4nKhy7UvcAX84ql0s&_nc_tp=16&oh=b96ba6c87dedec8ed4f80c7bf10c144c&oe=5F6F7FA4"
            },
            {
                "config_height": 320,
                "config_width": 320,
                "src": "https://instagram.fbga1-4.fna.fbcdn.net/v/t51.2885-15/e35/c236.0.608.608a/s320x320/51780432_131338181249632_7635009725594318763_n.jpg?_nc_ht=instagram.fbga1-4.fna.fbcdn.net&_nc_cat=104&_nc_ohc=HN4nKhy7UvcAX84ql0s&_nc_tp=16&oh=0cc520c6baf59ebe9db7aa0ae7266870&oe=5F6F5B9A"
            },
            {
                "config_height": 480,
                "config_width": 480,
                "src": "https://instagram.fbga1-4.fna.fbcdn.net/v/t51.2885-15/e35/c236.0.608.608a/s480x480/51780432_131338181249632_7635009725594318763_n.jpg?_nc_ht=instagram.fbga1-4.fna.fbcdn.net&_nc_cat=104&_nc_ohc=HN4nKhy7UvcAX84ql0s&_nc_tp=16&oh=1cc708633d437a3a8f923175ae8f53c9&oe=5F6F8244"
            },
            {
                "config_height": 640,
                "config_width": 640,
                "src": "https://instagram.fbga1-4.fna.fbcdn.net/v/t51.2885-15/e35/c236.0.608.608a/51780432_131338181249632_7635009725594318763_n.jpg?_nc_ht=instagram.fbga1-4.fna.fbcdn.net&_nc_cat=104&_nc_ohc=HN4nKhy7UvcAX84ql0s&oh=91a4bfc13c6e61fe0334a9f2085a7f2c&oe=5F6F4CDE"
            }
        ],
        "thumbnail_src": "https://instagram.fbga1-4.fna.fbcdn.net/v/t51.2885-15/e35/c236.0.608.608a/51780432_131338181249632_7635009725594318763_n.jpg?_nc_ht=instagram.fbga1-4.fna.fbcdn.net&_nc_cat=104&_nc_ohc=HN4nKhy7UvcAX84ql0s&oh=91a4bfc13c6e61fe0334a9f2085a7f2c&oe=5F6F4CDE",
        "title": "",
        "tracking_token": "eyJ2ZXJzaW9uIjo1LCJwYXlsb2FkIjp7ImlzX2FuYWx5dGljc190cmFja2VkIjp0cnVlLCJ1dWlkIjoiMWI1OTg3MWUyZDBmNDY4NmJkNzMzMjY4NjFjZTBiYzkxOTgzMDQzMzQ5NjE2ODkwMzc2In0sInNpZ25hdHVyZSI6IiJ9",
        "video_duration": 8.64,
        "video_url": "https://instagram.fbga1-4.fna.fbcdn.net/v/t50.2886-16/52660749_2402198053351164_572879327762219186_n.mp4?efg=eyJ2ZW5jb2RlX3RhZyI6InZ0c192b2RfdXJsZ2VuLjk2MC5mZWVkLmRlZmF1bHQiLCJxZV9ncm91cHMiOiJbXCJpZ193ZWJfZGVsaXZlcnlfdnRzX290ZlwiXSJ9&_nc_ht=instagram.fbga1-4.fna.fbcdn.net&_nc_cat=100&_nc_ohc=_B3lAergS14AX9UhFcl&vs=17879923711307641_3437015236&_nc_vs=HBksFQAYJEdBMktJd1A4YnFaUnlZZ0lBTEtBYnA2MlJ2TUhia1lMQUFBRhUAAsgBABUAGCRHQzMwTFFOX1VVS3c4bG9CQU1ySm0ydDFLZlZ3YmtZTEFBQUYVAgLIAQAoABgAGwAVAAAYABaSlfGSm%2FbbPxUCKAJDMywXQCFHrhR64UgYEmRhc2hfYmFzZWxpbmVfMV92MREAdeoHAA%3D%3D&oe=5F6F27FA&oh=f68f5eb42fb5bb0739305d689e422f29",
        "video_view_count": 8497,
        "viewer_can_reshare": true,
        "viewer_has_liked": false,
        "viewer_has_saved": false,
        "viewer_has_saved_to_collection": false,
        "viewer_in_photo_of_you": false
    }
}