[
    {
        "id": 17881984501341185,
        "created_at": 1556729773,
        "text": "Hola buenas tardes las gafas de la ni\u00f1a est\u00e1n disponibles",
        "owner": {
            "id": "1965096449",
            "is_verified": false,
            "profile_pic_url": "https://instagram.fbga1-4.fna.fbcdn.net/v/t51.2885-19/s150x150/11265340_1484977818461396_1681262202_a.jpg?_nc_ht=instagram.fbga1-4.fna.fbcdn.net&_nc_ohc=HxyfQFy6KmMAX8PC-PQ&oh=ff0013d0e708a4c2880a389dbab50e1a&oe=5F95382B",
            "username": "elimora2333"
        },
        "likes_count": 1,
        "answers": []
    },
    {
        "id": 17880864766340737,
        "created_at": 1556419943,
        "text": "))ll0\u00f1((_kwkokeki\u00f1\u00f5okj8be",
        "owner": {
            "id": "3248205855",
            "is_verified": false,
            "profile_pic_url": "https://instagram.fbga1-4.fna.fbcdn.net/v/t51.2885-19/s150x150/118989648_3309232349156439_14210936436290362_n.jpg?_nc_ht=instagram.fbga1-4.fna.fbcdn.net&_nc_ohc=v1oJzpdXtcIAX8Kmh5O&oh=6c446cca020ce2384abb01138af184b6&oe=5F97C52B",
            "username": "july_orozco07"
        },
        "likes_count": 2,
        "answers": []
    },
    {
        "id": 18028466539177401,
        "created_at": 1556400288,
        "text": "8",
        "owner": {
            "id": "631197636",
            "is_verified": false,
            "profile_pic_url": "https://instagram.fbga1-4.fna.fbcdn.net/v/t51.2885-19/s150x150/93949319_1148821388800409_8122576896757071872_n.jpg?_nc_ht=instagram.fbga1-4.fna.fbcdn.net&_nc_ohc=TYNY2soxmKMAX_wUiHa&oh=19f827f9da639fed1d6ab393a02a601c&oe=5F952EA8",
            "username": "wendyrivero15"
        },
        "likes_count": 1,
        "answers": []
    }
]