[
    {
        "id": 18014716831181356,
        "created_at": 1552963001,
        "text": "estamos en mall plaza Manizales primer nivel",
        "owner": {
            "id": "6041616382",
            "is_verified": false,
            "profile_pic_url": "https://instagram.fbga1-4.fna.fbcdn.net/v/t51.2885-19/s150x150/67650106_1127822734271852_1348894471411990528_n.jpg?_nc_ht=instagram.fbga1-4.fna.fbcdn.net&_nc_ohc=VUIf5TJyWpwAX9oS0ch&oh=57844e964ff0c40fdd76cb7f61f8647c&oe=5F962866",
            "username": "ale.7166"
        },
        "likes_count": 0,
        "answers": [
            {
                "id": 18020134861139006,
                "created_at": 1553099034,
                "text": "@ale.7166 \u2764\ufe0f\u2764\ufe0f",
                "owner": {
                    "id": "208034677",
                    "is_verified": true,
                    "profile_pic_url": "https://instagram.fbga1-4.fna.fbcdn.net/v/t51.2885-19/s150x150/116713279_329296981536344_3404171181868667674_n.jpg?_nc_ht=instagram.fbga1-4.fna.fbcdn.net&_nc_ohc=e_8u8kf3ZDMAX9GL6vk&oh=cb797d66d56f5631c9bff6ad98af462e&oe=5F97C031",
                    "username": "epk"
                },
                "likes_count": 0
            }
        ]
    },
    {
        "id": 17980414651210615,
        "created_at": 1552941439,
        "text": "Buenas tardes @epk  me gustar\u00eda saber c\u00f3mo hago para colocar a mi hija de modelo para su marca \ud83d\ude4f\ud83c\udffb\ud83d\ude4f\ud83c\udffb",
        "owner": {
            "id": "367757860",
            "is_verified": false,
            "profile_pic_url": "https://instagram.fbga1-4.fna.fbcdn.net/v/t51.2885-19/s150x150/52514244_407535249822800_1685128911052079104_n.jpg?_nc_ht=instagram.fbga1-4.fna.fbcdn.net&_nc_ohc=TZRA2guFFS8AX8x54LN&oh=1b96bc72adc2a26736a8df6a8f32f981&oe=5F97D175",
            "username": "yulyyaky"
        },
        "likes_count": 0,
        "answers": [
            {
                "id": 18015195718178336,
                "created_at": 1553099075,
                "text": "@yulyyaky Hola! Sigue atenta a nuestras redes, la pr\u00f3xima convocatoria de Modelo EPK ser\u00e1 el segundo semestre de este a\u00f1o. Feliz d\u00eda \u2764\ufe0f",
                "owner": {
                    "id": "208034677",
                    "is_verified": true,
                    "profile_pic_url": "https://instagram.fbga1-4.fna.fbcdn.net/v/t51.2885-19/s150x150/116713279_329296981536344_3404171181868667674_n.jpg?_nc_ht=instagram.fbga1-4.fna.fbcdn.net&_nc_ohc=e_8u8kf3ZDMAX9GL6vk&oh=cb797d66d56f5631c9bff6ad98af462e&oe=5F97C031",
                    "username": "epk"
                },
                "likes_count": 0
            }
        ]
    },
    {
        "id": 17937535945273465,
        "created_at": 1552932177,
        "text": "\ud83e\udd29",
        "owner": {
            "id": "193513386",
            "is_verified": true,
            "profile_pic_url": "https://instagram.fbga1-4.fna.fbcdn.net/v/t51.2885-19/s150x150/23101659_1522943334438010_4318393834338779136_n.jpg?_nc_ht=instagram.fbga1-4.fna.fbcdn.net&_nc_ohc=ZKq2Spk2eZgAX8ixx_L&oh=53a12df6b55ab457764a23c414b15d36&oe=5F962063",
            "username": "dianajanna"
        },
        "likes_count": 1,
        "answers": [
            {
                "id": 17936819176272851,
                "created_at": 1553099025,
                "text": "@dianajanna \u2764\ufe0f\u2764\ufe0f",
                "owner": {
                    "id": "208034677",
                    "is_verified": true,
                    "profile_pic_url": "https://instagram.fbga1-4.fna.fbcdn.net/v/t51.2885-19/s150x150/116713279_329296981536344_3404171181868667674_n.jpg?_nc_ht=instagram.fbga1-4.fna.fbcdn.net&_nc_ohc=e_8u8kf3ZDMAX9GL6vk&oh=cb797d66d56f5631c9bff6ad98af462e&oe=5F97C031",
                    "username": "epk"
                },
                "likes_count": 0
            }
        ]
    }
]