[
    {
        "id": 18051312499017940,
        "created_at": 1554329660,
        "text": "\ud83d\udc9c\ud83d\udc9a",
        "owner": {
            "id": "6120632835",
            "is_verified": false,
            "profile_pic_url": "https://instagram.fbga1-4.fna.fbcdn.net/v/t51.2885-19/s150x150/22580652_1636328399775118_2947349190084132864_n.jpg?_nc_ht=instagram.fbga1-4.fna.fbcdn.net&_nc_ohc=QUNsCX8b8eIAX9u8RbI&oh=f66844498e39478408fa636756d91b0f&oe=5F96A4BE",
            "username": "deylahouse"
        },
        "likes_count": 1,
        "answers": []
    },
    {
        "id": 18019819882147737,
        "created_at": 1554313692,
        "text": "\ud83d\udc95\ud83d\udc95\ud83d\udc95",
        "owner": {
            "id": "245681620",
            "is_verified": false,
            "profile_pic_url": "https://instagram.fbga1-4.fna.fbcdn.net/v/t51.2885-19/s150x150/104133654_311167453222066_1949182632895521760_n.jpg?_nc_ht=instagram.fbga1-4.fna.fbcdn.net&_nc_ohc=Q4a1PA9cAWoAX-BVW_H&oh=da3886432773c20c1c802a39c6abde9a&oe=5F956798",
            "username": "losapuntesdegoyis"
        },
        "likes_count": 2,
        "answers": []
    },
    {
        "id": 17976698803226637,
        "created_at": 1554312899,
        "text": "\ud83d\ude0d",
        "owner": {
            "id": "193513386",
            "is_verified": true,
            "profile_pic_url": "https://instagram.fbga1-4.fna.fbcdn.net/v/t51.2885-19/s150x150/23101659_1522943334438010_4318393834338779136_n.jpg?_nc_ht=instagram.fbga1-4.fna.fbcdn.net&_nc_ohc=ZKq2Spk2eZgAX8ixx_L&oh=53a12df6b55ab457764a23c414b15d36&oe=5F962063",
            "username": "dianajanna"
        },
        "likes_count": 2,
        "answers": []
    },
    {
        "id": 18034072093105299,
        "created_at": 1554306915,
        "text": "\ud83d\udcee Una buena noticia!!! Tambi\u00e9n disponible en #Diverplaza \ud83d\udc9a",
        "owner": {
            "id": "1170652694",
            "is_verified": false,
            "profile_pic_url": "https://instagram.fbga1-4.fna.fbcdn.net/v/t51.2885-19/s150x150/119641226_351128869578733_5472829493490956078_n.jpg?_nc_ht=instagram.fbga1-4.fna.fbcdn.net&_nc_ohc=VUiABo2jOiwAX9SH8cR&oh=40f07869f6719e5b8edcec6324116963&oe=5F95A76F",
            "username": "diverplazacc"
        },
        "likes_count": 2,
        "answers": []
    },
    {
        "id": 18035807419099909,
        "created_at": 1554306310,
        "text": "\ud83c\udf38\ud83c\udf08",
        "owner": {
            "id": "2829156817",
            "is_verified": false,
            "profile_pic_url": "https://instagram.fbga1-4.fna.fbcdn.net/v/t51.2885-19/s150x150/106097645_695918457930300_4045433711944746626_n.jpg?_nc_ht=instagram.fbga1-4.fna.fbcdn.net&_nc_ohc=v9oOaX5QKyYAX9Jhe7q&oh=c4c9ae89fd6252614c6d84f5296c6773&oe=5F97E2C6",
            "username": "valentina.hoyos1"
        },
        "likes_count": 2,
        "answers": []
    }
]