[
    {
        "id": 18030141952019904,
        "created_at": 1549377230,
        "text": "Kisiera saber como mi ni\u00f1o podr\u00eda ser parte de modelo EPK \ud83d\ude22\ud83d\ude32\ud83d\ude32\ud83d\ude32\ud83d\ude32\ud83d\ude09\ud83d\ude01\ud83d\ude01\ud83d\ude09\ud83d\ude09\ud83d\ude09\ud83d\ude1a\ud83d\ude1a",
        "owner": {
            "id": "8668854010",
            "is_verified": false,
            "profile_pic_url": "https://instagram.fbga1-4.fna.fbcdn.net/v/t51.2885-19/s150x150/53934247_297509644278978_3865653635086024704_n.jpg?_nc_ht=instagram.fbga1-4.fna.fbcdn.net&_nc_ohc=_T8rw9aMk6wAX_72qTI&oh=1acc5f247c3641edd1a86dee838fefe2&oe=5F96D7FD",
            "username": "marysalazar_101214"
        },
        "likes_count": 1,
        "answers": []
    },
    {
        "id": 17843479891364024,
        "created_at": 1549332360,
        "text": "Preciosura\ud83d\udc95",
        "owner": {
            "id": "286507326",
            "is_verified": false,
            "profile_pic_url": "https://instagram.fbga1-4.fna.fbcdn.net/v/t51.2885-19/s150x150/93849949_181996086168939_8997571574445899776_n.jpg?_nc_ht=instagram.fbga1-4.fna.fbcdn.net&_nc_ohc=QjIYih0auw4AX92EccA&oh=5e2824845419855654fb5abedd7ae698&oe=5F975039",
            "username": "lichebarakat"
        },
        "likes_count": 0,
        "answers": []
    },
    {
        "id": 18029878399037287,
        "created_at": 1549322008,
        "text": "Divino \ud83d\ude0d\ud83d\ude0d",
        "owner": {
            "id": "1185196140",
            "is_verified": false,
            "profile_pic_url": "https://scontent-mxp1-1.cdninstagram.com/v/t51.2885-19/44884218_345707102882519_2446069589734326272_n.jpg?_nc_ht=scontent-mxp1-1.cdninstagram.com&_nc_ohc=RLYRR3IenIMAX_vhM1z&oh=92b38670eebad934b3f4b51445337f91&oe=5F96310F&ig_cache_key=YW5vbnltb3VzX3Byb2ZpbGVfcGlj.2",
            "username": "claudiabarriosvilla"
        },
        "likes_count": 0,
        "answers": []
    },
    {
        "id": 18031738099030762,
        "created_at": 1549320816,
        "text": "\u2764\ufe0f\u2764\ufe0f\u2764\ufe0f",
        "owner": {
            "id": "309486877",
            "is_verified": false,
            "profile_pic_url": "https://instagram.fbga1-4.fna.fbcdn.net/v/t51.2885-19/s150x150/12224146_1518466371811953_2045705011_a.jpg?_nc_ht=instagram.fbga1-4.fna.fbcdn.net&_nc_ohc=uxfGmHudcpYAX_v2vWx&oh=5e221b63b1899561c064cdb7437d668d&oe=5F95327F",
            "username": "rafivergara13"
        },
        "likes_count": 0,
        "answers": []
    },
    {
        "id": 17908880164285431,
        "created_at": 1549320764,
        "text": "\ud83d\udc96",
        "owner": {
            "id": "214406433",
            "is_verified": false,
            "profile_pic_url": "https://instagram.fbga1-4.fna.fbcdn.net/v/t51.2885-19/s150x150/13557240_269265516783129_1737811773_a.jpg?_nc_ht=instagram.fbga1-4.fna.fbcdn.net&_nc_ohc=90_EOH8fToQAX_6MYbr&oh=5e91469963d0e85f7c9eaec2574ebcab&oe=5F96550B",
            "username": "gisellelosada"
        },
        "likes_count": 1,
        "answers": []
    }
]