[
    {
        "id": 18005738098092168,
        "created_at": 1549251315,
        "text": "Amo EPK",
        "owner": {
            "id": "4460789600",
            "is_verified": false,
            "profile_pic_url": "https://instagram.fbga1-4.fna.fbcdn.net/v/t51.2885-19/s150x150/17333799_103857486820899_1550628260671389696_a.jpg?_nc_ht=instagram.fbga1-4.fna.fbcdn.net&_nc_ohc=eMiMG3I-VegAX_yxqXg&oh=4d90e33e6a20f26686511fe922f0e74e&oe=5F960DE7",
            "username": "walee_mochilas_wayuu"
        },
        "likes_count": 0,
        "answers": []
    }
]