[
    {
        "id": 18008338783243534,
        "created_at": 1565621555,
        "text": "Hola tengo flia en California que parte de alla est\u00e1n ubicados??? Y me gustar\u00eda saber preciio de la camisa y el jeans porfavor",
        "owner": {
            "id": "306618434",
            "is_verified": false,
            "profile_pic_url": "https://instagram.fbga1-4.fna.fbcdn.net/v/t51.2885-19/s150x150/106792739_3232832250276285_287028653854467869_n.jpg?_nc_ht=instagram.fbga1-4.fna.fbcdn.net&_nc_ohc=3rllpf3vi2oAX-pAqTN&oh=8cc0e5c724bd22670908dca93c0e16ca&oe=5F961050",
            "username": "graceunicci"
        },
        "likes_count": 0,
        "answers": []
    }
]