[
    {
        "id": 17990335492169296,
        "created_at": 1548985939,
        "text": "No hacen env\u00edos a Venezuela, cu\u00e1nta falta nos hace la tienda preferida de nosotras las madres para adquirir la ropita m\u00e1s bella y de calidad a nuestros ni\u00f1os...@epk",
        "owner": {
            "id": "5826862040",
            "is_verified": false,
            "profile_pic_url": "https://instagram.fbga1-4.fna.fbcdn.net/v/t51.2885-19/s150x150/75629080_2358759131120612_823302134941351936_n.jpg?_nc_ht=instagram.fbga1-4.fna.fbcdn.net&_nc_ohc=sGVotpS4D9MAX8Tls8o&oh=aa92570ba751194cf8fa46b2c4df3b4b&oe=5F978117",
            "username": "edumirk34"
        },
        "likes_count": 0,
        "answers": []
    }
]