[
    {
        "id": 17909608339281319,
        "created_at": 1548703562,
        "text": "Que tallas manejan?",
        "owner": {
            "id": "2051891681",
            "is_verified": false,
            "profile_pic_url": "https://instagram.fbga1-4.fna.fbcdn.net/v/t51.2885-19/s150x150/47013125_283115449218129_7290298232922439680_n.jpg?_nc_ht=instagram.fbga1-4.fna.fbcdn.net&_nc_ohc=l2OuqibHeGUAX8JNEf9&oh=e49152680dbf1ae07a911a828f6e1baf&oe=5F95D4B4",
            "username": "zmp2875"
        },
        "likes_count": 0,
        "answers": [
            {
                "id": 17994305368160751,
                "created_at": 1548777421,
                "text": "@zmp2875 hola! Manejamos tallas de 0 a 12 a\u00f1os. Te esperamos \u2764\ufe0f",
                "owner": {
                    "id": "208034677",
                    "is_verified": true,
                    "profile_pic_url": "https://instagram.fbga1-4.fna.fbcdn.net/v/t51.2885-19/s150x150/116713279_329296981536344_3404171181868667674_n.jpg?_nc_ht=instagram.fbga1-4.fna.fbcdn.net&_nc_ohc=e_8u8kf3ZDMAX9GL6vk&oh=cb797d66d56f5631c9bff6ad98af462e&oe=5F97C031",
                    "username": "epk"
                },
                "likes_count": 1
            }
        ]
    },
    {
        "id": 17928093859265636,
        "created_at": 1548687288,
        "text": "La ni\u00f1a es hermosisisisima se parece mucho a nuestra reina @talianav es igualita!! \ud83d\ude0d\ud83d\ude0a\ud83d\udc4f",
        "owner": {
            "id": "1445122554",
            "is_verified": false,
            "profile_pic_url": "https://instagram.fbga1-4.fna.fbcdn.net/v/t51.2885-19/s150x150/52082759_520614748464224_4974977850089144320_n.jpg?_nc_ht=instagram.fbga1-4.fna.fbcdn.net&_nc_ohc=hl7Rp0yq-ZgAX8rfMOB&oh=c443a06368a58751e14aee1879fbe08c&oe=5F953BF6",
            "username": "vanefg10"
        },
        "likes_count": 0,
        "answers": [
            {
                "id": 17928491674269240,
                "created_at": 1548777431,
                "text": "@vanefg10 \ud83d\ude0a\u2764\ufe0f",
                "owner": {
                    "id": "208034677",
                    "is_verified": true,
                    "profile_pic_url": "https://instagram.fbga1-4.fna.fbcdn.net/v/t51.2885-19/s150x150/116713279_329296981536344_3404171181868667674_n.jpg?_nc_ht=instagram.fbga1-4.fna.fbcdn.net&_nc_ohc=e_8u8kf3ZDMAX9GL6vk&oh=cb797d66d56f5631c9bff6ad98af462e&oe=5F97C031",
                    "username": "epk"
                },
                "likes_count": 1
            }
        ]
    },
    {
        "id": 17954697838227040,
        "created_at": 1548591517,
        "text": "Preciosa",
        "owner": {
            "id": "3450418532",
            "is_verified": false,
            "profile_pic_url": "https://instagram.fbga1-4.fna.fbcdn.net/v/t51.2885-19/s150x150/84671312_1529574960499794_1493534070699720704_n.jpg?_nc_ht=instagram.fbga1-4.fna.fbcdn.net&_nc_ohc=HxTzaIQ6GBYAX9ni5wD&oh=dcefeeedd9b0de6c4dde980a5284e2a7&oe=5F97D0D7",
            "username": "pulgarin.p"
        },
        "likes_count": 0,
        "answers": [
            {
                "id": 18000456400186475,
                "created_at": 1548777435,
                "text": "@pulgarin.p \u2764\ufe0f\u2764\ufe0f",
                "owner": {
                    "id": "208034677",
                    "is_verified": true,
                    "profile_pic_url": "https://instagram.fbga1-4.fna.fbcdn.net/v/t51.2885-19/s150x150/116713279_329296981536344_3404171181868667674_n.jpg?_nc_ht=instagram.fbga1-4.fna.fbcdn.net&_nc_ohc=e_8u8kf3ZDMAX9GL6vk&oh=cb797d66d56f5631c9bff6ad98af462e&oe=5F97C031",
                    "username": "epk"
                },
                "likes_count": 1
            }
        ]
    },
    {
        "id": 18028232800059488,
        "created_at": 1548577042,
        "text": "@adreitafb mira",
        "owner": {
            "id": "256005549",
            "is_verified": false,
            "profile_pic_url": "https://instagram.fbga1-4.fna.fbcdn.net/v/t51.2885-19/s150x150/120025101_249472149724219_2022580414609850188_n.jpg?_nc_ht=instagram.fbga1-4.fna.fbcdn.net&_nc_ohc=uoZc7zABhwYAX8XclEz&oh=acf6990bc395e3ae18ba035623ca00c9&oe=5F966B6A",
            "username": "lily_zabaleta_22"
        },
        "likes_count": 0,
        "answers": [
            {
                "id": 18028043365004219,
                "created_at": 1548777439,
                "text": "@lizbor25 \ud83d\ude0a\ud83d\ude4c",
                "owner": {
                    "id": "208034677",
                    "is_verified": true,
                    "profile_pic_url": "https://instagram.fbga1-4.fna.fbcdn.net/v/t51.2885-19/s150x150/116713279_329296981536344_3404171181868667674_n.jpg?_nc_ht=instagram.fbga1-4.fna.fbcdn.net&_nc_ohc=e_8u8kf3ZDMAX9GL6vk&oh=cb797d66d56f5631c9bff6ad98af462e&oe=5F97C031",
                    "username": "epk"
                },
                "likes_count": 0
            }
        ]
    },
    {
        "id": 18027441271048138,
        "created_at": 1548560710,
        "text": "@epk que precio tiene una talla 10/12 ? Gracias \ud83d\udc8b",
        "owner": {
            "id": "1600642981",
            "is_verified": false,
            "profile_pic_url": "https://instagram.fbga1-4.fna.fbcdn.net/v/t51.2885-19/s150x150/60559134_615555672283700_7882448638197104640_n.jpg?_nc_ht=instagram.fbga1-4.fna.fbcdn.net&_nc_ohc=aH-iBdLeEb0AX-5ufQv&oh=3237491456a45c45cae312bec8381f9b&oe=5F97DC97",
            "username": "karentsofia"
        },
        "likes_count": 0,
        "answers": [
            {
                "id": 17842401541361613,
                "created_at": 1548777455,
                "text": "@karentsofia hola! Entra a epk.com y descubre nuestros precios \u2764\ufe0f\u2764\ufe0f",
                "owner": {
                    "id": "208034677",
                    "is_verified": true,
                    "profile_pic_url": "https://instagram.fbga1-4.fna.fbcdn.net/v/t51.2885-19/s150x150/116713279_329296981536344_3404171181868667674_n.jpg?_nc_ht=instagram.fbga1-4.fna.fbcdn.net&_nc_ohc=e_8u8kf3ZDMAX9GL6vk&oh=cb797d66d56f5631c9bff6ad98af462e&oe=5F97C031",
                    "username": "epk"
                },
                "likes_count": 0
            }
        ]
    },
    {
        "id": 17962776235212747,
        "created_at": 1548549474,
        "text": "Hermosa!!!",
        "owner": {
            "id": "1979553990",
            "is_verified": false,
            "profile_pic_url": "https://instagram.fbga1-4.fna.fbcdn.net/v/t51.2885-19/s150x150/11909934_828979100542416_2082073254_a.jpg?_nc_ht=instagram.fbga1-4.fna.fbcdn.net&_nc_ohc=Z31t8um9F_kAX8S8ajv&oh=bdcd80c69bd27f1fa57931e660759971&oe=5F961D9E",
            "username": "adrianachaconmelo"
        },
        "likes_count": 0,
        "answers": [
            {
                "id": 18003863980080007,
                "created_at": 1548777459,
                "text": "@adrianachaconmelo \ud83d\ude0a\u2764\ufe0f",
                "owner": {
                    "id": "208034677",
                    "is_verified": true,
                    "profile_pic_url": "https://instagram.fbga1-4.fna.fbcdn.net/v/t51.2885-19/s150x150/116713279_329296981536344_3404171181868667674_n.jpg?_nc_ht=instagram.fbga1-4.fna.fbcdn.net&_nc_ohc=e_8u8kf3ZDMAX9GL6vk&oh=cb797d66d56f5631c9bff6ad98af462e&oe=5F97C031",
                    "username": "epk"
                },
                "likes_count": 0
            }
        ]
    },
    {
        "id": 17998747795130301,
        "created_at": 1548544619,
        "text": "Tallas mas grandes ....\ud83d\udc4f",
        "owner": {
            "id": "6985507578",
            "is_verified": false,
            "profile_pic_url": "https://instagram.fbga1-4.fna.fbcdn.net/v/t51.2885-19/s150x150/119417273_116378453384836_6470696566904295119_n.jpg?_nc_ht=instagram.fbga1-4.fna.fbcdn.net&_nc_ohc=1iHe1bhSq6oAX-zqHGl&oh=abbddf72df37ffa7bee3915540231f21&oe=5F9644FA",
            "username": "paulamarroquin36"
        },
        "likes_count": 0,
        "answers": [
            {
                "id": 17999960569135935,
                "created_at": 1548777467,
                "text": "@paulamarroquin36 \u2764\ufe0f\u2764\ufe0f",
                "owner": {
                    "id": "208034677",
                    "is_verified": true,
                    "profile_pic_url": "https://instagram.fbga1-4.fna.fbcdn.net/v/t51.2885-19/s150x150/116713279_329296981536344_3404171181868667674_n.jpg?_nc_ht=instagram.fbga1-4.fna.fbcdn.net&_nc_ohc=e_8u8kf3ZDMAX9GL6vk&oh=cb797d66d56f5631c9bff6ad98af462e&oe=5F97C031",
                    "username": "epk"
                },
                "likes_count": 0
            }
        ]
    },
    {
        "id": 18025613824058639,
        "created_at": 1548541496,
        "text": "\u2764\ufe0f",
        "owner": {
            "id": "214406433",
            "is_verified": false,
            "profile_pic_url": "https://instagram.fbga1-4.fna.fbcdn.net/v/t51.2885-19/s150x150/13557240_269265516783129_1737811773_a.jpg?_nc_ht=instagram.fbga1-4.fna.fbcdn.net&_nc_ohc=90_EOH8fToQAX_6MYbr&oh=5e91469963d0e85f7c9eaec2574ebcab&oe=5F96550B",
            "username": "gisellelosada"
        },
        "likes_count": 0,
        "answers": [
            {
                "id": 18025828144009953,
                "created_at": 1548777470,
                "text": "@gisellelosada \ud83d\ude4c\u2764\ufe0f",
                "owner": {
                    "id": "208034677",
                    "is_verified": true,
                    "profile_pic_url": "https://instagram.fbga1-4.fna.fbcdn.net/v/t51.2885-19/s150x150/116713279_329296981536344_3404171181868667674_n.jpg?_nc_ht=instagram.fbga1-4.fna.fbcdn.net&_nc_ohc=e_8u8kf3ZDMAX9GL6vk&oh=cb797d66d56f5631c9bff6ad98af462e&oe=5F97C031",
                    "username": "epk"
                },
                "likes_count": 0
            }
        ]
    },
    {
        "id": 17910031480283747,
        "created_at": 1548541474,
        "text": "Precio del traje de ba\u00f1o?",
        "owner": {
            "id": "714184577",
            "is_verified": false,
            "profile_pic_url": "https://instagram.fbga1-4.fna.fbcdn.net/v/t51.2885-19/s150x150/109563965_595307604507033_1874398121496201785_n.jpg?_nc_ht=instagram.fbga1-4.fna.fbcdn.net&_nc_ohc=5Iwd18JSrH4AX8EJThV&oh=b4c8dfc4405c6a0aec122fa5bf66e592&oe=5F973AB7",
            "username": "lufemass"
        },
        "likes_count": 0,
        "answers": [
            {
                "id": 17964449377212157,
                "created_at": 1548777494,
                "text": "@lufemass hola!! Entra a epk.com y descubre nuestros precios. Gracias por tu mensaje \u2764\ufe0f",
                "owner": {
                    "id": "208034677",
                    "is_verified": true,
                    "profile_pic_url": "https://instagram.fbga1-4.fna.fbcdn.net/v/t51.2885-19/s150x150/116713279_329296981536344_3404171181868667674_n.jpg?_nc_ht=instagram.fbga1-4.fna.fbcdn.net&_nc_ohc=e_8u8kf3ZDMAX9GL6vk&oh=cb797d66d56f5631c9bff6ad98af462e&oe=5F97C031",
                    "username": "epk"
                },
                "likes_count": 1
            }
        ]
    },
    {
        "id": 17895417307295376,
        "created_at": 1548541368,
        "text": "\ud83d\ude0d\ud83d\ude0d\ud83d\ude18\ud83d\ude18\u2764\ufe0f",
        "owner": {
            "id": "309486877",
            "is_verified": false,
            "profile_pic_url": "https://instagram.fbga1-4.fna.fbcdn.net/v/t51.2885-19/s150x150/12224146_1518466371811953_2045705011_a.jpg?_nc_ht=instagram.fbga1-4.fna.fbcdn.net&_nc_ohc=uxfGmHudcpYAX_v2vWx&oh=5e221b63b1899561c064cdb7437d668d&oe=5F95327F",
            "username": "rafivergara13"
        },
        "likes_count": 0,
        "answers": [
            {
                "id": 17996385547159588,
                "created_at": 1548777498,
                "text": "@rafivergara13 \u2764\ufe0f\u2764\ufe0f\u2764\ufe0f",
                "owner": {
                    "id": "208034677",
                    "is_verified": true,
                    "profile_pic_url": "https://instagram.fbga1-4.fna.fbcdn.net/v/t51.2885-19/s150x150/116713279_329296981536344_3404171181868667674_n.jpg?_nc_ht=instagram.fbga1-4.fna.fbcdn.net&_nc_ohc=e_8u8kf3ZDMAX9GL6vk&oh=cb797d66d56f5631c9bff6ad98af462e&oe=5F97C031",
                    "username": "epk"
                },
                "likes_count": 0
            }
        ]
    }
]