[
    {
        "id": 17979355657259680,
        "created_at": 1560560835,
        "text": "@kren_gomez  mira que tierno esto",
        "owner": {
            "id": "5687073261",
            "is_verified": false,
            "profile_pic_url": "https://instagram.fbga1-4.fna.fbcdn.net/v/t51.2885-19/s150x150/116909143_111985027176883_8752126194756074220_n.jpg?_nc_ht=instagram.fbga1-4.fna.fbcdn.net&_nc_ohc=eubi_Cz-_CsAX8IbhcZ&oh=06df01a728c998d2ac20307e36bae2ed&oe=5F95672B",
            "username": "lorainnecorrea"
        },
        "likes_count": 0,
        "answers": []
    },
    {
        "id": 18044132467134346,
        "created_at": 1560293423,
        "text": "@epk ser\u00edan tan amable de responder",
        "owner": {
            "id": "573700339",
            "is_verified": false,
            "profile_pic_url": "https://instagram.fbga1-4.fna.fbcdn.net/v/t51.2885-19/s150x150/30592495_577329482646283_2022040770113961984_n.jpg?_nc_ht=instagram.fbga1-4.fna.fbcdn.net&_nc_ohc=y7JeehBamI0AX_G6Qdz&oh=b0fac5a428da0c12582b86ff30915964&oe=5F96C515",
            "username": "gissellapao"
        },
        "likes_count": 0,
        "answers": []
    },
    {
        "id": 18068893534064354,
        "created_at": 1560113015,
        "text": "@epk buenas tardes serian tan amable de confirmarme si este vestido lo puedo encontrar en el portal del Prado talla 3",
        "owner": {
            "id": "573700339",
            "is_verified": false,
            "profile_pic_url": "https://instagram.fbga1-4.fna.fbcdn.net/v/t51.2885-19/s150x150/30592495_577329482646283_2022040770113961984_n.jpg?_nc_ht=instagram.fbga1-4.fna.fbcdn.net&_nc_ohc=y7JeehBamI0AX_G6Qdz&oh=b0fac5a428da0c12582b86ff30915964&oe=5F96C515",
            "username": "gissellapao"
        },
        "likes_count": 0,
        "answers": [
            {
                "id": 18047006926087694,
                "created_at": 1560369021,
                "text": "@gissellapao \u00a1Hola Gisella! \u00a1Te invitamos a visitarnos en la tienda o www.epk.com y descubrir todas las prendas que tenemos para ti! \u2764\ufe0f",
                "owner": {
                    "id": "208034677",
                    "is_verified": true,
                    "profile_pic_url": "https://instagram.fbga1-4.fna.fbcdn.net/v/t51.2885-19/s150x150/116713279_329296981536344_3404171181868667674_n.jpg?_nc_ht=instagram.fbga1-4.fna.fbcdn.net&_nc_ohc=e_8u8kf3ZDMAX9GL6vk&oh=cb797d66d56f5631c9bff6ad98af462e&oe=5F97C031",
                    "username": "epk"
                },
                "likes_count": 1
            }
        ]
    },
    {
        "id": 17858443690425723,
        "created_at": 1559834657,
        "text": "El env\u00edo por vzla c\u00f3mo es???",
        "owner": {
            "id": "2403446654",
            "is_verified": false,
            "profile_pic_url": "https://instagram.fbga1-4.fna.fbcdn.net/v/t51.2885-19/s150x150/12353210_781224968648687_1608039467_a.jpg?_nc_ht=instagram.fbga1-4.fna.fbcdn.net&_nc_ohc=1hwTt-qQkzgAX91O-Bp&oh=1facf7b28c5d422bb4e1be0954b49098&oe=5F975CFC",
            "username": "andreina_gg_17"
        },
        "likes_count": 0,
        "answers": [
            {
                "id": 17908208449312333,
                "created_at": 1560368967,
                "text": "@andreina_gg_17 Hola Andreina! La tienda m\u00e1s cercana a venezuela se encuentra en c\u00facuta Puedes realizar tu compra all\u00ed o realizar el env\u00edo a dicha ciudad. El pago ser\u00eda en pesos colombianos. Saludos!",
                "owner": {
                    "id": "208034677",
                    "is_verified": true,
                    "profile_pic_url": "https://instagram.fbga1-4.fna.fbcdn.net/v/t51.2885-19/s150x150/116713279_329296981536344_3404171181868667674_n.jpg?_nc_ht=instagram.fbga1-4.fna.fbcdn.net&_nc_ohc=e_8u8kf3ZDMAX9GL6vk&oh=cb797d66d56f5631c9bff6ad98af462e&oe=5F97C031",
                    "username": "epk"
                },
                "likes_count": 0
            }
        ]
    },
    {
        "id": 17853715597441644,
        "created_at": 1559701646,
        "text": "Hola buenas noches para vzla c\u00f3mo lo env\u00edan y forma de pago...gracias feliz noche",
        "owner": {
            "id": "2403446654",
            "is_verified": false,
            "profile_pic_url": "https://instagram.fbga1-4.fna.fbcdn.net/v/t51.2885-19/s150x150/12353210_781224968648687_1608039467_a.jpg?_nc_ht=instagram.fbga1-4.fna.fbcdn.net&_nc_ohc=1hwTt-qQkzgAX91O-Bp&oh=1facf7b28c5d422bb4e1be0954b49098&oe=5F975CFC",
            "username": "andreina_gg_17"
        },
        "likes_count": 0,
        "answers": [
            {
                "id": 17900197273325197,
                "created_at": 1559828617,
                "text": "@andreina_gg_17 Hola! Somos EPK Colombia. Nuestra tienda mas cercana a venezuela se encuentra en C\u00facuta. Saludos!",
                "owner": {
                    "id": "208034677",
                    "is_verified": true,
                    "profile_pic_url": "https://instagram.fbga1-4.fna.fbcdn.net/v/t51.2885-19/s150x150/116713279_329296981536344_3404171181868667674_n.jpg?_nc_ht=instagram.fbga1-4.fna.fbcdn.net&_nc_ohc=e_8u8kf3ZDMAX9GL6vk&oh=cb797d66d56f5631c9bff6ad98af462e&oe=5F97C031",
                    "username": "epk"
                },
                "likes_count": 0
            }
        ]
    },
    {
        "id": 17951668399280490,
        "created_at": 1559605895,
        "text": "WOW",
        "owner": {
            "id": "300619997",
            "is_verified": false,
            "profile_pic_url": "https://instagram.fbga1-4.fna.fbcdn.net/v/t51.2885-19/11313586_702762243158028_1545189721_a.jpg?_nc_ht=instagram.fbga1-4.fna.fbcdn.net&_nc_ohc=lenYEIuVT1MAX9Hp6qS&oh=78336c490c45e33818b33e02d4ff5335&oe=5F98481F",
            "username": "tabathajanna"
        },
        "likes_count": 1,
        "answers": []
    },
    {
        "id": 18071152780004424,
        "created_at": 1559589982,
        "text": "\u2665\ufe0f",
        "owner": {
            "id": "193513386",
            "is_verified": true,
            "profile_pic_url": "https://instagram.fbga1-4.fna.fbcdn.net/v/t51.2885-19/s150x150/23101659_1522943334438010_4318393834338779136_n.jpg?_nc_ht=instagram.fbga1-4.fna.fbcdn.net&_nc_ohc=ZKq2Spk2eZgAX8ixx_L&oh=53a12df6b55ab457764a23c414b15d36&oe=5F962063",
            "username": "dianajanna"
        },
        "likes_count": 4,
        "answers": []
    },
    {
        "id": 17962116088300713,
        "created_at": 1559584952,
        "text": "Se puede encontrar en Medell\u00edn este accesorio para la cabeza",
        "owner": {
            "id": "1482739022",
            "is_verified": false,
            "profile_pic_url": "https://instagram.fbga1-4.fna.fbcdn.net/v/t51.2885-19/s150x150/100884362_598958194160897_5056364280597708800_n.jpg?_nc_ht=instagram.fbga1-4.fna.fbcdn.net&_nc_ohc=AKjvJB5FyTYAX-HZPSP&oh=015beaf0a3ca940f9f5bbdb9e6b60c69&oe=5F950560",
            "username": "juli_l.a_"
        },
        "likes_count": 0,
        "answers": [
            {
                "id": 18078137107014779,
                "created_at": 1561594007,
                "text": "@juli_l.a_ si gustas te invito a mi p\u00e1gina @isabellacreacionaccesorios aqu\u00ed realizamos este tipo de productos para tu princesa, todo personalizado.",
                "owner": {
                    "id": "1815049032",
                    "is_verified": false,
                    "profile_pic_url": "https://instagram.fbga1-4.fna.fbcdn.net/v/t51.2885-19/s150x150/18161158_188810598186702_1957176370123505664_a.jpg?_nc_ht=instagram.fbga1-4.fna.fbcdn.net&_nc_ohc=RLXz2eurVvoAX-3t3Fb&oh=8cc76364532f2e14aff89c62478997a5&oe=5F950177",
                    "username": "yibetandreab"
                },
                "likes_count": 0
            },
            {
                "id": 18071759686041160,
                "created_at": 1559828765,
                "text": "@juli_l.a_ Hola, Solo el vestido! saludos.",
                "owner": {
                    "id": "208034677",
                    "is_verified": true,
                    "profile_pic_url": "https://instagram.fbga1-4.fna.fbcdn.net/v/t51.2885-19/s150x150/116713279_329296981536344_3404171181868667674_n.jpg?_nc_ht=instagram.fbga1-4.fna.fbcdn.net&_nc_ohc=e_8u8kf3ZDMAX9GL6vk&oh=cb797d66d56f5631c9bff6ad98af462e&oe=5F97C031",
                    "username": "epk"
                },
                "likes_count": 0
            }
        ]
    },
    {
        "id": 18038066968154877,
        "created_at": 1559584006,
        "text": "\ud83d\udc96\ud83d\udc96\ud83d\udc96\ud83d\udc96\ud83d\udc96\ud83d\udc96\ud83d\udc96\ud83d\udc96\ud83d\udc96\ud83d\udc96\ud83d\udc96\ud83d\udc96\ud83d\udc96\ud83d\udc96\ud83d\udc96\ud83d\udc96\ud83d\udc96\ud83d\udc96\ud83d\udc96\ud83d\udc96\ud83d\udc96\ud83d\udc96\ud83d\udc96\ud83d\udc96\ud83d\udc96\ud83d\udc96\ud83d\udc96\ud83d\udc96\ud83d\udc96\ud83d\udc96\ud83d\udc96\ud83d\udc96\ud83d\udc96\ud83d\udc96\ud83d\udc96\ud83d\udc96\ud83d\udc96\ud83d\udc96\ud83d\udc96\ud83d\udc96\ud83d\udc96\ud83d\udc96\ud83d\udc96\ud83d\udc96\ud83d\udc96\ud83d\udc96\ud83d\udc96\ud83d\udc96\ud83d\udc96\ud83d\udc96\ud83d\udc96\ud83d\udc96\ud83d\udc96\ud83d\udc96\ud83d\udc96\ud83d\udc96\ud83d\udc96\ud83d\udc96\ud83d\udc96\ud83d\udc96",
        "owner": {
            "id": "13710933757",
            "is_verified": false,
            "profile_pic_url": "https://instagram.fbga1-4.fna.fbcdn.net/v/t51.2885-19/s150x150/73024791_418293802405733_960612600171724800_n.jpg?_nc_ht=instagram.fbga1-4.fna.fbcdn.net&_nc_ohc=awrypb8CRVIAX_rbDXU&oh=2b57f4997fdce5d6ef44cd29e646c889&oe=5F963E89",
            "username": "s_causil"
        },
        "likes_count": 1,
        "answers": []
    }
]