[
    {
        "id": 17920309453302249,
        "created_at": 1551115411,
        "text": "Hice un pedido por internet y no he recibido respuesta alguna acerca de mi pedido",
        "owner": {
            "id": "5827373316",
            "is_verified": false,
            "profile_pic_url": "https://instagram.fbga1-4.fna.fbcdn.net/v/t51.2885-19/s150x150/80552730_557532174828705_1895297779857620992_n.jpg?_nc_ht=instagram.fbga1-4.fna.fbcdn.net&_nc_ohc=yopSPqvN5LoAX_8iu53&oh=c34f7a1ebf9b4c8645d285b1ef1b0e77&oe=5F97A983",
            "username": "mary_isa2403"
        },
        "likes_count": 0,
        "answers": []
    },
    {
        "id": 18005988067139966,
        "created_at": 1549914850,
        "text": "En Cucuta donde",
        "owner": {
            "id": "4044339408",
            "is_verified": false,
            "profile_pic_url": "https://instagram.fbga1-4.fna.fbcdn.net/v/t51.2885-19/s150x150/17818081_1957793917777719_2330486917377818624_a.jpg?_nc_ht=instagram.fbga1-4.fna.fbcdn.net&_nc_ohc=Gwa9ut2ltrwAX8pXRjy&oh=c5e492fba4f9dbd31916ba03e0944e43&oe=5F96F3D2",
            "username": "rosslinda_herrera_"
        },
        "likes_count": 0,
        "answers": []
    },
    {
        "id": 17846218891361678,
        "created_at": 1549764978,
        "text": "Bucaramanga?",
        "owner": {
            "id": "1486167396",
            "is_verified": false,
            "profile_pic_url": "https://instagram.fbga1-4.fna.fbcdn.net/v/t51.2885-19/s150x150/116341854_783472242473594_4318956239420507087_n.jpg?_nc_ht=instagram.fbga1-4.fna.fbcdn.net&_nc_ohc=T3_9UOYA6mwAX-SHYH1&oh=892cebf6d072a5379968130f5fe49095&oe=5F952141",
            "username": "andremantilla_"
        },
        "likes_count": 0,
        "answers": []
    },
    {
        "id": 17923580386277408,
        "created_at": 1549727010,
        "text": "\ud83c\uddfb\ud83c\uddea",
        "owner": {
            "id": "306230628",
            "is_verified": false,
            "profile_pic_url": "https://instagram.fbga1-4.fna.fbcdn.net/v/t51.2885-19/s150x150/70446941_420167001961724_1914687491319791616_n.jpg?_nc_ht=instagram.fbga1-4.fna.fbcdn.net&_nc_ohc=5n5K14KDYlwAX9pYk-m&oh=473452c2b6b249f994ad226a8062334f&oe=5F94D46E",
            "username": "lorenarivas26"
        },
        "likes_count": 1,
        "answers": []
    },
    {
        "id": 17858258224330530,
        "created_at": 1549726920,
        "text": "En donde se encuentran EnMedellin",
        "owner": {
            "id": "5921522351",
            "is_verified": false,
            "profile_pic_url": "https://instagram.fbga1-4.fna.fbcdn.net/v/t51.2885-19/s150x150/21041574_145106742750854_8823829890940796928_a.jpg?_nc_ht=instagram.fbga1-4.fna.fbcdn.net&_nc_ohc=OOBDvQL85ucAX_2RXe2&oh=06aa1f2259d8c808a19ed34c2dddd6fd&oe=5F96B6D5",
            "username": "osornomarina"
        },
        "likes_count": 0,
        "answers": []
    }
]