[
    {
        "id": 17902079134454920,
        "created_at": 1587250758,
        "text": "Precio",
        "owner": {
            "id": "1455531796",
            "is_verified": false,
            "profile_pic_url": "https://instagram.fbga1-4.fna.fbcdn.net/v/t51.2885-19/s150x150/119553130_1767292886751290_3905111700080747044_n.jpg?_nc_ht=instagram.fbga1-4.fna.fbcdn.net&_nc_ohc=8mZNqN5coKUAX_VuPMF&oh=6348eaa6fb368bfc6ddb15f1c2ca92ef&oe=5F95ABAF",
            "username": "samy_gonz24"
        },
        "likes_count": 0,
        "answers": [
            {
                "id": 18125068324078165,
                "created_at": 1587252711,
                "text": "@samy_gonz24 Gracias por preferirnos en nuestra tienda virtual encontrar\u00e1s nuestros precios. Te invitamos a visitarnos www.epk.com . Compra sin salir de casa. \u00a1Saludos!",
                "owner": {
                    "id": "208034677",
                    "is_verified": true,
                    "profile_pic_url": "https://instagram.fbga1-4.fna.fbcdn.net/v/t51.2885-19/s150x150/116713279_329296981536344_3404171181868667674_n.jpg?_nc_ht=instagram.fbga1-4.fna.fbcdn.net&_nc_ohc=e_8u8kf3ZDMAX9GL6vk&oh=cb797d66d56f5631c9bff6ad98af462e&oe=5F97C031",
                    "username": "epk"
                },
                "likes_count": 0
            }
        ]
    },
    {
        "id": 18114409969020867,
        "created_at": 1573991318,
        "text": "Contra entrega c\u00f3mo lo hago, gracias \ud83d\ude4f",
        "owner": {
            "id": "2222089714",
            "is_verified": false,
            "profile_pic_url": "https://instagram.fbga1-4.fna.fbcdn.net/v/t51.2885-19/s150x150/79759651_797795450644857_8073577362928697344_n.jpg?_nc_ht=instagram.fbga1-4.fna.fbcdn.net&_nc_ohc=g3W0YaWovJIAX_Maro_&oh=afa0917bf8ff894cd66aa8607d6e82ed&oe=5F979F2E",
            "username": "yennynunezortiz"
        },
        "likes_count": 0,
        "answers": []
    },
    {
        "id": 17862935602560328,
        "created_at": 1573991276,
        "text": "Quiero comprar el mameluco y su camiseta",
        "owner": {
            "id": "2222089714",
            "is_verified": false,
            "profile_pic_url": "https://instagram.fbga1-4.fna.fbcdn.net/v/t51.2885-19/s150x150/79759651_797795450644857_8073577362928697344_n.jpg?_nc_ht=instagram.fbga1-4.fna.fbcdn.net&_nc_ohc=g3W0YaWovJIAX_Maro_&oh=afa0917bf8ff894cd66aa8607d6e82ed&oe=5F979F2E",
            "username": "yennynunezortiz"
        },
        "likes_count": 0,
        "answers": []
    },
    {
        "id": 17892118372427181,
        "created_at": 1573991040,
        "text": "Vivimos en Cali",
        "owner": {
            "id": "2222089714",
            "is_verified": false,
            "profile_pic_url": "https://instagram.fbga1-4.fna.fbcdn.net/v/t51.2885-19/s150x150/79759651_797795450644857_8073577362928697344_n.jpg?_nc_ht=instagram.fbga1-4.fna.fbcdn.net&_nc_ohc=g3W0YaWovJIAX_Maro_&oh=afa0917bf8ff894cd66aa8607d6e82ed&oe=5F979F2E",
            "username": "yennynunezortiz"
        },
        "likes_count": 0,
        "answers": []
    },
    {
        "id": 17862627589577542,
        "created_at": 1573990950,
        "text": "Soy la abuela y siempre he comprado en epK y no sab\u00eda nada. Y el beb\u00e9 ya cumple 1 a\u00f1o el 3 de enero",
        "owner": {
            "id": "2222089714",
            "is_verified": false,
            "profile_pic_url": "https://instagram.fbga1-4.fna.fbcdn.net/v/t51.2885-19/s150x150/79759651_797795450644857_8073577362928697344_n.jpg?_nc_ht=instagram.fbga1-4.fna.fbcdn.net&_nc_ohc=g3W0YaWovJIAX_Maro_&oh=afa0917bf8ff894cd66aa8607d6e82ed&oe=5F979F2E",
            "username": "yennynunezortiz"
        },
        "likes_count": 0,
        "answers": []
    },
    {
        "id": 17996781934253678,
        "created_at": 1565997428,
        "text": "Desde q naci\u00f3 mi beb\u00e9 he hecho compras, siempre de m\u00e1s de dos prendas y nunca me han dicho nada del club baby, en la tienda epk de Yopal",
        "owner": {
            "id": "1324558468",
            "is_verified": false,
            "profile_pic_url": "https://instagram.fbga1-4.fna.fbcdn.net/v/t51.2885-19/s150x150/97135927_257532992033787_7622503331813916672_n.jpg?_nc_ht=instagram.fbga1-4.fna.fbcdn.net&_nc_ohc=6bIhHmQkE84AX-jrRn4&oh=bc8f9e1c98a03f8d7bc40ba63aa43611&oe=5F97A62B",
            "username": "dianitasilvab"
        },
        "likes_count": 0,
        "answers": []
    },
    {
        "id": 17845684801577433,
        "created_at": 1565722881,
        "text": "\ud83d\udc4f",
        "owner": {
            "id": "13360519070",
            "is_verified": false,
            "profile_pic_url": "https://instagram.fbga1-4.fna.fbcdn.net/v/t51.2885-19/s150x150/58906112_434386190440219_5395230306829598720_n.jpg?_nc_ht=instagram.fbga1-4.fna.fbcdn.net&_nc_ohc=Okn7PWLd8_wAX99QcHh&oh=14681542e3f02acdbce1337b17f4f1f0&oe=5F97B619",
            "username": "zulayandreadurango"
        },
        "likes_count": 0,
        "answers": []
    },
    {
        "id": 17977843714277593,
        "created_at": 1564976612,
        "text": "En que consiste el club baby",
        "owner": {
            "id": "4039337232",
            "is_verified": false,
            "profile_pic_url": "https://instagram.fbga1-4.fna.fbcdn.net/v/t51.2885-19/s150x150/81802602_197280658181675_7424614680745738240_n.jpg?_nc_ht=instagram.fbga1-4.fna.fbcdn.net&_nc_ohc=by6eF4atYowAX_ysgKH&oh=490eec5a95ae991f415780d2e3cc284f&oe=5F96C2B0",
            "username": "palacio_evelin"
        },
        "likes_count": 2,
        "answers": [
            {
                "id": 18005747422245241,
                "created_at": 1565015938,
                "text": "@palacio_evelin Nuestro club baby ofrece para tu bebe maravillosos beneficios, como por ejemplo: Sugerencias de looks, env\u00edo gratis en nuestra tienda virtual y 20% de descuento en el mes del cumplea\u00f1os de tu bebe. Para pertenecer a el debes realizar la compra de 2 o m\u00e1s art\u00edculos en categor\u00eda bebe y diligenciar el formulario posteriormente. Te esperamos!",
                "owner": {
                    "id": "208034677",
                    "is_verified": true,
                    "profile_pic_url": "https://instagram.fbga1-4.fna.fbcdn.net/v/t51.2885-19/s150x150/116713279_329296981536344_3404171181868667674_n.jpg?_nc_ht=instagram.fbga1-4.fna.fbcdn.net&_nc_ohc=e_8u8kf3ZDMAX9GL6vk&oh=cb797d66d56f5631c9bff6ad98af462e&oe=5F97C031",
                    "username": "epk"
                },
                "likes_count": 1
            }
        ]
    },
    {
        "id": 17895818836363270,
        "created_at": 1564971899,
        "text": "Hoy realice una compra de 8 prendas y no me comentaron nada epk gran plaza soacha",
        "owner": {
            "id": "1504751141",
            "is_verified": false,
            "profile_pic_url": "https://instagram.fbga1-4.fna.fbcdn.net/v/t51.2885-19/s150x150/107236307_388761438751634_4633963255520488494_n.jpg?_nc_ht=instagram.fbga1-4.fna.fbcdn.net&_nc_ohc=dT_1FX7S6ygAX8lilfR&oh=0dba3c42bde517ff119aa229163208ba&oe=5F960846",
            "username": "andreitafse"
        },
        "likes_count": 1,
        "answers": [
            {
                "id": 17846780434548203,
                "created_at": 1565015963,
                "text": "@andreitafse Hola!\n\nPor favor env\u00edanos tus datos a nuestro correo clubbabyepk@epk.com y con gusto validaremos tu estado en el club baby. Saludos! \u2764\ufe0f",
                "owner": {
                    "id": "208034677",
                    "is_verified": true,
                    "profile_pic_url": "https://instagram.fbga1-4.fna.fbcdn.net/v/t51.2885-19/s150x150/116713279_329296981536344_3404171181868667674_n.jpg?_nc_ht=instagram.fbga1-4.fna.fbcdn.net&_nc_ohc=e_8u8kf3ZDMAX9GL6vk&oh=cb797d66d56f5631c9bff6ad98af462e&oe=5F97C031",
                    "username": "epk"
                },
                "likes_count": 0
            }
        ]
    },
    {
        "id": 18058456183132465,
        "created_at": 1564949893,
        "text": "\ud83d\ude3b\ud83d\ude3b",
        "owner": {
            "id": "17290557100",
            "is_verified": false,
            "profile_pic_url": "https://instagram.fbga1-4.fna.fbcdn.net/v/t51.2885-19/s150x150/74610766_1196529183873017_2397629475396255744_n.jpg?_nc_ht=instagram.fbga1-4.fna.fbcdn.net&_nc_ohc=yPv9Qy_IVqwAX9zVZYy&oh=6438322c47364482c9c64216943dd9cd&oe=5F9611E9",
            "username": "vitoriaoficial_of"
        },
        "likes_count": 1,
        "answers": []
    },
    {
        "id": 17881578397397334,
        "created_at": 1564929667,
        "text": "Yo tambi\u00e9n compr\u00f3 regularmente y m\u00e1s de dos prendas y nunca han dicho nada ni en Epk de ciudad Victoria ni en Arboleda en Pereira. \ud83e\udd37\u200d\u2640\ufe0f",
        "owner": {
            "id": "15028147191",
            "is_verified": false,
            "profile_pic_url": "https://instagram.fbga1-4.fna.fbcdn.net/v/t51.2885-19/s150x150/65162687_460403431442166_3932819914208837632_n.jpg?_nc_ht=instagram.fbga1-4.fna.fbcdn.net&_nc_ohc=rlQMVO9uulQAX_Ftyvk&oh=84af066857a95c0587d9e759264e9375&oe=5F959333",
            "username": "cariruiz1"
        },
        "likes_count": 0,
        "answers": [
            {
                "id": 18079469779074120,
                "created_at": 1564941598,
                "text": "@cariruiz1 Hola! Gracias por tu mensaje. Por favor cont\u00e1ctanos a clubbabyepk@epk.com y te ayudaremos. \u2764\ufe0f",
                "owner": {
                    "id": "208034677",
                    "is_verified": true,
                    "profile_pic_url": "https://instagram.fbga1-4.fna.fbcdn.net/v/t51.2885-19/s150x150/116713279_329296981536344_3404171181868667674_n.jpg?_nc_ht=instagram.fbga1-4.fna.fbcdn.net&_nc_ohc=e_8u8kf3ZDMAX9GL6vk&oh=cb797d66d56f5631c9bff6ad98af462e&oe=5F97C031",
                    "username": "epk"
                },
                "likes_count": 0
            }
        ]
    },
    {
        "id": 18024680617202734,
        "created_at": 1564928477,
        "text": "@epk , de qu\u00e9 talla deben ser las prendas y si hay alg\u00fan valor m\u00ednimo de las prendas para poder ser parte del club baby?",
        "owner": {
            "id": "644275581",
            "is_verified": false,
            "profile_pic_url": "https://instagram.fbga1-4.fna.fbcdn.net/v/t51.2885-19/10838754_1582716938627402_720020784_a.jpg?_nc_ht=instagram.fbga1-4.fna.fbcdn.net&_nc_ohc=5WzSWp5AuzsAX_GY6cv&oh=fafdeb8820f9c31eeaf77b0ba8d3e0c8&oe=5F9502AA",
            "username": "tavera85"
        },
        "likes_count": 0,
        "answers": [
            {
                "id": 18010643572231522,
                "created_at": 1564941679,
                "text": "@tavera85 hola! Para pertenecer al club baby debes comprar 2 o mas prendas en tallas de 0 a 3 a\u00f1os y diligenciar el formulario! Te esperamos \ud83d\udc9c",
                "owner": {
                    "id": "208034677",
                    "is_verified": true,
                    "profile_pic_url": "https://instagram.fbga1-4.fna.fbcdn.net/v/t51.2885-19/s150x150/116713279_329296981536344_3404171181868667674_n.jpg?_nc_ht=instagram.fbga1-4.fna.fbcdn.net&_nc_ohc=e_8u8kf3ZDMAX9GL6vk&oh=cb797d66d56f5631c9bff6ad98af462e&oe=5F97C031",
                    "username": "epk"
                },
                "likes_count": 0
            },
            {
                "id": 17847023734529178,
                "created_at": 1565129952,
                "text": "@epk hoy quise inscribirme en la tienda mega mall de Bucaramanga y me dijeron que ya no se puede porq no hay formularios y qe toca esperar a que uds abran inscripciones nuevamente",
                "owner": {
                    "id": "644275581",
                    "is_verified": false,
                    "profile_pic_url": "https://instagram.fbga1-4.fna.fbcdn.net/v/t51.2885-19/10838754_1582716938627402_720020784_a.jpg?_nc_ht=instagram.fbga1-4.fna.fbcdn.net&_nc_ohc=5WzSWp5AuzsAX_GY6cv&oh=fafdeb8820f9c31eeaf77b0ba8d3e0c8&oe=5F9502AA",
                    "username": "tavera85"
                },
                "likes_count": 0
            }
        ]
    },
    {
        "id": 18088296295025836,
        "created_at": 1564881217,
        "text": "Regularmente hago compras de dos o m\u00e1s prendas. Los asesores en tienda nunca ofrecen esto, tienda en CC plaza del sol",
        "owner": {
            "id": "1582485247",
            "is_verified": false,
            "profile_pic_url": "https://instagram.fbga1-4.fna.fbcdn.net/v/t51.2885-19/s150x150/117615615_140161941098126_3913135565488084220_n.jpg?_nc_ht=instagram.fbga1-4.fna.fbcdn.net&_nc_ohc=Z-A5PI0c8b0AX93qEeJ&oh=893267eea3b41781248ea490ceecab3b&oe=5F963F72",
            "username": "claritzaportacios"
        },
        "likes_count": 1,
        "answers": [
            {
                "id": 18089128378014057,
                "created_at": 1564941711,
                "text": "@portacioclaritza Hola! Gracias por tu mensaje. Por favor cont\u00e1ctanos a clubbabyepk@epk.com y te ayudaremos validando tu estado. \u2764\ufe0f",
                "owner": {
                    "id": "208034677",
                    "is_verified": true,
                    "profile_pic_url": "https://instagram.fbga1-4.fna.fbcdn.net/v/t51.2885-19/s150x150/116713279_329296981536344_3404171181868667674_n.jpg?_nc_ht=instagram.fbga1-4.fna.fbcdn.net&_nc_ohc=e_8u8kf3ZDMAX9GL6vk&oh=cb797d66d56f5631c9bff6ad98af462e&oe=5F97C031",
                    "username": "epk"
                },
                "likes_count": 1
            }
        ]
    },
    {
        "id": 17908177300329903,
        "created_at": 1564877101,
        "text": "El m\u00e1s divinoooo Franco",
        "owner": {
            "id": "1150155524",
            "is_verified": false,
            "profile_pic_url": "https://instagram.fbga1-4.fna.fbcdn.net/v/t51.2885-19/s150x150/117722727_114340640232715_6977565293752066718_n.jpg?_nc_ht=instagram.fbga1-4.fna.fbcdn.net&_nc_ohc=m24nkIX1yy8AX-xSpbN&oh=35aae7f5f1fe3eede8b4533bbd3b4af3&oe=5F9624A1",
            "username": "mzch1607"
        },
        "likes_count": 2,
        "answers": []
    }
]