[
    {
        "id": 17979528367256602,
        "created_at": 1560647754,
        "text": "\ud83d\udc4d\ud83d\udc4d",
        "owner": {
            "id": "5933350365",
            "is_verified": false,
            "profile_pic_url": "https://instagram.fbga1-4.fna.fbcdn.net/v/t51.2885-19/s150x150/21042002_132463404037085_1601245528291540992_a.jpg?_nc_ht=instagram.fbga1-4.fna.fbcdn.net&_nc_ohc=EU0Tz1ywQl4AX_6qJis&oh=01896f882d519983a2734bdc8ed1b2da&oe=5F97CE16",
            "username": "manuelagascon24"
        },
        "likes_count": 0,
        "answers": []
    },
    {
        "id": 17863245391349472,
        "created_at": 1552749042,
        "text": "Hermosos",
        "owner": {
            "id": "7835620556",
            "is_verified": false,
            "profile_pic_url": "https://instagram.fbga1-4.fna.fbcdn.net/v/t51.2885-19/s150x150/32144592_186379925346632_6388088078350680064_n.jpg?_nc_ht=instagram.fbga1-4.fna.fbcdn.net&_nc_ohc=PR0W66bwkkIAX84zxZS&oh=28e303e8cdb146cd88173b8c35204e99&oe=5F979031",
            "username": "wedostoremobiliario"
        },
        "likes_count": 1,
        "answers": []
    },
    {
        "id": 18027807403111137,
        "created_at": 1552703940,
        "text": "Estoy en Venezuela como pu3do comprar",
        "owner": {
            "id": "1057477610",
            "is_verified": false,
            "profile_pic_url": "https://instagram.fbga1-4.fna.fbcdn.net/v/t51.2885-19/s150x150/19379809_118801535388735_7047269565767614464_a.jpg?_nc_ht=instagram.fbga1-4.fna.fbcdn.net&_nc_ohc=37ZgwkBXIYMAX_t5CxB&oh=5d81bcb2180e0941281847032d2e1d55&oe=5F985234",
            "username": "mildredsanchez06"
        },
        "likes_count": 1,
        "answers": []
    },
    {
        "id": 17950671832262784,
        "created_at": 1552697880,
        "text": "Que belleza !!!!",
        "owner": {
            "id": "286507326",
            "is_verified": false,
            "profile_pic_url": "https://instagram.fbga1-4.fna.fbcdn.net/v/t51.2885-19/s150x150/93849949_181996086168939_8997571574445899776_n.jpg?_nc_ht=instagram.fbga1-4.fna.fbcdn.net&_nc_ohc=QjIYih0auw4AX92EccA&oh=5e2824845419855654fb5abedd7ae698&oe=5F975039",
            "username": "lichebarakat"
        },
        "likes_count": 2,
        "answers": []
    },
    {
        "id": 17869750228334295,
        "created_at": 1552689945,
        "text": "Divinas modelos.",
        "owner": {
            "id": "2071465541",
            "is_verified": false,
            "profile_pic_url": "https://instagram.fbga1-4.fna.fbcdn.net/v/t51.2885-19/s150x150/87244018_2636925363194095_1252572184757403648_n.jpg?_nc_ht=instagram.fbga1-4.fna.fbcdn.net&_nc_ohc=PXAxIl3aPz4AX-FYVcR&oh=32a75c8a410a6466ef6dabe3094dda0d&oe=5F94D957",
            "username": "marbel.sampayo"
        },
        "likes_count": 2,
        "answers": []
    },
    {
        "id": 18048366211016312,
        "created_at": 1552679723,
        "text": "Talle para ni\u00f1a de 1 a\u00f1o? Gracias",
        "owner": {
            "id": "5933350365",
            "is_verified": false,
            "profile_pic_url": "https://instagram.fbga1-4.fna.fbcdn.net/v/t51.2885-19/s150x150/21042002_132463404037085_1601245528291540992_a.jpg?_nc_ht=instagram.fbga1-4.fna.fbcdn.net&_nc_ohc=EU0Tz1ywQl4AX_6qJis&oh=01896f882d519983a2734bdc8ed1b2da&oe=5F97CE16",
            "username": "manuelagascon24"
        },
        "likes_count": 1,
        "answers": [
            {
                "id": 18027050836094229,
                "created_at": 1554409787,
                "text": "Hola! @manuelagascon24 La talla indicada ser\u00eda 23M. Te invitamos a visitarnos en epk.com. Saludos!",
                "owner": {
                    "id": "208034677",
                    "is_verified": true,
                    "profile_pic_url": "https://instagram.fbga1-4.fna.fbcdn.net/v/t51.2885-19/s150x150/116713279_329296981536344_3404171181868667674_n.jpg?_nc_ht=instagram.fbga1-4.fna.fbcdn.net&_nc_ohc=e_8u8kf3ZDMAX9GL6vk&oh=cb797d66d56f5631c9bff6ad98af462e&oe=5F97C031",
                    "username": "epk"
                },
                "likes_count": 0
            }
        ]
    },
    {
        "id": 17978510713223983,
        "created_at": 1552659933,
        "text": "Bellas!!!! \ud83d\ude0d",
        "owner": {
            "id": "2076253986",
            "is_verified": false,
            "profile_pic_url": "https://instagram.fbga1-4.fna.fbcdn.net/v/t51.2885-19/s150x150/46103260_368724363696171_6927542108236546048_n.jpg?_nc_ht=instagram.fbga1-4.fna.fbcdn.net&_nc_ohc=mMge8JK2mOsAX8VR3f7&oh=0a97fd9dd83c4321acd186687e9fa3e6&oe=5F951E9B",
            "username": "gema_bitar"
        },
        "likes_count": 2,
        "answers": [
            {
                "id": 18036416752075653,
                "created_at": 1552663996,
                "text": "@gema_bitar \u2764\ufe0f",
                "owner": {
                    "id": "208034677",
                    "is_verified": true,
                    "profile_pic_url": "https://instagram.fbga1-4.fna.fbcdn.net/v/t51.2885-19/s150x150/116713279_329296981536344_3404171181868667674_n.jpg?_nc_ht=instagram.fbga1-4.fna.fbcdn.net&_nc_ohc=e_8u8kf3ZDMAX9GL6vk&oh=cb797d66d56f5631c9bff6ad98af462e&oe=5F97C031",
                    "username": "epk"
                },
                "likes_count": 0
            }
        ]
    },
    {
        "id": 17968116976226282,
        "created_at": 1552616318,
        "text": "Preciosas",
        "owner": {
            "id": "8485694531",
            "is_verified": false,
            "profile_pic_url": "https://scontent-hbe1-1.cdninstagram.com/v/t51.2885-19/44884218_345707102882519_2446069589734326272_n.jpg?_nc_ht=scontent-hbe1-1.cdninstagram.com&_nc_ohc=RLYRR3IenIMAX_jTFXj&oh=d207c02e1a696f3074d59bc650cf3ab8&oe=5F96310F&ig_cache_key=YW5vbnltb3VzX3Byb2ZpbGVfcGlj.2",
            "username": "etybitar26"
        },
        "likes_count": 3,
        "answers": [
            {
                "id": 18044654215057774,
                "created_at": 1552663984,
                "text": "@etybitar26 \ud83d\ude4c\ud83d\ude4c",
                "owner": {
                    "id": "208034677",
                    "is_verified": true,
                    "profile_pic_url": "https://instagram.fbga1-4.fna.fbcdn.net/v/t51.2885-19/s150x150/116713279_329296981536344_3404171181868667674_n.jpg?_nc_ht=instagram.fbga1-4.fna.fbcdn.net&_nc_ohc=e_8u8kf3ZDMAX9GL6vk&oh=cb797d66d56f5631c9bff6ad98af462e&oe=5F97C031",
                    "username": "epk"
                },
                "likes_count": 0
            }
        ]
    },
    {
        "id": 17935423162275383,
        "created_at": 1552616259,
        "text": "Presionas modelos",
        "owner": {
            "id": "8485694531",
            "is_verified": false,
            "profile_pic_url": "https://scontent-hbe1-1.cdninstagram.com/v/t51.2885-19/44884218_345707102882519_2446069589734326272_n.jpg?_nc_ht=scontent-hbe1-1.cdninstagram.com&_nc_ohc=RLYRR3IenIMAX_jTFXj&oh=d207c02e1a696f3074d59bc650cf3ab8&oe=5F96310F&ig_cache_key=YW5vbnltb3VzX3Byb2ZpbGVfcGlj.2",
            "username": "etybitar26"
        },
        "likes_count": 3,
        "answers": [
            {
                "id": 18048034186023891,
                "created_at": 1552663992,
                "text": "@etybitar26 gracias \u2764\ufe0f",
                "owner": {
                    "id": "208034677",
                    "is_verified": true,
                    "profile_pic_url": "https://instagram.fbga1-4.fna.fbcdn.net/v/t51.2885-19/s150x150/116713279_329296981536344_3404171181868667674_n.jpg?_nc_ht=instagram.fbga1-4.fna.fbcdn.net&_nc_ohc=e_8u8kf3ZDMAX9GL6vk&oh=cb797d66d56f5631c9bff6ad98af462e&oe=5F97C031",
                    "username": "epk"
                },
                "likes_count": 0
            }
        ]
    },
    {
        "id": 17981168446202378,
        "created_at": 1552613141,
        "text": "Hermosa colecci\u00f3n \ud83d\ude0d",
        "owner": {
            "id": "3612412718",
            "is_verified": false,
            "profile_pic_url": "https://instagram.fbga1-4.fna.fbcdn.net/v/t51.2885-19/s150x150/43985623_1948888678530287_1220496991033753600_n.jpg?_nc_ht=instagram.fbga1-4.fna.fbcdn.net&_nc_ohc=oxjpATUQSXUAX9k8Cac&oh=c0c4b938880b9a3fbbac1f4d3a37509f&oe=5F96BFB5",
            "username": "bellocantillo"
        },
        "likes_count": 2,
        "answers": [
            {
                "id": 18044591425008530,
                "created_at": 1552664002,
                "text": "@bellocantillo gracias! \u2764\ufe0f",
                "owner": {
                    "id": "208034677",
                    "is_verified": true,
                    "profile_pic_url": "https://instagram.fbga1-4.fna.fbcdn.net/v/t51.2885-19/s150x150/116713279_329296981536344_3404171181868667674_n.jpg?_nc_ht=instagram.fbga1-4.fna.fbcdn.net&_nc_ohc=e_8u8kf3ZDMAX9GL6vk&oh=cb797d66d56f5631c9bff6ad98af462e&oe=5F97C031",
                    "username": "epk"
                },
                "likes_count": 1
            }
        ]
    },
    {
        "id": 18045169051010001,
        "created_at": 1552611892,
        "text": "Me derritooooo!!! Divinaaaaa Layla @helena_sampayo06 \ud83d\udc96",
        "owner": {
            "id": "292126956",
            "is_verified": false,
            "profile_pic_url": "https://instagram.fbga1-4.fna.fbcdn.net/v/t51.2885-19/s150x150/55823684_671969929885434_492167178691280896_n.jpg?_nc_ht=instagram.fbga1-4.fna.fbcdn.net&_nc_ohc=Io3XGy1Ii8UAX92CU2R&oh=a1a4275ed27de66e582c5b17dee9cf11&oe=5F96052C",
            "username": "elilubo"
        },
        "likes_count": 4,
        "answers": [
            {
                "id": 17981511433205169,
                "created_at": 1552663970,
                "text": "@elilubo \u2764\ufe0f\u2764\ufe0f",
                "owner": {
                    "id": "208034677",
                    "is_verified": true,
                    "profile_pic_url": "https://instagram.fbga1-4.fna.fbcdn.net/v/t51.2885-19/s150x150/116713279_329296981536344_3404171181868667674_n.jpg?_nc_ht=instagram.fbga1-4.fna.fbcdn.net&_nc_ohc=e_8u8kf3ZDMAX9GL6vk&oh=cb797d66d56f5631c9bff6ad98af462e&oe=5F97C031",
                    "username": "epk"
                },
                "likes_count": 1
            }
        ]
    },
    {
        "id": 18046162489043320,
        "created_at": 1552609244,
        "text": "Hermosas @helena_sampayo06 \ud83d\ude0d",
        "owner": {
            "id": "3171935720",
            "is_verified": false,
            "profile_pic_url": "https://instagram.fbga1-4.fna.fbcdn.net/v/t51.2885-19/s150x150/116113325_1128106317576361_4499498825765333252_n.jpg?_nc_ht=instagram.fbga1-4.fna.fbcdn.net&_nc_ohc=QHs0rgpiarQAX9qUqkq&oh=90432b18e20001da244e2a0dccaa61b7&oe=5F963C70",
            "username": "palominoelaina"
        },
        "likes_count": 4,
        "answers": [
            {
                "id": 18046277200009483,
                "created_at": 1552663977,
                "text": "@palominoelaina \ud83d\ude0a\ud83d\ude4c",
                "owner": {
                    "id": "208034677",
                    "is_verified": true,
                    "profile_pic_url": "https://instagram.fbga1-4.fna.fbcdn.net/v/t51.2885-19/s150x150/116713279_329296981536344_3404171181868667674_n.jpg?_nc_ht=instagram.fbga1-4.fna.fbcdn.net&_nc_ohc=e_8u8kf3ZDMAX9GL6vk&oh=cb797d66d56f5631c9bff6ad98af462e&oe=5F97C031",
                    "username": "epk"
                },
                "likes_count": 1
            }
        ]
    }
]