[
    {
        "id": 18030790264098330,
        "created_at": 1553012014,
        "text": "\ud83d\ude0d Me Encanta Las Tonalidades \ud83d\udc4d",
        "owner": {
            "id": "1549594965",
            "is_verified": false,
            "profile_pic_url": "https://instagram.fbga1-4.fna.fbcdn.net/v/t51.2885-19/s150x150/117410109_2577626272549824_81993236885630741_n.jpg?_nc_ht=instagram.fbga1-4.fna.fbcdn.net&_nc_ohc=KpOYBEVJXfEAX9A9kJj&oh=35a2814b5cf184ac1e0eaeaa429b069d&oe=5F970480",
            "username": "lily_miranda29"
        },
        "likes_count": 1,
        "answers": [
            {
                "id": 17983099588207194,
                "created_at": 1553098879,
                "text": "@lily_miranda29 gracias! \u2764\ufe0f",
                "owner": {
                    "id": "208034677",
                    "is_verified": true,
                    "profile_pic_url": "https://instagram.fbga1-4.fna.fbcdn.net/v/t51.2885-19/s150x150/116713279_329296981536344_3404171181868667674_n.jpg?_nc_ht=instagram.fbga1-4.fna.fbcdn.net&_nc_ohc=e_8u8kf3ZDMAX9GL6vk&oh=cb797d66d56f5631c9bff6ad98af462e&oe=5F97C031",
                    "username": "epk"
                },
                "likes_count": 2
            }
        ]
    }
]