[
    {
        "id": 17994509989221309,
        "created_at": 1556739309,
        "text": "Q divinas las modelos y la ropa",
        "owner": {
            "id": "5610110323",
            "is_verified": false,
            "profile_pic_url": "https://instagram.fbga1-4.fna.fbcdn.net/v/t51.2885-19/s150x150/35263180_190184441691062_1873502513047535616_n.jpg?_nc_ht=instagram.fbga1-4.fna.fbcdn.net&_nc_ohc=XovNWea3TY4AX8QKV2f&oh=e07318888c95f279d6abdf0fd0b9e747&oe=5F97825B",
            "username": "edimassard"
        },
        "likes_count": 1,
        "answers": [
            {
                "id": 18032452759133219,
                "created_at": 1556912551,
                "text": "@edimassard Gracias por preferirnos! \u2764\ufe0f",
                "owner": {
                    "id": "208034677",
                    "is_verified": true,
                    "profile_pic_url": "https://instagram.fbga1-4.fna.fbcdn.net/v/t51.2885-19/s150x150/116713279_329296981536344_3404171181868667674_n.jpg?_nc_ht=instagram.fbga1-4.fna.fbcdn.net&_nc_ohc=e_8u8kf3ZDMAX9GL6vk&oh=cb797d66d56f5631c9bff6ad98af462e&oe=5F97C031",
                    "username": "epk"
                },
                "likes_count": 1
            }
        ]
    },
    {
        "id": 18061620523035911,
        "created_at": 1556658519,
        "text": "Valor del vestido?",
        "owner": {
            "id": "1259958726",
            "is_verified": false,
            "profile_pic_url": "https://instagram.fbga1-4.fna.fbcdn.net/v/t51.2885-19/s150x150/110810900_2628757960671693_6003802893195622262_n.jpg?_nc_ht=instagram.fbga1-4.fna.fbcdn.net&_nc_ohc=_aW5Y2fDZ20AX_PD1r2&oh=4382090b73765b711313f1173147ff34&oe=5F976FC5",
            "username": "yulysmadridroyeth"
        },
        "likes_count": 0,
        "answers": [
            {
                "id": 17952585325276732,
                "created_at": 1556912591,
                "text": "@yulysmadridroyeth \u00a1Hola! \u00a1Te invitamos a visitarnos en www.epk.com y descubrir todas las prendas que tenemos para ti! \u2764\ufe0f",
                "owner": {
                    "id": "208034677",
                    "is_verified": true,
                    "profile_pic_url": "https://instagram.fbga1-4.fna.fbcdn.net/v/t51.2885-19/s150x150/116713279_329296981536344_3404171181868667674_n.jpg?_nc_ht=instagram.fbga1-4.fna.fbcdn.net&_nc_ohc=e_8u8kf3ZDMAX9GL6vk&oh=cb797d66d56f5631c9bff6ad98af462e&oe=5F97C031",
                    "username": "epk"
                },
                "likes_count": 0
            }
        ]
    },
    {
        "id": 18030736636134087,
        "created_at": 1556648633,
        "text": "Buenas tardes como hago para comprar las prendas hermosas que muestran",
        "owner": {
            "id": "11371359791",
            "is_verified": false,
            "profile_pic_url": "https://instagram.fbga1-4.fna.fbcdn.net/v/t51.2885-19/s150x150/62243784_344841829538040_1184462636327108608_n.jpg?_nc_ht=instagram.fbga1-4.fna.fbcdn.net&_nc_ohc=BgwzaOnzVM8AX8DQy4B&oh=56340fe7a56b64944acc0e1ae0f7806d&oe=5F94B92A",
            "username": "jaramillocardoza"
        },
        "likes_count": 0,
        "answers": [
            {
                "id": 18043790749117234,
                "created_at": 1556912642,
                "text": "@jaramillocardoza \u00a1Hola! \u00a1Te invitamos a visitarnos en www.epk.com y descubrir todas las prendas que tenemos para ti! es muy f\u00e1cil realizar la compra; solo debes elegir las prendas de tu gusto, elegir el m\u00e9todo de pago, colocar tus datos y listo! \u2764\ufe0f",
                "owner": {
                    "id": "208034677",
                    "is_verified": true,
                    "profile_pic_url": "https://instagram.fbga1-4.fna.fbcdn.net/v/t51.2885-19/s150x150/116713279_329296981536344_3404171181868667674_n.jpg?_nc_ht=instagram.fbga1-4.fna.fbcdn.net&_nc_ohc=e_8u8kf3ZDMAX9GL6vk&oh=cb797d66d56f5631c9bff6ad98af462e&oe=5F97C031",
                    "username": "epk"
                },
                "likes_count": 0
            }
        ]
    }
]