[
    {
        "id": 18046577209139074,
        "created_at": 1560532883,
        "text": "Hola buenas tardes.  Quisiera saber de las convocatorias para elegir los ni\u00f1os  de los catalogos de ropa.  En bogota en donde es?  Un telefono al que me pueda comunicar.  Quisiera que mis bebes participaran.  Gracias!!!!",
        "owner": {
            "id": "723134410",
            "is_verified": false,
            "profile_pic_url": "https://instagram.fbga1-4.fna.fbcdn.net/v/t51.2885-19/11419180_747753568681463_490661957_a.jpg?_nc_ht=instagram.fbga1-4.fna.fbcdn.net&_nc_ohc=F-SsaIE5SoEAX-7R7Y1&oh=8213f8e4b9b2589aa97e7fc81574a3a9&oe=5F96EB15",
            "username": "mafedel"
        },
        "likes_count": 0,
        "answers": []
    },
    {
        "id": 18042184081180217,
        "created_at": 1560528907,
        "text": "Precio",
        "owner": {
            "id": "465556369",
            "is_verified": false,
            "profile_pic_url": "https://instagram.fbga1-4.fna.fbcdn.net/v/t51.2885-19/s150x150/117295048_2972031353086139_477414750242712239_n.jpg?_nc_ht=instagram.fbga1-4.fna.fbcdn.net&_nc_ohc=QqeqFnPQRbcAX-t56kd&oh=f4f7d751e3c3606e089b07ed8523036e&oe=5F96966E",
            "username": "claupacos18"
        },
        "likes_count": 0,
        "answers": [
            {
                "id": 18074712043015569,
                "created_at": 1560777688,
                "text": "@clauss_acosta \u00a1Hola! \u00a1Te invitamos a visitarnos en www.epk.com y descubrir todas las prendas que tenemos para ti! \u2764\ufe0f",
                "owner": {
                    "id": "208034677",
                    "is_verified": true,
                    "profile_pic_url": "https://instagram.fbga1-4.fna.fbcdn.net/v/t51.2885-19/s150x150/116713279_329296981536344_3404171181868667674_n.jpg?_nc_ht=instagram.fbga1-4.fna.fbcdn.net&_nc_ohc=e_8u8kf3ZDMAX9GL6vk&oh=cb797d66d56f5631c9bff6ad98af462e&oe=5F97C031",
                    "username": "epk"
                },
                "likes_count": 0
            }
        ]
    },
    {
        "id": 18048487648087986,
        "created_at": 1560426898,
        "text": "esa modelo me mato divina",
        "owner": {
            "id": "8498723272",
            "is_verified": false,
            "profile_pic_url": "https://instagram.fbga1-4.fna.fbcdn.net/v/t51.2885-19/s150x150/44374295_2186396438351608_125832852326580224_n.jpg?_nc_ht=instagram.fbga1-4.fna.fbcdn.net&_nc_ohc=CXveXXuSfRwAX_dDUxT&oh=73cc2a482485c531042c6f98fd5c4c77&oe=5F98287B",
            "username": "riveraavilasara"
        },
        "likes_count": 2,
        "answers": []
    },
    {
        "id": 17908017616313872,
        "created_at": 1560389138,
        "text": "He llamado a la l\u00ednea de atenci\u00f3n y no entra la llamada , he escrito por interno y nadie responde, llamo a la l\u00ednea celular de la p\u00e1gina y tampoco , entonces ustedes como empresa tiene alg\u00fan canal de atenci\u00f3n al cliente?",
        "owner": {
            "id": "286457355",
            "is_verified": false,
            "profile_pic_url": "https://instagram.fbga1-4.fna.fbcdn.net/v/t51.2885-19/s150x150/117900537_702429840341363_2550828530183634994_n.jpg?_nc_ht=instagram.fbga1-4.fna.fbcdn.net&_nc_ohc=VkySKBY4pIIAX80mGw3&oh=8f0d35ea531f40d35e6ae94110fb69d6&oe=5F988D24",
            "username": "maryverbel"
        },
        "likes_count": 1,
        "answers": [
            {
                "id": 17996949496237788,
                "created_at": 1560461494,
                "text": "@maryverbel Hola Mary, Gracias por contactarnos. Te confirmamos que tenemos alto flujo de solicitudes en nuestros canales de atenci\u00f3n pero estamos disponibles para atender todas tus dudas! Tambi\u00e9n hemos verificado tu mensaje interno; Por favor cuentanos como podemos ayudarte? Saludos!",
                "owner": {
                    "id": "208034677",
                    "is_verified": true,
                    "profile_pic_url": "https://instagram.fbga1-4.fna.fbcdn.net/v/t51.2885-19/s150x150/116713279_329296981536344_3404171181868667674_n.jpg?_nc_ht=instagram.fbga1-4.fna.fbcdn.net&_nc_ohc=e_8u8kf3ZDMAX9GL6vk&oh=cb797d66d56f5631c9bff6ad98af462e&oe=5F97C031",
                    "username": "epk"
                },
                "likes_count": 0
            },
            {
                "id": 17996036581242300,
                "created_at": 1560395342,
                "text": "@maryverbel Nunca responden, nos les importa \u00e9l cliente",
                "owner": {
                    "id": "3050231752",
                    "is_verified": false,
                    "profile_pic_url": "https://instagram.fbga1-4.fna.fbcdn.net/v/t51.2885-19/s150x150/110752159_2662393554075601_1780793580164606417_n.jpg?_nc_ht=instagram.fbga1-4.fna.fbcdn.net&_nc_ohc=9kBZvGYnLvAAX9_9lBt&oh=cc0ad5975c1af3a3a50bb4ffa6d1c1fc&oe=5F97AE53",
                    "username": "yeseniaruizrodrigue"
                },
                "likes_count": 0
            },
            {
                "id": 17845275964477768,
                "created_at": 1560461548,
                "text": "@rodriguezyeseniaruiz Hola Yesenia, Gracias por contactarnos. Te confirmamos que tenemos alto flujo de solicitudes en nuestros canales de atenci\u00f3n pero siempre estamos dispuestos a ayudarte! Nuestro cliente y ni\u00f1os y ni\u00f1as EPK son lo m\u00e1s importante para nosotros. Saludos\u2764\ufe0f",
                "owner": {
                    "id": "208034677",
                    "is_verified": true,
                    "profile_pic_url": "https://instagram.fbga1-4.fna.fbcdn.net/v/t51.2885-19/s150x150/116713279_329296981536344_3404171181868667674_n.jpg?_nc_ht=instagram.fbga1-4.fna.fbcdn.net&_nc_ohc=e_8u8kf3ZDMAX9GL6vk&oh=cb797d66d56f5631c9bff6ad98af462e&oe=5F97C031",
                    "username": "epk"
                },
                "likes_count": 0
            }
        ]
    },
    {
        "id": 17996673739235931,
        "created_at": 1560388567,
        "text": "Me encanta!!!!",
        "owner": {
            "id": "300619997",
            "is_verified": false,
            "profile_pic_url": "https://instagram.fbga1-4.fna.fbcdn.net/v/t51.2885-19/11313586_702762243158028_1545189721_a.jpg?_nc_ht=instagram.fbga1-4.fna.fbcdn.net&_nc_ohc=lenYEIuVT1MAX9Hp6qS&oh=78336c490c45e33818b33e02d4ff5335&oe=5F98481F",
            "username": "tabathajanna"
        },
        "likes_count": 1,
        "answers": []
    },
    {
        "id": 18075117619059089,
        "created_at": 1560383478,
        "text": "\ud83e\udd29",
        "owner": {
            "id": "193513386",
            "is_verified": true,
            "profile_pic_url": "https://instagram.fbga1-4.fna.fbcdn.net/v/t51.2885-19/s150x150/23101659_1522943334438010_4318393834338779136_n.jpg?_nc_ht=instagram.fbga1-4.fna.fbcdn.net&_nc_ohc=ZKq2Spk2eZgAX8ixx_L&oh=53a12df6b55ab457764a23c414b15d36&oe=5F962063",
            "username": "dianajanna"
        },
        "likes_count": 1,
        "answers": []
    },
    {
        "id": 17849379892457356,
        "created_at": 1560383274,
        "text": "\ud83d\udc95",
        "owner": {
            "id": "8738343626",
            "is_verified": false,
            "profile_pic_url": "https://instagram.fbga1-4.fna.fbcdn.net/v/t51.2885-19/s150x150/52627224_368797477041371_2438880961237090304_n.jpg?_nc_ht=instagram.fbga1-4.fna.fbcdn.net&_nc_ohc=HKMY4WwB5BoAX8cGiXf&oh=dd04c890fc028aec06822a64f381baac&oe=5F981246",
            "username": "martinezroaanamaria"
        },
        "likes_count": 0,
        "answers": []
    }
]