[
    {
        "id": 17854291276407116,
        "created_at": 1556976068,
        "text": "Este vestido no lo encuentro en la pagina ?",
        "owner": {
            "id": "2509503461",
            "is_verified": false,
            "profile_pic_url": "https://instagram.fbga1-4.fna.fbcdn.net/v/t51.2885-19/s150x150/12383120_246176225726014_754580156_a.jpg?_nc_ht=instagram.fbga1-4.fna.fbcdn.net&_nc_ohc=2gNraX8CuOQAX-vmrjE&oh=b7a48a7bc897fe01f418f50ac3857a4e&oe=5F955E32",
            "username": "yiset_pico"
        },
        "likes_count": 0,
        "answers": []
    },
    {
        "id": 17861273299360464,
        "created_at": 1553397570,
        "text": "Evasofia hermosa \u2764\ufe0f",
        "owner": {
            "id": "4091960982",
            "is_verified": false,
            "profile_pic_url": "https://instagram.fbga1-4.fna.fbcdn.net/v/t51.2885-19/s150x150/118493159_3156739804452970_6525499921964508685_n.jpg?_nc_ht=instagram.fbga1-4.fna.fbcdn.net&_nc_ohc=Soepc5SFCzYAX_ygzsw&oh=1cf176711f548f6055421c2d8b07339f&oe=5F966736",
            "username": "juanisyasi"
        },
        "likes_count": 0,
        "answers": []
    },
    {
        "id": 17970741268242447,
        "created_at": 1553330757,
        "text": ".",
        "owner": {
            "id": "7347871329",
            "is_verified": false,
            "profile_pic_url": "https://instagram.fbga1-4.fna.fbcdn.net/v/t51.2885-19/s150x150/97935911_258313438861489_7250538256079519744_n.jpg?_nc_ht=instagram.fbga1-4.fna.fbcdn.net&_nc_ohc=-MFaLa_biSsAX9E6Y_O&oh=7fe1cc8d08157593458b8ed9be24914a&oe=5F96BDF1",
            "username": "estilos_alexa"
        },
        "likes_count": 0,
        "answers": []
    },
    {
        "id": 18019404013130914,
        "created_at": 1553194976,
        "text": "A partir de cuando est\u00e1 disponible?",
        "owner": {
            "id": "2055907274",
            "is_verified": false,
            "profile_pic_url": "https://instagram.fbga1-4.fna.fbcdn.net/v/t51.2885-19/s150x150/55908266_448957992574611_2850900545491697664_n.jpg?_nc_ht=instagram.fbga1-4.fna.fbcdn.net&_nc_ohc=RggDurfY2ckAX9pAylp&oh=6c8bebf1c9493332f0e335aca7296eb3&oe=5F94BF83",
            "username": "sharonlizcano"
        },
        "likes_count": 1,
        "answers": [
            {
                "id": 17869137751338998,
                "created_at": 1553212518,
                "text": "@sharonlizcano muy pronto! Sigue atenta a nuestras redes \ud83d\ude0a",
                "owner": {
                    "id": "208034677",
                    "is_verified": true,
                    "profile_pic_url": "https://instagram.fbga1-4.fna.fbcdn.net/v/t51.2885-19/s150x150/116713279_329296981536344_3404171181868667674_n.jpg?_nc_ht=instagram.fbga1-4.fna.fbcdn.net&_nc_ohc=e_8u8kf3ZDMAX9GL6vk&oh=cb797d66d56f5631c9bff6ad98af462e&oe=5F97C031",
                    "username": "epk"
                },
                "likes_count": 0
            }
        ]
    },
    {
        "id": 17970037258239890,
        "created_at": 1553191613,
        "text": "Precio",
        "owner": {
            "id": "509726731",
            "is_verified": false,
            "profile_pic_url": "https://instagram.fbga1-4.fna.fbcdn.net/v/t51.2885-19/s150x150/101676157_201507304266259_7231938264549031936_n.jpg?_nc_ht=instagram.fbga1-4.fna.fbcdn.net&_nc_ohc=ZnW2ZdDSHA0AX9GpvGz&oh=9345c058aa356a6411d893f587a07759&oe=5F94E664",
            "username": "lore_messa"
        },
        "likes_count": 0,
        "answers": [
            {
                "id": 17878795195318596,
                "created_at": 1553212537,
                "text": "@lore_messa Hola! Aun no esta disponible. Muy pronto \u2764\ufe0f\u2764\ufe0f",
                "owner": {
                    "id": "208034677",
                    "is_verified": true,
                    "profile_pic_url": "https://instagram.fbga1-4.fna.fbcdn.net/v/t51.2885-19/s150x150/116713279_329296981536344_3404171181868667674_n.jpg?_nc_ht=instagram.fbga1-4.fna.fbcdn.net&_nc_ohc=e_8u8kf3ZDMAX9GL6vk&oh=cb797d66d56f5631c9bff6ad98af462e&oe=5F97C031",
                    "username": "epk"
                },
                "likes_count": 0
            }
        ]
    },
    {
        "id": 17842230784401119,
        "created_at": 1553188889,
        "text": "Me encanta ojal\u00e1 venga en talla 6 por que lo m\u00e1s lindo sale para bebes",
        "owner": {
            "id": "2509503461",
            "is_verified": false,
            "profile_pic_url": "https://instagram.fbga1-4.fna.fbcdn.net/v/t51.2885-19/s150x150/12383120_246176225726014_754580156_a.jpg?_nc_ht=instagram.fbga1-4.fna.fbcdn.net&_nc_ohc=2gNraX8CuOQAX-vmrjE&oh=b7a48a7bc897fe01f418f50ac3857a4e&oe=5F955E32",
            "username": "yiset_pico"
        },
        "likes_count": 4,
        "answers": [
            {
                "id": 18020231917187505,
                "created_at": 1553188925,
                "text": "@yiset_pico es verdad \ud83d\ude22",
                "owner": {
                    "id": "1301653751",
                    "is_verified": false,
                    "profile_pic_url": "https://instagram.fbga1-4.fna.fbcdn.net/v/t51.2885-19/s150x150/117882747_311195413650448_5044678604699093473_n.jpg?_nc_ht=instagram.fbga1-4.fna.fbcdn.net&_nc_ohc=GKrrZQV-tOoAX_x0WkJ&oh=277b5e1231529c0893e74f8b862c6224&oe=5F971A8E",
                    "username": "loremcardona"
                },
                "likes_count": 1
            },
            {
                "id": 17982335341210583,
                "created_at": 1553263701,
                "text": "@epk que bueno\ud83d\ude0a\ud83d\ude0a",
                "owner": {
                    "id": "2509503461",
                    "is_verified": false,
                    "profile_pic_url": "https://instagram.fbga1-4.fna.fbcdn.net/v/t51.2885-19/s150x150/12383120_246176225726014_754580156_a.jpg?_nc_ht=instagram.fbga1-4.fna.fbcdn.net&_nc_ohc=2gNraX8CuOQAX-vmrjE&oh=b7a48a7bc897fe01f418f50ac3857a4e&oe=5F955E32",
                    "username": "yiset_pico"
                },
                "likes_count": 0
            },
            {
                "id": 17970748849227473,
                "created_at": 1553212495,
                "text": "@yiset_pico hola! Gracias por tu mensaje. Si vendr\u00e1 en tallas m\u00e1s grandes \u2764\ufe0f\u2764\ufe0f",
                "owner": {
                    "id": "208034677",
                    "is_verified": true,
                    "profile_pic_url": "https://instagram.fbga1-4.fna.fbcdn.net/v/t51.2885-19/s150x150/116713279_329296981536344_3404171181868667674_n.jpg?_nc_ht=instagram.fbga1-4.fna.fbcdn.net&_nc_ohc=e_8u8kf3ZDMAX9GL6vk&oh=cb797d66d56f5631c9bff6ad98af462e&oe=5F97C031",
                    "username": "epk"
                },
                "likes_count": 0
            }
        ]
    },
    {
        "id": 17853048712375034,
        "created_at": 1553187877,
        "text": "Q precio",
        "owner": {
            "id": "7493317338",
            "is_verified": false,
            "profile_pic_url": "https://instagram.fbga1-4.fna.fbcdn.net/v/t51.2885-19/s150x150/119456096_642529966645400_7484007157660370744_n.jpg?_nc_ht=instagram.fbga1-4.fna.fbcdn.net&_nc_ohc=hWC7Ptb1_cgAX84fZ9u&oh=396ae5a84fde8b71e3650aca2ecbc658&oe=5F987214",
            "username": "garsan7910"
        },
        "likes_count": 1,
        "answers": [
            {
                "id": 17877528505318676,
                "created_at": 1553212566,
                "text": "@garsan7910 hola!! Aun no esta disponible. Muy pronto en tu tienda EPK m\u00e1s cercana \u2764\ufe0f",
                "owner": {
                    "id": "208034677",
                    "is_verified": true,
                    "profile_pic_url": "https://instagram.fbga1-4.fna.fbcdn.net/v/t51.2885-19/s150x150/116713279_329296981536344_3404171181868667674_n.jpg?_nc_ht=instagram.fbga1-4.fna.fbcdn.net&_nc_ohc=e_8u8kf3ZDMAX9GL6vk&oh=cb797d66d56f5631c9bff6ad98af462e&oe=5F97C031",
                    "username": "epk"
                },
                "likes_count": 2
            }
        ]
    }
]