[
    {
        "id": 18000758848149370,
        "created_at": 1549725587,
        "text": "@guelaedu",
        "owner": {
            "id": "5945385765",
            "is_verified": false,
            "profile_pic_url": "https://instagram.fbga1-4.fna.fbcdn.net/v/t51.2885-19/s150x150/116598183_329692228436780_817802473971527369_n.jpg?_nc_ht=instagram.fbga1-4.fna.fbcdn.net&_nc_ohc=6AMf1b9vF9cAX8MSBvJ&oh=7d0e0b2c6e580d92736db298d5f2288e&oe=5F97ED70",
            "username": "florentinahouse"
        },
        "likes_count": 0,
        "answers": []
    },
    {
        "id": 18016417234101464,
        "created_at": 1549655590,
        "text": "\u2764\ufe0f\u2764\ufe0f\u2764\ufe0f\u2764\ufe0f\u2764\ufe0f\u2764\ufe0f divina la pinta y esa modelo est\u00e1 hermosa \ud83d\ude0d",
        "owner": {
            "id": "278756791",
            "is_verified": false,
            "profile_pic_url": "https://instagram.fbga1-4.fna.fbcdn.net/v/t51.2885-19/s150x150/90811411_143259063727700_5745490700909150208_n.jpg?_nc_ht=instagram.fbga1-4.fna.fbcdn.net&_nc_ohc=epgNTn-YwQYAX-zUMB2&oh=63892644dc97ce3edf856862f8e4c482&oe=5F94FCBE",
            "username": "anaordoneze"
        },
        "likes_count": 1,
        "answers": []
    },
    {
        "id": 18014755024098118,
        "created_at": 1549589714,
        "text": "Mira @pattita_chivi  que bello!!!",
        "owner": {
            "id": "240793082",
            "is_verified": false,
            "profile_pic_url": "https://instagram.fbga1-4.fna.fbcdn.net/v/t51.2885-19/s150x150/18444242_1887841608141219_2810228536638439424_a.jpg?_nc_ht=instagram.fbga1-4.fna.fbcdn.net&_nc_ohc=3qPyPgO0XRkAX-vsTfn&oh=a4643bb2f9ed03b89adaac44079fabf4&oe=5F94BE45",
            "username": "angelu1825"
        },
        "likes_count": 1,
        "answers": []
    },
    {
        "id": 18011233801123992,
        "created_at": 1549589676,
        "text": "Ese outfit para mi princesa!!! Muero x verla as\u00ed!!! \ud83d\udc95\ud83d\udc95\ud83d\udc95\ud83d\udc95",
        "owner": {
            "id": "240793082",
            "is_verified": false,
            "profile_pic_url": "https://instagram.fbga1-4.fna.fbcdn.net/v/t51.2885-19/s150x150/18444242_1887841608141219_2810228536638439424_a.jpg?_nc_ht=instagram.fbga1-4.fna.fbcdn.net&_nc_ohc=3qPyPgO0XRkAX-vsTfn&oh=a4643bb2f9ed03b89adaac44079fabf4&oe=5F94BE45",
            "username": "angelu1825"
        },
        "likes_count": 0,
        "answers": []
    },
    {
        "id": 17999291020158647,
        "created_at": 1549588915,
        "text": "Buenas noches quisiera saber porq los pedidos se demoran tanto hize un pedido hace m\u00e1s de 8 d\u00edas por online y nada que llega ni responden mis correos\ud83e\udd37\ud83c\udffb\u200d\u2640\ufe0f",
        "owner": {
            "id": "2903252167",
            "is_verified": false,
            "profile_pic_url": "https://instagram.fbga1-4.fna.fbcdn.net/v/t51.2885-19/s150x150/119856666_125037169054717_4867768815921121326_n.jpg?_nc_ht=instagram.fbga1-4.fna.fbcdn.net&_nc_ohc=Z8O1pWnQo_8AX-OulWV&oh=176d3ff29730689eb893a3fb75e153f1&oe=5F9541A4",
            "username": "tabares.mab"
        },
        "likes_count": 0,
        "answers": []
    }
]