[
    {
        "id": 18032668576237005,
        "created_at": 1575240906,
        "text": "@_auritazapata",
        "owner": {
            "id": "2183108277",
            "is_verified": false,
            "profile_pic_url": "https://instagram.fbga1-4.fna.fbcdn.net/v/t51.2885-19/s150x150/62249416_491449074931210_6884654119596851200_n.jpg?_nc_ht=instagram.fbga1-4.fna.fbcdn.net&_nc_ohc=3TARfjt-7jgAX-0aq-U&oh=84e1275f1fea919ea171500c78e206d6&oe=5F985507",
            "username": "latiendaonlinededani"
        },
        "likes_count": 0,
        "answers": []
    },
    {
        "id": 18085998892051043,
        "created_at": 1564274301,
        "text": "Talla 12 est\u00e1 disponible?",
        "owner": {
            "id": "465556369",
            "is_verified": false,
            "profile_pic_url": "https://instagram.fbga1-4.fna.fbcdn.net/v/t51.2885-19/s150x150/117295048_2972031353086139_477414750242712239_n.jpg?_nc_ht=instagram.fbga1-4.fna.fbcdn.net&_nc_ohc=QqeqFnPQRbcAX-t56kd&oh=f4f7d751e3c3606e089b07ed8523036e&oe=5F96966E",
            "username": "claupacos18"
        },
        "likes_count": 0,
        "answers": []
    },
    {
        "id": 18007549711239849,
        "created_at": 1564012373,
        "text": "Buena Tarde Hasta Que Talla Vienen!",
        "owner": {
            "id": "8926293346",
            "is_verified": false,
            "profile_pic_url": "https://instagram.fbga1-4.fna.fbcdn.net/v/t51.2885-19/s150x150/73295370_1418188145005124_3952466013743742976_n.jpg?_nc_ht=instagram.fbga1-4.fna.fbcdn.net&_nc_ohc=CcxLRQqJKzcAX_SONL5&oh=6ee5f241782352541c2e2712bd780614&oe=5F977896",
            "username": "daannii.naarvaaez"
        },
        "likes_count": 0,
        "answers": []
    },
    {
        "id": 18049358392154725,
        "created_at": 1563156569,
        "text": "Precio",
        "owner": {
            "id": "4353022312",
            "is_verified": false,
            "profile_pic_url": "https://instagram.fbga1-4.fna.fbcdn.net/v/t51.2885-19/s150x150/18579588_433858253662256_5183532446846550016_a.jpg?_nc_ht=instagram.fbga1-4.fna.fbcdn.net&_nc_ohc=pojcX8_LXfMAX8S9t17&oh=55e3ccf5602ba66b47c47c7381ce4a9f&oe=5F98308B",
            "username": "luzda_gutierrez"
        },
        "likes_count": 0,
        "answers": []
    },
    {
        "id": 18018933985203139,
        "created_at": 1562939829,
        "text": "En que tienda de Barranquilla esta disponible?",
        "owner": {
            "id": "1533456598",
            "is_verified": false,
            "profile_pic_url": "https://instagram.fbga1-4.fna.fbcdn.net/v/t51.2885-19/s150x150/119812246_760111181231323_7063011282058049166_n.jpg?_nc_ht=instagram.fbga1-4.fna.fbcdn.net&_nc_ohc=FpOKJKQFe7MAX9ugdLE&oh=c031d6150ba6be26e2294091ab05e7c9&oe=5F95CAF1",
            "username": "wenfontalvo20"
        },
        "likes_count": 0,
        "answers": []
    },
    {
        "id": 17978405227268952,
        "created_at": 1562329734,
        "text": "Tallas ?",
        "owner": {
            "id": "5656639302",
            "is_verified": false,
            "profile_pic_url": "https://instagram.fbga1-4.fna.fbcdn.net/v/t51.2885-19/s150x150/119891372_986998098431689_3825742023368537763_n.jpg?_nc_ht=instagram.fbga1-4.fna.fbcdn.net&_nc_ohc=V-VjqxVWHtwAX-yNyQi&oh=805931e937d30ab90772f1a4313c7b0a&oe=5F96FD33",
            "username": "zoelhem1986"
        },
        "likes_count": 0,
        "answers": []
    },
    {
        "id": 18013648591208488,
        "created_at": 1562262014,
        "text": "\u2764\ufe0f",
        "owner": {
            "id": "12085494211",
            "is_verified": false,
            "profile_pic_url": "https://instagram.fbga1-4.fna.fbcdn.net/v/t51.2885-19/s150x150/53634196_2227604744235798_8441028604128657408_n.jpg?_nc_ht=instagram.fbga1-4.fna.fbcdn.net&_nc_ohc=3OOjO7SakN4AX9bBWrW&oh=5f15d5f83c1053c9de3dae435c4e5611&oe=5F9636F8",
            "username": "paoventas"
        },
        "likes_count": 0,
        "answers": []
    },
    {
        "id": 18063336055108538,
        "created_at": 1562182460,
        "text": "Que tallas hay y el precio",
        "owner": {
            "id": "5038232968",
            "is_verified": false,
            "profile_pic_url": "https://instagram.fbga1-4.fna.fbcdn.net/v/t51.2885-19/s150x150/27578655_165826464200725_1195733691368734720_n.jpg?_nc_ht=instagram.fbga1-4.fna.fbcdn.net&_nc_ohc=GW5M3fsiTJAAX-h1qab&oh=c02c70e1ec63af41e43afefd83e6d976&oe=5F94E46C",
            "username": "liliarodriguezguerra"
        },
        "likes_count": 0,
        "answers": []
    },
    {
        "id": 17863373965434353,
        "created_at": 1562091264,
        "text": "Precio porf",
        "owner": {
            "id": "6028990991",
            "is_verified": false,
            "profile_pic_url": "https://instagram.fbga1-4.fna.fbcdn.net/v/t51.2885-19/s150x150/117037506_159359515787860_3603987130312473336_n.jpg?_nc_ht=instagram.fbga1-4.fna.fbcdn.net&_nc_ohc=flN3ej_r3VQAX9_0qmA&oh=4af59ae6017c7e79654addf900c86d2c&oe=5F96F36A",
            "username": "danielasanabriasanchez"
        },
        "likes_count": 0,
        "answers": []
    },
    {
        "id": 18051531424140705,
        "created_at": 1561993902,
        "text": "\ud83d\ude0d\ud83d\ude0d\ud83d\ude0d divino se lo compre a mi bebe!!",
        "owner": {
            "id": "233768463",
            "is_verified": false,
            "profile_pic_url": "https://instagram.fbga1-4.fna.fbcdn.net/v/t51.2885-19/s150x150/106001322_1390637511128460_51427312309842825_n.jpg?_nc_ht=instagram.fbga1-4.fna.fbcdn.net&_nc_ohc=ZDz2zWWcNkAAX_Vj_vX&oh=2a4eebc1b1bc88f2aaf1168d3762c830&oe=5F94C80F",
            "username": "quequecos"
        },
        "likes_count": 0,
        "answers": [
            {
                "id": 17877783439386918,
                "created_at": 1562081276,
                "text": "@quequecos \ud83d\ude0a\u2764\ufe0f",
                "owner": {
                    "id": "208034677",
                    "is_verified": true,
                    "profile_pic_url": "https://instagram.fbga1-4.fna.fbcdn.net/v/t51.2885-19/s150x150/116713279_329296981536344_3404171181868667674_n.jpg?_nc_ht=instagram.fbga1-4.fna.fbcdn.net&_nc_ohc=e_8u8kf3ZDMAX9GL6vk&oh=cb797d66d56f5631c9bff6ad98af462e&oe=5F97C031",
                    "username": "epk"
                },
                "likes_count": 0
            }
        ]
    },
    {
        "id": 17862756340434177,
        "created_at": 1561948615,
        "text": "\ud83d\ude0d\ud83d\ude0d\ud83d\ude0d\ud83d\ude0d",
        "owner": {
            "id": "1765661657",
            "is_verified": false,
            "profile_pic_url": "https://instagram.fbga1-4.fna.fbcdn.net/v/t51.2885-19/10413844_535993166543949_283078997_a.jpg?_nc_ht=instagram.fbga1-4.fna.fbcdn.net&_nc_ohc=x9Vf6ck77tcAX_4l03l&oh=ee03ec83210d5b9bd8d2aacd1c7c3fc0&oe=5F95FF48",
            "username": "daleahumada"
        },
        "likes_count": 0,
        "answers": [
            {
                "id": 18002377318234005,
                "created_at": 1562081283,
                "text": "@daleahumada \ud83d\ude4c\ud83d\ude0a",
                "owner": {
                    "id": "208034677",
                    "is_verified": true,
                    "profile_pic_url": "https://instagram.fbga1-4.fna.fbcdn.net/v/t51.2885-19/s150x150/116713279_329296981536344_3404171181868667674_n.jpg?_nc_ht=instagram.fbga1-4.fna.fbcdn.net&_nc_ohc=e_8u8kf3ZDMAX9GL6vk&oh=cb797d66d56f5631c9bff6ad98af462e&oe=5F97C031",
                    "username": "epk"
                },
                "likes_count": 1
            }
        ]
    }
]