[
    {
        "id": 17842718980507468,
        "created_at": 1561658681,
        "text": "Si pero los precios son altos espec\u00edficamente para este tioo de accesorios que puedes encontrar en otros lugares a ub menor precio y adivinen? Tambi\u00e9n son hechos por manos artesanas. Ojo solo me refiero a los accesorios. En cuanto a ropa si manejan una relaci\u00f3n calidad vs precio y adem\u00e1s lanzan muxhas promociones eso me encanta.",
        "owner": {
            "id": "592295156",
            "is_verified": false,
            "profile_pic_url": "https://instagram.fbga1-4.fna.fbcdn.net/v/t51.2885-19/s150x150/118792420_374150676922295_8244629847731494539_n.jpg?_nc_ht=instagram.fbga1-4.fna.fbcdn.net&_nc_ohc=ab5MKu5wtf4AX9WxXG-&oh=ace6e4a55d0ea0ffcf7ccd1557b1f963&oe=5F951926",
            "username": "greysi_perez"
        },
        "likes_count": 0,
        "answers": []
    },
    {
        "id": 18078604141056671,
        "created_at": 1561610839,
        "text": "\u2764\ufe0f",
        "owner": {
            "id": "3205519013",
            "is_verified": false,
            "profile_pic_url": "https://instagram.fbga1-4.fna.fbcdn.net/v/t51.2885-19/s150x150/116908560_169370391360538_5119460970483650674_n.jpg?_nc_ht=instagram.fbga1-4.fna.fbcdn.net&_nc_ohc=bD9nwhblZW8AX89r0Bl&oh=b914038194056313e2d8934eb6284097&oe=5F953EF1",
            "username": "dianita_siatoba_"
        },
        "likes_count": 1,
        "answers": [
            {
                "id": 18068928679072629,
                "created_at": 1561640476,
                "text": "@dianita_siatoba_ \ud83d\ude0a\ud83d\udc9c",
                "owner": {
                    "id": "208034677",
                    "is_verified": true,
                    "profile_pic_url": "https://instagram.fbga1-4.fna.fbcdn.net/v/t51.2885-19/s150x150/116713279_329296981536344_3404171181868667674_n.jpg?_nc_ht=instagram.fbga1-4.fna.fbcdn.net&_nc_ohc=e_8u8kf3ZDMAX9GL6vk&oh=cb797d66d56f5631c9bff6ad98af462e&oe=5F97C031",
                    "username": "epk"
                },
                "likes_count": 0
            }
        ]
    },
    {
        "id": 17892050689356477,
        "created_at": 1561610818,
        "text": "Me gustar\u00eda que llegar\u00e1n este tipo de lazos  a gran estaci\u00f3n bogota",
        "owner": {
            "id": "3205519013",
            "is_verified": false,
            "profile_pic_url": "https://instagram.fbga1-4.fna.fbcdn.net/v/t51.2885-19/s150x150/116908560_169370391360538_5119460970483650674_n.jpg?_nc_ht=instagram.fbga1-4.fna.fbcdn.net&_nc_ohc=bD9nwhblZW8AX89r0Bl&oh=b914038194056313e2d8934eb6284097&oe=5F953EF1",
            "username": "dianita_siatoba_"
        },
        "likes_count": 0,
        "answers": [
            {
                "id": 17872336417400376,
                "created_at": 1561640520,
                "text": "@dianita_siatoba_ Hola! Vis\u00edtanos en tu tienda EPK m\u00e1s cercana y encontraras lazos hermosos para tu ni\u00f1a. Tambi\u00e9n encu\u00e9ntralos en epk.com. Saludos!",
                "owner": {
                    "id": "208034677",
                    "is_verified": true,
                    "profile_pic_url": "https://instagram.fbga1-4.fna.fbcdn.net/v/t51.2885-19/s150x150/116713279_329296981536344_3404171181868667674_n.jpg?_nc_ht=instagram.fbga1-4.fna.fbcdn.net&_nc_ohc=e_8u8kf3ZDMAX9GL6vk&oh=cb797d66d56f5631c9bff6ad98af462e&oe=5F97C031",
                    "username": "epk"
                },
                "likes_count": 0
            }
        ]
    },
    {
        "id": 18036148759171443,
        "created_at": 1561597247,
        "text": "Que lindos, Dios bendiga las manos de todos los artesanos y artesanas de este mundo.!\ud83d\udc9a",
        "owner": {
            "id": "9127849250",
            "is_verified": false,
            "profile_pic_url": "https://instagram.fbga1-4.fna.fbcdn.net/v/t51.2885-19/s150x150/102446465_1480818662110518_6915539903732252672_n.jpg?_nc_ht=instagram.fbga1-4.fna.fbcdn.net&_nc_ohc=vFjHHuM8WnUAX-YBYeb&oh=8392062319d66b86f8fcd7c26e7c7f3c&oe=5F95C4EF",
            "username": "zoe_selen_sarria"
        },
        "likes_count": 1,
        "answers": [
            {
                "id": 17999369344240698,
                "created_at": 1561640524,
                "text": "@zoe_selen_sarria \ud83d\ude4c\ud83d\ude0a",
                "owner": {
                    "id": "208034677",
                    "is_verified": true,
                    "profile_pic_url": "https://instagram.fbga1-4.fna.fbcdn.net/v/t51.2885-19/s150x150/116713279_329296981536344_3404171181868667674_n.jpg?_nc_ht=instagram.fbga1-4.fna.fbcdn.net&_nc_ohc=e_8u8kf3ZDMAX9GL6vk&oh=cb797d66d56f5631c9bff6ad98af462e&oe=5F97C031",
                    "username": "epk"
                },
                "likes_count": 1
            }
        ]
    },
    {
        "id": 18075112192065759,
        "created_at": 1561597190,
        "text": "\ud83d\ude0d hermosos ! Bendiciones",
        "owner": {
            "id": "1995808154",
            "is_verified": false,
            "profile_pic_url": "https://instagram.fbga1-4.fna.fbcdn.net/v/t51.2885-19/39314905_656050728114860_115432258306834432_n.jpg?_nc_ht=instagram.fbga1-4.fna.fbcdn.net&_nc_ohc=_2V4z1K4YmsAX_vpSEy&oh=b8203698880ff1d726702fcccc8c19bf&oe=5F9563B4",
            "username": "keny_rous"
        },
        "likes_count": 0,
        "answers": [
            {
                "id": 17983342009256291,
                "created_at": 1561640530,
                "text": "@keny_rous gracias! \ud83e\udde1",
                "owner": {
                    "id": "208034677",
                    "is_verified": true,
                    "profile_pic_url": "https://instagram.fbga1-4.fna.fbcdn.net/v/t51.2885-19/s150x150/116713279_329296981536344_3404171181868667674_n.jpg?_nc_ht=instagram.fbga1-4.fna.fbcdn.net&_nc_ohc=e_8u8kf3ZDMAX9GL6vk&oh=cb797d66d56f5631c9bff6ad98af462e&oe=5F97C031",
                    "username": "epk"
                },
                "likes_count": 0
            }
        ]
    },
    {
        "id": 17982087211262564,
        "created_at": 1561595394,
        "text": "\ud83d\ude0d\ud83d\ude0d\ud83d\ude0d\ud83d\ude0d",
        "owner": {
            "id": "1765661657",
            "is_verified": false,
            "profile_pic_url": "https://instagram.fbga1-4.fna.fbcdn.net/v/t51.2885-19/10413844_535993166543949_283078997_a.jpg?_nc_ht=instagram.fbga1-4.fna.fbcdn.net&_nc_ohc=x9Vf6ck77tcAX_4l03l&oh=ee03ec83210d5b9bd8d2aacd1c7c3fc0&oe=5F95FF48",
            "username": "daleahumada"
        },
        "likes_count": 0,
        "answers": [
            {
                "id": 18061383433129464,
                "created_at": 1561640535,
                "text": "@daleahumada \u2764\ufe0f\u2764\ufe0f",
                "owner": {
                    "id": "208034677",
                    "is_verified": true,
                    "profile_pic_url": "https://instagram.fbga1-4.fna.fbcdn.net/v/t51.2885-19/s150x150/116713279_329296981536344_3404171181868667674_n.jpg?_nc_ht=instagram.fbga1-4.fna.fbcdn.net&_nc_ohc=e_8u8kf3ZDMAX9GL6vk&oh=cb797d66d56f5631c9bff6ad98af462e&oe=5F97C031",
                    "username": "epk"
                },
                "likes_count": 0
            }
        ]
    }
]