[
    {
        "id": 17852311835266147,
        "created_at": 1599419874,
        "text": "Hola este a vestido esta Disponible",
        "owner": {
            "id": "7691576362",
            "is_verified": false,
            "profile_pic_url": "https://instagram.fbga1-4.fna.fbcdn.net/v/t51.2885-19/s150x150/116837675_3117951034978560_7359226465632435233_n.jpg?_nc_ht=instagram.fbga1-4.fna.fbcdn.net&_nc_ohc=7WfWLc79yWIAX9N3MFb&oh=da161f619c4e14bc37cfc9507e8166e9&oe=5F95845D",
            "username": "daylibeth.24"
        },
        "likes_count": 0,
        "answers": []
    },
    {
        "id": 17902969906333117,
        "created_at": 1562330040,
        "text": "Hola este vestido esta disponible ?",
        "owner": {
            "id": "312926054",
            "is_verified": false,
            "profile_pic_url": "https://instagram.fbga1-4.fna.fbcdn.net/v/t51.2885-19/s150x150/88924971_1130025954009245_4456134337464631296_n.jpg?_nc_ht=instagram.fbga1-4.fna.fbcdn.net&_nc_ohc=kEUEeX-6hU8AX9Jb1QA&oh=bc29a7fb0f776d008507beca31bc3469&oe=5F9550A0",
            "username": "taniia.toro1212"
        },
        "likes_count": 0,
        "answers": []
    },
    {
        "id": 17889941056340982,
        "created_at": 1559060117,
        "text": "Hola buenos d\u00edas, en Barranquilla en que almac\u00e9n se encuentra disponible y en qu\u00e9 tallas?",
        "owner": {
            "id": "423289760",
            "is_verified": false,
            "profile_pic_url": "https://instagram.fbga1-4.fna.fbcdn.net/v/t51.2885-19/s150x150/97297462_531042520902250_6297753444258152448_n.jpg?_nc_ht=instagram.fbga1-4.fna.fbcdn.net&_nc_ohc=7DJnG85eTIMAX_Cu3kw&oh=8e1ae8b1417352531f60b36a5582c81c&oe=5F967575",
            "username": "jmarquez1130"
        },
        "likes_count": 0,
        "answers": []
    },
    {
        "id": 17850843127428707,
        "created_at": 1557892870,
        "text": "Lo quiero !",
        "owner": {
            "id": "392854186",
            "is_verified": false,
            "profile_pic_url": "https://instagram.fbga1-4.fna.fbcdn.net/v/t51.2885-19/s150x150/119745802_519176668946552_9102770943887028105_n.jpg?_nc_ht=instagram.fbga1-4.fna.fbcdn.net&_nc_ohc=EdILRM4hTl4AX9RXixo&oh=65cac897938638672459e77da74b7e67&oe=5F988E0C",
            "username": "haydeegiovanetti"
        },
        "likes_count": 0,
        "answers": []
    },
    {
        "id": 17928335032291817,
        "created_at": 1557188643,
        "text": "Hola, este vestido est\u00e1 disponible? No lo veo en la p\u00e1gina web y lo quiero para un bautizo, gracias",
        "owner": {
            "id": "1628536572",
            "is_verified": false,
            "profile_pic_url": "https://instagram.fbga1-4.fna.fbcdn.net/v/t51.2885-19/s150x150/81086490_457553504871919_8214408052074348544_n.jpg?_nc_ht=instagram.fbga1-4.fna.fbcdn.net&_nc_ohc=9OwBEVPTCQAAX-5Gq0b&oh=d4fbf11f2b95a853a7f3c8db94201e31&oe=5F963C3C",
            "username": "alithmendez24"
        },
        "likes_count": 0,
        "answers": []
    },
    {
        "id": 18059548057065663,
        "created_at": 1557182238,
        "text": "En.diciembre compre m\u00e1s de 8 prendas y nunca me.dijeron nada es m\u00e1s soy cliente frecuente!",
        "owner": {
            "id": "6624664247",
            "is_verified": false,
            "profile_pic_url": "https://instagram.fbga1-4.fna.fbcdn.net/v/t51.2885-19/s150x150/24124848_304173973409518_5120897551494545408_n.jpg?_nc_ht=instagram.fbga1-4.fna.fbcdn.net&_nc_ohc=1SLW23h0NMkAX9WNEBz&oh=3d11f51a8f53d5e159c920c3e6ee2764&oe=5F96F0DB",
            "username": "jessiamayaquevedo"
        },
        "likes_count": 0,
        "answers": []
    },
    {
        "id": 18064751368060601,
        "created_at": 1557159394,
        "text": "Buenos d\u00edas. No encuentro el vestido en la p\u00e1gina web de @epk Ya no est\u00e1 disponible?",
        "owner": {
            "id": "1640269727",
            "is_verified": false,
            "profile_pic_url": "https://instagram.fbga1-4.fna.fbcdn.net/v/t51.2885-19/s150x150/18252430_621942408007794_2209412781441024_a.jpg?_nc_ht=instagram.fbga1-4.fna.fbcdn.net&_nc_ohc=cgCaREknT1wAX8BYXE4&oh=1f514a3789b353db680c2b4299df55aa&oe=5F9817D7",
            "username": "marisolcarrillobernal"
        },
        "likes_count": 1,
        "answers": [
            {
                "id": 18061539817005393,
                "created_at": 1557181160,
                "text": "@marisolcarrillobernal \u00a1Hola! \u00a1Te invitamos a visitarnos en www.epk.com y descubrir todas las prendas que tenemos para ti! \u2764\ufe0f",
                "owner": {
                    "id": "208034677",
                    "is_verified": true,
                    "profile_pic_url": "https://instagram.fbga1-4.fna.fbcdn.net/v/t51.2885-19/s150x150/116713279_329296981536344_3404171181868667674_n.jpg?_nc_ht=instagram.fbga1-4.fna.fbcdn.net&_nc_ohc=e_8u8kf3ZDMAX9GL6vk&oh=cb797d66d56f5631c9bff6ad98af462e&oe=5F97C031",
                    "username": "epk"
                },
                "likes_count": 1
            }
        ]
    },
    {
        "id": 17896887577308116,
        "created_at": 1557027671,
        "text": "Y qu\u00e9 beneficios tiene estar en el club baby?",
        "owner": {
            "id": "569939525",
            "is_verified": false,
            "profile_pic_url": "https://instagram.fbga1-4.fna.fbcdn.net/v/t51.2885-19/s150x150/100989252_572860616941503_2240778987733254144_n.jpg?_nc_ht=instagram.fbga1-4.fna.fbcdn.net&_nc_ohc=U4yLq5yV7U8AX9vqY6E&oh=852aa3297e29e1e54cb40633928eb991&oe=5F97A7C3",
            "username": "nichollstore"
        },
        "likes_count": 0,
        "answers": [
            {
                "id": 17986345831226705,
                "created_at": 1557181146,
                "text": "@daaninicholls Hola! por pertenecer a club baby tienes env\u00edos gratis en epk.com, 20% de descuento en el m\u00e9s del cumplea\u00f1os del beb\u00e9 y mucho m\u00e1s! te esperamos! \u2764\ufe0f",
                "owner": {
                    "id": "208034677",
                    "is_verified": true,
                    "profile_pic_url": "https://instagram.fbga1-4.fna.fbcdn.net/v/t51.2885-19/s150x150/116713279_329296981536344_3404171181868667674_n.jpg?_nc_ht=instagram.fbga1-4.fna.fbcdn.net&_nc_ohc=e_8u8kf3ZDMAX9GL6vk&oh=cb797d66d56f5631c9bff6ad98af462e&oe=5F97C031",
                    "username": "epk"
                },
                "likes_count": 0
            }
        ]
    },
    {
        "id": 17969438866247800,
        "created_at": 1557024235,
        "text": "Mira \ud83e\udd29\ud83d\ude0d @reybary \ud83d\udc23",
        "owner": {
            "id": "4722168061",
            "is_verified": false,
            "profile_pic_url": "https://instagram.fbga1-4.fna.fbcdn.net/v/t51.2885-19/s150x150/31028453_244898866067143_6572755054850211840_n.jpg?_nc_ht=instagram.fbga1-4.fna.fbcdn.net&_nc_ohc=YflXfkfmQocAX94vMsn&oh=cdbbe24a786a75a2943275b9a823b148&oe=5F98471B",
            "username": "gloriabarretop"
        },
        "likes_count": 2,
        "answers": []
    },
    {
        "id": 18040702198124812,
        "created_at": 1557013634,
        "text": "Realice una compra de 3 prendas y nunca me informaron sobre esto...!!!\ud83e\udd14",
        "owner": {
            "id": "1188723318",
            "is_verified": false,
            "profile_pic_url": "https://instagram.fbga1-4.fna.fbcdn.net/v/t51.2885-19/s150x150/26154516_141169406594202_2892645059218374656_n.jpg?_nc_ht=instagram.fbga1-4.fna.fbcdn.net&_nc_ohc=e8ZpiI2zPAYAX_5sbZD&oh=af91b29bea47173f1052a4524e6d6f23&oe=5F96E9AF",
            "username": "lajulitv"
        },
        "likes_count": 0,
        "answers": [
            {
                "id": 18063487828005981,
                "created_at": 1557181080,
                "text": "@lajulitv Hola!\n\nPor favor env\u00edanos tus datos a nuestro correo clubabyepk@epk.com y con gusto validaremos tu estado en el club baby. Saludos! \u2764\ufe0f",
                "owner": {
                    "id": "208034677",
                    "is_verified": true,
                    "profile_pic_url": "https://instagram.fbga1-4.fna.fbcdn.net/v/t51.2885-19/s150x150/116713279_329296981536344_3404171181868667674_n.jpg?_nc_ht=instagram.fbga1-4.fna.fbcdn.net&_nc_ohc=e_8u8kf3ZDMAX9GL6vk&oh=cb797d66d56f5631c9bff6ad98af462e&oe=5F97C031",
                    "username": "epk"
                },
                "likes_count": 0
            }
        ]
    },
    {
        "id": 17871860209366454,
        "created_at": 1557009546,
        "text": "@anakaroca12",
        "owner": {
            "id": "7953613627",
            "is_verified": false,
            "profile_pic_url": "https://instagram.fbga1-4.fna.fbcdn.net/v/t51.2885-19/s150x150/98063203_3266225186772990_5816926259128565760_n.jpg?_nc_ht=instagram.fbga1-4.fna.fbcdn.net&_nc_ohc=uEl4f99l4HwAX_ctLEf&oh=51fcf951c4b4cbc02cb12bd0d12975a2&oe=5F95689B",
            "username": "alexandragarciaestrada"
        },
        "likes_count": 2,
        "answers": []
    },
    {
        "id": 17883400855340973,
        "created_at": 1557006496,
        "text": "Hola buenas tardes una pregunta en la ciudad de ibague se encuentra este vestido?",
        "owner": {
            "id": "1420502559",
            "is_verified": false,
            "profile_pic_url": "https://instagram.fbga1-4.fna.fbcdn.net/v/t51.2885-19/s150x150/118799024_653849581935191_1742710611336718394_n.jpg?_nc_ht=instagram.fbga1-4.fna.fbcdn.net&_nc_ohc=SQD0ruRZQ-YAX_5KMsq&oh=e189d4db1f8e2f6f2e006c92958cab0e&oe=5F94C82B",
            "username": "catheoa"
        },
        "likes_count": 0,
        "answers": [
            {
                "id": 18065622754041921,
                "created_at": 1557181096,
                "text": "@catheoa \u00a1Hola! \u00a1Te invitamos a visitarnos en www.epk.com y descubrir todas las prendas que tenemos para ti! \u2764\ufe0f",
                "owner": {
                    "id": "208034677",
                    "is_verified": true,
                    "profile_pic_url": "https://instagram.fbga1-4.fna.fbcdn.net/v/t51.2885-19/s150x150/116713279_329296981536344_3404171181868667674_n.jpg?_nc_ht=instagram.fbga1-4.fna.fbcdn.net&_nc_ohc=e_8u8kf3ZDMAX9GL6vk&oh=cb797d66d56f5631c9bff6ad98af462e&oe=5F97C031",
                    "username": "epk"
                },
                "likes_count": 0
            }
        ]
    },
    {
        "id": 18036802222094013,
        "created_at": 1557001529,
        "text": "\ud83d\ude0d",
        "owner": {
            "id": "749615913",
            "is_verified": false,
            "profile_pic_url": "https://instagram.fbga1-4.fna.fbcdn.net/v/t51.2885-19/s150x150/64900746_912341242447554_1829909926432997376_n.jpg?_nc_ht=instagram.fbga1-4.fna.fbcdn.net&_nc_ohc=BJ5VODV1wRIAX9rVicK&oh=f84a3cb4719d5ca40760159fbfe898d1&oe=5F959BAB",
            "username": "sandradelpy"
        },
        "likes_count": 0,
        "answers": []
    },
    {
        "id": 18061520770026950,
        "created_at": 1556999594,
        "text": "Por lo que veo esto esta hace mucho hay yo realice la compra de 4 prendas y no me dijeron nada",
        "owner": {
            "id": "1443193639",
            "is_verified": false,
            "profile_pic_url": "https://instagram.fbga1-4.fna.fbcdn.net/v/t51.2885-19/s150x150/108003791_1441545402711044_8165520512308036939_n.jpg?_nc_ht=instagram.fbga1-4.fna.fbcdn.net&_nc_ohc=A1hTM4YV5PYAX-DFnHK&oh=fd005ae44b8620f905941e7137e03a48&oe=5F95E961",
            "username": "martinails0419"
        },
        "likes_count": 0,
        "answers": [
            {
                "id": 17848406926428632,
                "created_at": 1557181052,
                "text": "@danieeheenao0812 Hola!\n\nPor favor env\u00edanos tus datos a nuestro correo clubabyepk@epk.com y con gusto validaremos tu estado en el club baby. Saludos! \u2764\ufe0f",
                "owner": {
                    "id": "208034677",
                    "is_verified": true,
                    "profile_pic_url": "https://instagram.fbga1-4.fna.fbcdn.net/v/t51.2885-19/s150x150/116713279_329296981536344_3404171181868667674_n.jpg?_nc_ht=instagram.fbga1-4.fna.fbcdn.net&_nc_ohc=e_8u8kf3ZDMAX9GL6vk&oh=cb797d66d56f5631c9bff6ad98af462e&oe=5F97C031",
                    "username": "epk"
                },
                "likes_count": 0
            }
        ]
    },
    {
        "id": 18062391271043301,
        "created_at": 1556980066,
        "text": "Como es eso de club epk m\u00e1s informaci\u00f3n por fa\u00a1",
        "owner": {
            "id": "6624664247",
            "is_verified": false,
            "profile_pic_url": "https://instagram.fbga1-4.fna.fbcdn.net/v/t51.2885-19/s150x150/24124848_304173973409518_5120897551494545408_n.jpg?_nc_ht=instagram.fbga1-4.fna.fbcdn.net&_nc_ohc=1SLW23h0NMkAX9WNEBz&oh=3d11f51a8f53d5e159c920c3e6ee2764&oe=5F96F0DB",
            "username": "jessiamayaquevedo"
        },
        "likes_count": 0,
        "answers": [
            {
                "id": 17848507585427815,
                "created_at": 1557181037,
                "text": "@jessiamayaquevedo solo debes llenar el formulario de club baby EPK luego de realizar la compra de 2 o m\u00e1s prendas en la categor\u00eda beb\u00e9. Te esperamos! \u2764\ufe0f",
                "owner": {
                    "id": "208034677",
                    "is_verified": true,
                    "profile_pic_url": "https://instagram.fbga1-4.fna.fbcdn.net/v/t51.2885-19/s150x150/116713279_329296981536344_3404171181868667674_n.jpg?_nc_ht=instagram.fbga1-4.fna.fbcdn.net&_nc_ohc=e_8u8kf3ZDMAX9GL6vk&oh=cb797d66d56f5631c9bff6ad98af462e&oe=5F97C031",
                    "username": "epk"
                },
                "likes_count": 0
            }
        ]
    },
    {
        "id": 17849796667423495,
        "created_at": 1556948924,
        "text": "@milenatorres3129 mira pa maru",
        "owner": {
            "id": "1408186894",
            "is_verified": false,
            "profile_pic_url": "https://instagram.fbga1-4.fna.fbcdn.net/v/t51.2885-19/s150x150/83787487_3023385024390850_1470055327033458688_n.jpg?_nc_ht=instagram.fbga1-4.fna.fbcdn.net&_nc_ohc=RQxdUqCOKVwAX-Z_sVI&oh=6ff270ee044a4e7d00697a9197108a81&oe=5F955EFD",
            "username": "aylin.torres.31"
        },
        "likes_count": 2,
        "answers": []
    },
    {
        "id": 18061908856036110,
        "created_at": 1556930883,
        "text": "Buenas noches la compra debe ser web o se puede en las tiendas???",
        "owner": {
            "id": "292340939",
            "is_verified": false,
            "profile_pic_url": "https://instagram.fbga1-4.fna.fbcdn.net/v/t51.2885-19/s150x150/62109978_2303548169965275_7154758986435133440_n.jpg?_nc_ht=instagram.fbga1-4.fna.fbcdn.net&_nc_ohc=AJJexsyK4F4AX__8_ce&oh=6a73577d706023014e4366632638de39&oe=5F95A0C9",
            "username": "dianasys05"
        },
        "likes_count": 0,
        "answers": [
            {
                "id": 18046081909096256,
                "created_at": 1557181003,
                "text": "@dianasys05 Hola Diana, Te confirmamos que puede ser en tienda f\u00edsica o en epk.com. Saludos! \u2764\ufe0f",
                "owner": {
                    "id": "208034677",
                    "is_verified": true,
                    "profile_pic_url": "https://instagram.fbga1-4.fna.fbcdn.net/v/t51.2885-19/s150x150/116713279_329296981536344_3404171181868667674_n.jpg?_nc_ht=instagram.fbga1-4.fna.fbcdn.net&_nc_ohc=e_8u8kf3ZDMAX9GL6vk&oh=cb797d66d56f5631c9bff6ad98af462e&oe=5F97C031",
                    "username": "epk"
                },
                "likes_count": 0
            }
        ]
    },
    {
        "id": 17960007250267904,
        "created_at": 1556929968,
        "text": "Hermosa!!!",
        "owner": {
            "id": "2100476484",
            "is_verified": false,
            "profile_pic_url": "https://instagram.fbga1-4.fna.fbcdn.net/v/t51.2885-19/s150x150/82988118_372012443773882_7258180038934531965_n.jpg?_nc_ht=instagram.fbga1-4.fna.fbcdn.net&_nc_ohc=QmFYhgHCJfQAX-uLWax&oh=7ff5453a64b90682951768a5df40aed2&oe=5F9883E9",
            "username": "noridamg370"
        },
        "likes_count": 1,
        "answers": []
    },
    {
        "id": 17993527423219101,
        "created_at": 1556928288,
        "text": "%",
        "owner": {
            "id": "198473130",
            "is_verified": false,
            "profile_pic_url": "https://instagram.fbga1-4.fna.fbcdn.net/v/t51.2885-19/s150x150/115796051_744842039625433_2555367281951644913_n.jpg?_nc_ht=instagram.fbga1-4.fna.fbcdn.net&_nc_ohc=xyV4VwbqsRIAX9G9Dp2&oh=e3312094a85089bc74eab8ce33ee9260&oe=5F95B37A",
            "username": "carocantor"
        },
        "likes_count": 1,
        "answers": []
    },
    {
        "id": 18044931553101069,
        "created_at": 1556926785,
        "text": "@epk necesito ese vestido para una bebe de 7 meses donde lo puedo conseguir en #Medell\u00edn.... ayuda @epk",
        "owner": {
            "id": "211036871",
            "is_verified": false,
            "profile_pic_url": "https://instagram.fbga1-4.fna.fbcdn.net/v/t51.2885-19/s150x150/104894187_678274876086427_9200084367113742833_n.jpg?_nc_ht=instagram.fbga1-4.fna.fbcdn.net&_nc_ohc=B-dshlZhmWYAX_PVlQ-&oh=5db2d53cdfe61f097ec02780386ddb1e&oe=5F981490",
            "username": "lulusoto63"
        },
        "likes_count": 0,
        "answers": [
            {
                "id": 18000171082202762,
                "created_at": 1557180974,
                "text": "@lulusoto63 \u00a1Hola! \u00a1Te invitamos a visitarnos en www.epk.com y descubrir todas las prendas que tenemos para ti! \u2764\ufe0f",
                "owner": {
                    "id": "208034677",
                    "is_verified": true,
                    "profile_pic_url": "https://instagram.fbga1-4.fna.fbcdn.net/v/t51.2885-19/s150x150/116713279_329296981536344_3404171181868667674_n.jpg?_nc_ht=instagram.fbga1-4.fna.fbcdn.net&_nc_ohc=e_8u8kf3ZDMAX9GL6vk&oh=cb797d66d56f5631c9bff6ad98af462e&oe=5F97C031",
                    "username": "epk"
                },
                "likes_count": 0
            }
        ]
    },
    {
        "id": 17943018718284765,
        "created_at": 1556919149,
        "text": "Quiero inscribir a mi ni\u00f1a",
        "owner": {
            "id": "13226636855",
            "is_verified": false,
            "profile_pic_url": "https://instagram.fbga1-4.fna.fbcdn.net/v/t51.2885-19/s150x150/67386985_653635038473884_8430606311934132224_n.jpg?_nc_ht=instagram.fbga1-4.fna.fbcdn.net&_nc_ohc=tkPmnAAB6IsAX9J_zMf&oh=938b37b490f238222ebf22203a5b31dc&oe=5F965BFB",
            "username": "sajura0929"
        },
        "likes_count": 0,
        "answers": [
            {
                "id": 17961128680269549,
                "created_at": 1557180959,
                "text": "@saralucia_09  Hola Sara! perfecto! solo debes llenar el formulario de club baby EPK luego de realizar la compra de 2 o m\u00e1s prendas en la categor\u00eda beb\u00e9. Te esperamos! \u2764\ufe0f",
                "owner": {
                    "id": "208034677",
                    "is_verified": true,
                    "profile_pic_url": "https://instagram.fbga1-4.fna.fbcdn.net/v/t51.2885-19/s150x150/116713279_329296981536344_3404171181868667674_n.jpg?_nc_ht=instagram.fbga1-4.fna.fbcdn.net&_nc_ohc=e_8u8kf3ZDMAX9GL6vk&oh=cb797d66d56f5631c9bff6ad98af462e&oe=5F97C031",
                    "username": "epk"
                },
                "likes_count": 0
            }
        ]
    },
    {
        "id": 18040788853122009,
        "created_at": 1556917329,
        "text": "Los extra\u00f1o desde Venezuela",
        "owner": {
            "id": "4271443456",
            "is_verified": false,
            "profile_pic_url": "https://instagram.fbga1-4.fna.fbcdn.net/v/t51.2885-19/s150x150/15803451_1228211843936299_8291835119736455168_a.jpg?_nc_ht=instagram.fbga1-4.fna.fbcdn.net&_nc_ohc=y9u3T9GbyUgAX80F3Lo&oh=0ea5839d1222a45086d38e4051f86a52&oe=5F97A5CF",
            "username": "rossmaryrodri"
        },
        "likes_count": 2,
        "answers": []
    },
    {
        "id": 18085195534010445,
        "created_at": 1556912971,
        "text": "Hola, hasta q talla sale el vestido",
        "owner": {
            "id": "709662463",
            "is_verified": false,
            "profile_pic_url": "https://instagram.fbga1-4.fna.fbcdn.net/v/t51.2885-19/s150x150/17267511_952776688190733_1049802324832157696_a.jpg?_nc_ht=instagram.fbga1-4.fna.fbcdn.net&_nc_ohc=JkmKz4dbcroAX8Nin-I&oh=d6f52f9a6a193286196efcaa01c459b5&oe=5F960B1E",
            "username": "melisav0210"
        },
        "likes_count": 0,
        "answers": [
            {
                "id": 18022386091171334,
                "created_at": 1557180886,
                "text": "@melisav0210 \u00a1Hola! \u00a1Te invitamos a visitarnos en www.epk.com y descubrir todas las prendas que tenemos para ti! \u2764\ufe0f",
                "owner": {
                    "id": "208034677",
                    "is_verified": true,
                    "profile_pic_url": "https://instagram.fbga1-4.fna.fbcdn.net/v/t51.2885-19/s150x150/116713279_329296981536344_3404171181868667674_n.jpg?_nc_ht=instagram.fbga1-4.fna.fbcdn.net&_nc_ohc=e_8u8kf3ZDMAX9GL6vk&oh=cb797d66d56f5631c9bff6ad98af462e&oe=5F97C031",
                    "username": "epk"
                },
                "likes_count": 0
            }
        ]
    },
    {
        "id": 18036127054084484,
        "created_at": 1556912061,
        "text": "Tambi\u00e9n pueden ingresar los ni\u00f1os al club?",
        "owner": {
            "id": "6094268562",
            "is_verified": false,
            "profile_pic_url": "https://instagram.fbga1-4.fna.fbcdn.net/v/t51.2885-19/s150x150/21985404_1734004123575993_6647391347252658176_n.jpg?_nc_ht=instagram.fbga1-4.fna.fbcdn.net&_nc_ohc=EhY2vHHYP0MAX9k-mio&oh=02baf2f1001d1a71b6e0b0d9cd757b76&oe=5F97109B",
            "username": "rodriguezsapily"
        },
        "likes_count": 0,
        "answers": [
            {
                "id": 17886666742330586,
                "created_at": 1557180855,
                "text": "@rodriguezsapily Hola! Asi es! de 0 a 3 a\u00f1os!",
                "owner": {
                    "id": "208034677",
                    "is_verified": true,
                    "profile_pic_url": "https://instagram.fbga1-4.fna.fbcdn.net/v/t51.2885-19/s150x150/116713279_329296981536344_3404171181868667674_n.jpg?_nc_ht=instagram.fbga1-4.fna.fbcdn.net&_nc_ohc=e_8u8kf3ZDMAX9GL6vk&oh=cb797d66d56f5631c9bff6ad98af462e&oe=5F97C031",
                    "username": "epk"
                },
                "likes_count": 0
            }
        ]
    },
    {
        "id": 17882797828338353,
        "created_at": 1556911231,
        "text": "Los zapatos los tienen?",
        "owner": {
            "id": "1339147735",
            "is_verified": false,
            "profile_pic_url": "https://instagram.fbga1-4.fna.fbcdn.net/v/t51.2885-19/s150x150/18948057_127313884513582_8712439768090148864_a.jpg?_nc_ht=instagram.fbga1-4.fna.fbcdn.net&_nc_ohc=P6gA227j8iEAX9BLGDF&oh=de3047a9a28401f8c01f315b29b98886&oe=5F957857",
            "username": "dianagrisales21"
        },
        "likes_count": 1,
        "answers": [
            {
                "id": 18033160429185030,
                "created_at": 1556911851,
                "text": "@dianagrisales21 \u00a1Hola! \u00a1Te invitamos a visitarnos en www.epk.com y descubrir todas las prendas que tenemos para ti! \u2764\ufe0f",
                "owner": {
                    "id": "208034677",
                    "is_verified": true,
                    "profile_pic_url": "https://instagram.fbga1-4.fna.fbcdn.net/v/t51.2885-19/s150x150/116713279_329296981536344_3404171181868667674_n.jpg?_nc_ht=instagram.fbga1-4.fna.fbcdn.net&_nc_ohc=e_8u8kf3ZDMAX9GL6vk&oh=cb797d66d56f5631c9bff6ad98af462e&oe=5F97C031",
                    "username": "epk"
                },
                "likes_count": 0
            }
        ]
    },
    {
        "id": 18029912080182476,
        "created_at": 1556903027,
        "text": "\ud83d\ude0d\ud83d\ude0d\ud83d\ude0d",
        "owner": {
            "id": "2872416124",
            "is_verified": false,
            "profile_pic_url": "https://instagram.fbga1-4.fna.fbcdn.net/v/t51.2885-19/s150x150/12716995_969107069844737_2077141316_a.jpg?_nc_ht=instagram.fbga1-4.fna.fbcdn.net&_nc_ohc=lbQetshiTGMAX-WyIB5&oh=a21c8c0560317230ac6873920f0ba097&oe=5F95EFA2",
            "username": "pediatra_"
        },
        "likes_count": 1,
        "answers": []
    },
    {
        "id": 17966959777256090,
        "created_at": 1556899392,
        "text": "Nunca me llego el correo",
        "owner": {
            "id": "627389224",
            "is_verified": false,
            "profile_pic_url": "https://instagram.fbga1-4.fna.fbcdn.net/v/t51.2885-19/s150x150/119211855_3337629046282612_3871103642488752987_n.jpg?_nc_ht=instagram.fbga1-4.fna.fbcdn.net&_nc_ohc=cf1_GLgep-EAX9PfYm2&oh=5b554e9ff236f3b1f9790607f537fce2&oe=5F959BC3",
            "username": "diana.lorena_"
        },
        "likes_count": 1,
        "answers": [
            {
                "id": 17895970114310787,
                "created_at": 1556911919,
                "text": "@diana.lorena_ Hola!\n\nPor favor env\u00edanos tus datos a nuestro correo clubabyepk@epk.com y con gusto validaremos tu estado en el club baby. Saludos! \u2764\ufe0f",
                "owner": {
                    "id": "208034677",
                    "is_verified": true,
                    "profile_pic_url": "https://instagram.fbga1-4.fna.fbcdn.net/v/t51.2885-19/s150x150/116713279_329296981536344_3404171181868667674_n.jpg?_nc_ht=instagram.fbga1-4.fna.fbcdn.net&_nc_ohc=e_8u8kf3ZDMAX9GL6vk&oh=cb797d66d56f5631c9bff6ad98af462e&oe=5F97C031",
                    "username": "epk"
                },
                "likes_count": 0
            }
        ]
    },
    {
        "id": 18032369896190281,
        "created_at": 1556896628,
        "text": "Los bbs seria modelos ? Por la compra de 2 prendas",
        "owner": {
            "id": "1474866484",
            "is_verified": false,
            "profile_pic_url": "https://instagram.fbga1-4.fna.fbcdn.net/v/t51.2885-19/s150x150/108182529_587799885269439_3981692615928526900_n.jpg?_nc_ht=instagram.fbga1-4.fna.fbcdn.net&_nc_ohc=_XsE52Aar7cAX-76yWE&oh=9d84a3e4a6cec928abe55070bd7631ca&oe=5F96507A",
            "username": "fanery_saavedra"
        },
        "likes_count": 0,
        "answers": [
            {
                "id": 18061486669063709,
                "created_at": 1556911805,
                "text": "@fanery_bonita Hola! por la compra de 2 o m\u00e1s prendas en categor\u00eda beb\u00e9, puedes inscribirte en el club baby! saludos! \ud83d\udc93",
                "owner": {
                    "id": "208034677",
                    "is_verified": true,
                    "profile_pic_url": "https://instagram.fbga1-4.fna.fbcdn.net/v/t51.2885-19/s150x150/116713279_329296981536344_3404171181868667674_n.jpg?_nc_ht=instagram.fbga1-4.fna.fbcdn.net&_nc_ohc=e_8u8kf3ZDMAX9GL6vk&oh=cb797d66d56f5631c9bff6ad98af462e&oe=5F97C031",
                    "username": "epk"
                },
                "likes_count": 0
            }
        ]
    },
    {
        "id": 17981053708244911,
        "created_at": 1556896532,
        "text": "Mira para tu pajesita q tal? @kcatalinagonzalez",
        "owner": {
            "id": "468986063",
            "is_verified": false,
            "profile_pic_url": "https://instagram.fbga1-4.fna.fbcdn.net/v/t51.2885-19/s150x150/106397186_2675398569345910_8079580868444474773_n.jpg?_nc_ht=instagram.fbga1-4.fna.fbcdn.net&_nc_ohc=MfZHI_YhUtcAX_uTJOL&oh=0fb7a072b778b50d73f9e2e545d551e6&oe=5F95D027",
            "username": "vivicastror"
        },
        "likes_count": 3,
        "answers": []
    },
    {
        "id": 17993675332223855,
        "created_at": 1556896218,
        "text": "Hasta cuando hay plazo??",
        "owner": {
            "id": "2563044769",
            "is_verified": false,
            "profile_pic_url": "https://instagram.fbga1-4.fna.fbcdn.net/v/t51.2885-19/s150x150/102847852_262960178381874_1889532632736259849_n.jpg?_nc_ht=instagram.fbga1-4.fna.fbcdn.net&_nc_ohc=VPfcVjPjso8AX-2sJIW&oh=71eb98d8cefa61ffa87845da0bd9ee72&oe=5F9597A1",
            "username": "geroyerika11"
        },
        "likes_count": 5,
        "answers": [
            {
                "id": 17861256376391517,
                "created_at": 1556911955,
                "text": "@erikalex11 Puedes hacer la inscripci\u00f3n en el momento que lo decidas erika! saludos! \u2764\ufe0f",
                "owner": {
                    "id": "208034677",
                    "is_verified": true,
                    "profile_pic_url": "https://instagram.fbga1-4.fna.fbcdn.net/v/t51.2885-19/s150x150/116713279_329296981536344_3404171181868667674_n.jpg?_nc_ht=instagram.fbga1-4.fna.fbcdn.net&_nc_ohc=e_8u8kf3ZDMAX9GL6vk&oh=cb797d66d56f5631c9bff6ad98af462e&oe=5F97C031",
                    "username": "epk"
                },
                "likes_count": 4
            }
        ]
    },
    {
        "id": 17882904382338569,
        "created_at": 1556896065,
        "text": "Que espect\u00e1culo de modelo!!!!! @tabathajanna \ud83d\udc93",
        "owner": {
            "id": "3949893707",
            "is_verified": false,
            "profile_pic_url": "https://instagram.fbga1-4.fna.fbcdn.net/v/t51.2885-19/s150x150/102541894_2750887718367540_713195723312833876_n.jpg?_nc_ht=instagram.fbga1-4.fna.fbcdn.net&_nc_ohc=ReHoxUq0Y3YAX81v9sr&oh=9e8dbd0f6f5a4d3f82f8dfe9b13a44fe&oe=5F9588AF",
            "username": "emykarpfbeauty"
        },
        "likes_count": 3,
        "answers": []
    },
    {
        "id": 17872836844362090,
        "created_at": 1556896033,
        "text": "@corason_kt04",
        "owner": {
            "id": "1294566036",
            "is_verified": false,
            "profile_pic_url": "https://instagram.fbga1-4.fna.fbcdn.net/v/t51.2885-19/s150x150/119149480_219531442931948_1503825136162299719_n.jpg?_nc_ht=instagram.fbga1-4.fna.fbcdn.net&_nc_ohc=q97_JcAZYYkAX_mXwFM&oh=8c452aaba7387ef8299f9929b2a52fbf&oe=5F95C3FF",
            "username": "paola_2903"
        },
        "likes_count": 2,
        "answers": [
            {
                "id": 17919865840314906,
                "created_at": 1565741441,
                "text": "@paola_2903 \ud83d\ude0d\ud83d\ude0d\ud83d\ude0d\ud83d\ude0d",
                "owner": {
                    "id": "8481402014",
                    "is_verified": false,
                    "profile_pic_url": "https://instagram.fbga1-4.fna.fbcdn.net/v/t51.2885-19/s150x150/50174049_1892077550921895_2410953821158113280_n.jpg?_nc_ht=instagram.fbga1-4.fna.fbcdn.net&_nc_ohc=RKx5iM3yJfQAX_yHoom&oh=3e366201b129d075d7150bafcd1c0a46&oe=5F9877E0",
                    "username": "corason_kt04"
                },
                "likes_count": 0
            }
        ]
    },
    {
        "id": 17940903907303008,
        "created_at": 1556895924,
        "text": "Los zapatos son de epk",
        "owner": {
            "id": "857853838",
            "is_verified": false,
            "profile_pic_url": "https://instagram.fbga1-4.fna.fbcdn.net/v/t51.2885-19/s150x150/69284594_428601464425118_9119106770826952704_n.jpg?_nc_ht=instagram.fbga1-4.fna.fbcdn.net&_nc_ohc=NnKttkDvrAsAX8ds26W&oh=c7a135473250ea85068d906cee48c193&oe=5F96AC6B",
            "username": "linandrea22"
        },
        "likes_count": 1,
        "answers": [
            {
                "id": 18062281060060428,
                "created_at": 1556911859,
                "text": "@linandrea22 \u00a1Hola! \u00a1Te invitamos a visitarnos en www.epk.com y descubrir todas las prendas que tenemos para ti! \u2764\ufe0f",
                "owner": {
                    "id": "208034677",
                    "is_verified": true,
                    "profile_pic_url": "https://instagram.fbga1-4.fna.fbcdn.net/v/t51.2885-19/s150x150/116713279_329296981536344_3404171181868667674_n.jpg?_nc_ht=instagram.fbga1-4.fna.fbcdn.net&_nc_ohc=e_8u8kf3ZDMAX9GL6vk&oh=cb797d66d56f5631c9bff6ad98af462e&oe=5F97C031",
                    "username": "epk"
                },
                "likes_count": 0
            }
        ]
    }
]