[
    {
        "id": 18039261022166558,
        "created_at": 1561071705,
        "text": "Que lindos\ud83d\udc9a",
        "owner": {
            "id": "9127849250",
            "is_verified": false,
            "profile_pic_url": "https://instagram.fbga1-4.fna.fbcdn.net/v/t51.2885-19/s150x150/102446465_1480818662110518_6915539903732252672_n.jpg?_nc_ht=instagram.fbga1-4.fna.fbcdn.net&_nc_ohc=vFjHHuM8WnUAX-YBYeb&oh=8392062319d66b86f8fcd7c26e7c7f3c&oe=5F95C4EF",
            "username": "zoe_selen_sarria"
        },
        "likes_count": 1,
        "answers": [
            {
                "id": 18074343088064441,
                "created_at": 1561147718,
                "text": "@zoe_selen_sarria \u2764\ufe0f\ud83d\ude4c",
                "owner": {
                    "id": "208034677",
                    "is_verified": true,
                    "profile_pic_url": "https://instagram.fbga1-4.fna.fbcdn.net/v/t51.2885-19/s150x150/116713279_329296981536344_3404171181868667674_n.jpg?_nc_ht=instagram.fbga1-4.fna.fbcdn.net&_nc_ohc=e_8u8kf3ZDMAX9GL6vk&oh=cb797d66d56f5631c9bff6ad98af462e&oe=5F97C031",
                    "username": "epk"
                },
                "likes_count": 0
            }
        ]
    }
]