[
    {
        "id": 17911065079283762,
        "created_at": 1549109437,
        "text": "Cool\ud83d\udc4c",
        "owner": {
            "id": "9230156221",
            "is_verified": false,
            "profile_pic_url": "https://instagram.fbga1-4.fna.fbcdn.net/v/t51.2885-19/s150x150/43628358_602978253492949_5784738580211433472_n.jpg?_nc_ht=instagram.fbga1-4.fna.fbcdn.net&_nc_ohc=qrdEKehQ02MAX_iLE3T&oh=5e248a6c9a5391451920705e150a6cde&oe=5F96FE03",
            "username": "emi.help"
        },
        "likes_count": 0,
        "answers": []
    },
    {
        "id": 17865442366312157,
        "created_at": 1549024260,
        "text": "En caracas ya no hay",
        "owner": {
            "id": "9368328781",
            "is_verified": false,
            "profile_pic_url": "https://instagram.fbga1-4.fna.fbcdn.net/v/t51.2885-19/s150x150/118850103_319030639333416_8513022497763261004_n.jpg?_nc_ht=instagram.fbga1-4.fna.fbcdn.net&_nc_ohc=YpyPbnoEAxgAX_qdMQX&oh=86f1aad600d66e71f6b0a20a4d43eb40&oe=5F962F93",
            "username": "yilmavalentina"
        },
        "likes_count": 0,
        "answers": []
    },
    {
        "id": 18029534713001715,
        "created_at": 1548967645,
        "text": "Hasta cuando esta grandiosa oferta?",
        "owner": {
            "id": "1501053767",
            "is_verified": false,
            "profile_pic_url": "https://instagram.fbga1-4.fna.fbcdn.net/v/t51.2885-19/12534638_1643854435887876_1802534172_a.jpg?_nc_ht=instagram.fbga1-4.fna.fbcdn.net&_nc_ohc=PrQwgSj_4q8AX9DFDH7&oh=632e6dd96024effbf914ac0a7bc632e4&oe=5F957248",
            "username": "samirita1709"
        },
        "likes_count": 0,
        "answers": []
    },
    {
        "id": 18000264229132616,
        "created_at": 1548961482,
        "text": "Muy buenas la marca de ropa mi ni\u00f1a usa esa marca EPK desde peque\u00f1a y es muy buenas",
        "owner": {
            "id": "8661067288",
            "is_verified": false,
            "profile_pic_url": "https://instagram.fbga1-4.fna.fbcdn.net/v/t51.2885-19/s150x150/101875139_254378722557181_4551639484554685652_n.jpg?_nc_ht=instagram.fbga1-4.fna.fbcdn.net&_nc_ohc=KvSi4LcEYs0AX8fwntX&oh=f79841cc7b72f02e1d61099da07744cd&oe=5F97E0F5",
            "username": "yennysheilamedina"
        },
        "likes_count": 0,
        "answers": []
    }
]