[
    {
        "id": 18034220923049846,
        "created_at": 1550073418,
        "text": "divinos que $$",
        "owner": {
            "id": "4369979475",
            "is_verified": false,
            "profile_pic_url": "https://instagram.fbga1-4.fna.fbcdn.net/v/t51.2885-19/s150x150/42003624_250653158956527_8915030506404315136_n.jpg?_nc_ht=instagram.fbga1-4.fna.fbcdn.net&_nc_ohc=2C1LUnkWQFkAX_K5IcX&oh=e2c8a69f5d8c4bbb6ada8896d4cdbf39&oe=5F961F5F",
            "username": "doriscortes2198"
        },
        "likes_count": 0,
        "answers": []
    },
    {
        "id": 17994479524175736,
        "created_at": 1550046961,
        "text": "Lindos",
        "owner": {
            "id": "7142276018",
            "is_verified": false,
            "profile_pic_url": "https://instagram.fbga1-4.fna.fbcdn.net/v/t51.2885-19/s150x150/93947543_912414342542290_1121056644021616640_n.jpg?_nc_ht=instagram.fbga1-4.fna.fbcdn.net&_nc_ohc=yNwg0v86igEAX-oXcT-&oh=c748a71b1448898b940184522a59a67c&oe=5F9788AD",
            "username": "tienda_stock_collection"
        },
        "likes_count": 0,
        "answers": []
    },
    {
        "id": 17940745621248604,
        "created_at": 1550016206,
        "text": "Divinas",
        "owner": {
            "id": "9230156221",
            "is_verified": false,
            "profile_pic_url": "https://instagram.fbga1-4.fna.fbcdn.net/v/t51.2885-19/s150x150/43628358_602978253492949_5784738580211433472_n.jpg?_nc_ht=instagram.fbga1-4.fna.fbcdn.net&_nc_ohc=qrdEKehQ02MAX_iLE3T&oh=5e248a6c9a5391451920705e150a6cde&oe=5F96FE03",
            "username": "emi.help"
        },
        "likes_count": 0,
        "answers": []
    }
]