[
    {
        "id": 18065546752099770,
        "created_at": 1562945323,
        "text": "Amor mira las pantalonetas de ba\u00f1o para Emilio y Nicol\u00e1s @francisco_altamar \ud83d\ude0d\ud83d\ude0d",
        "owner": {
            "id": "1427819055",
            "is_verified": false,
            "profile_pic_url": "https://instagram.fbga1-4.fna.fbcdn.net/v/t51.2885-19/s150x150/104110523_2935859469866555_3612827726533929652_n.jpg?_nc_ht=instagram.fbga1-4.fna.fbcdn.net&_nc_ohc=A8JHk6_MP7cAX-3feAB&oh=6dac81325ea7f747891e1ab2ecd9293a&oe=5F95EC2B",
            "username": "mayi.acosta.kant"
        },
        "likes_count": 0,
        "answers": []
    },
    {
        "id": 17963756611257229,
        "created_at": 1556065679,
        "text": "Q precio las gafas",
        "owner": {
            "id": "7515176387",
            "is_verified": false,
            "profile_pic_url": "https://instagram.fbga1-4.fna.fbcdn.net/v/t51.2885-19/s150x150/101705174_568597670756064_1457123421023371264_n.jpg?_nc_ht=instagram.fbga1-4.fna.fbcdn.net&_nc_ohc=pbbv1LEzP2QAX9AsOVY&oh=9cc0b29851508b252d5b9c65f939d12e&oe=5F96FCCE",
            "username": "ludyycabrera"
        },
        "likes_count": 0,
        "answers": [
            {
                "id": 18041987665099711,
                "created_at": 1556134139,
                "text": "@leynikercabrera \u00a1Hola! \u00a1Te invitamos a visitarnos en www.epk.com y descubrir todas las prendas que tenemos para ti! \u2764\ufe0f",
                "owner": {
                    "id": "208034677",
                    "is_verified": true,
                    "profile_pic_url": "https://instagram.fbga1-4.fna.fbcdn.net/v/t51.2885-19/s150x150/116713279_329296981536344_3404171181868667674_n.jpg?_nc_ht=instagram.fbga1-4.fna.fbcdn.net&_nc_ohc=e_8u8kf3ZDMAX9GL6vk&oh=cb797d66d56f5631c9bff6ad98af462e&oe=5F97C031",
                    "username": "epk"
                },
                "likes_count": 0
            }
        ]
    },
    {
        "id": 18022172599162714,
        "created_at": 1556044511,
        "text": "Que belleza de pinta",
        "owner": {
            "id": "9143592560",
            "is_verified": false,
            "profile_pic_url": "https://instagram.fbga1-4.fna.fbcdn.net/v/t51.2885-19/s150x150/42845047_1465227293614501_5003825070947172352_n.jpg?_nc_ht=instagram.fbga1-4.fna.fbcdn.net&_nc_ohc=BuvQePfspdkAX_KFyiW&oh=7cfb5d65819862be177866149b84dda3&oe=5F95A674",
            "username": "olgaluciaguevaranarva"
        },
        "likes_count": 2,
        "answers": [
            {
                "id": 17863817998373329,
                "created_at": 1556046888,
                "text": "@olgaluciaguevaranarva Gracias por preferirnos! \u2764\ufe0f",
                "owner": {
                    "id": "208034677",
                    "is_verified": true,
                    "profile_pic_url": "https://instagram.fbga1-4.fna.fbcdn.net/v/t51.2885-19/s150x150/116713279_329296981536344_3404171181868667674_n.jpg?_nc_ht=instagram.fbga1-4.fna.fbcdn.net&_nc_ohc=e_8u8kf3ZDMAX9GL6vk&oh=cb797d66d56f5631c9bff6ad98af462e&oe=5F97C031",
                    "username": "epk"
                },
                "likes_count": 0
            }
        ]
    },
    {
        "id": 17848241917416054,
        "created_at": 1555951183,
        "text": "Q precio tiene",
        "owner": {
            "id": "2159616724",
            "is_verified": false,
            "profile_pic_url": "https://instagram.fbga1-4.fna.fbcdn.net/v/t51.2885-19/s150x150/43072510_557425444697911_6680377151352471552_n.jpg?_nc_ht=instagram.fbga1-4.fna.fbcdn.net&_nc_ohc=NoR3P8BRJuUAX_XWBlB&oh=0fe156e55414ae62183070a4cbe7203e&oe=5F94B69A",
            "username": "danysierra_30"
        },
        "likes_count": 2,
        "answers": [
            {
                "id": 18032169178094882,
                "created_at": 1555961468,
                "text": "@danysierra_30 \u00a1Hola! \u00a1Te invitamos a visitarnos en www.epk.com y descubrir todas las prendas que tenemos para ti! \u2764\ufe0f",
                "owner": {
                    "id": "208034677",
                    "is_verified": true,
                    "profile_pic_url": "https://instagram.fbga1-4.fna.fbcdn.net/v/t51.2885-19/s150x150/116713279_329296981536344_3404171181868667674_n.jpg?_nc_ht=instagram.fbga1-4.fna.fbcdn.net&_nc_ohc=e_8u8kf3ZDMAX9GL6vk&oh=cb797d66d56f5631c9bff6ad98af462e&oe=5F97C031",
                    "username": "epk"
                },
                "likes_count": 0
            }
        ]
    }
]