[
    {
        "id": 17969540155256576,
        "created_at": 1557795898,
        "text": "Nos hemos quedado esperando los ganadores del concurso que hicieron con @thecookiejaar",
        "owner": {
            "id": "7446666477",
            "is_verified": false,
            "profile_pic_url": "https://instagram.fbga1-4.fna.fbcdn.net/v/t51.2885-19/s150x150/43913585_756476258026877_6785344335295545344_n.jpg?_nc_ht=instagram.fbga1-4.fna.fbcdn.net&_nc_ohc=1jpZsqQ1xKsAX_Me3cc&oh=daf53a3999fb5562c229b385983aff63&oe=5F962768",
            "username": "dulcearroz_bquilla"
        },
        "likes_count": 0,
        "answers": [
            {
                "id": 18038481112138961,
                "created_at": 1557843697,
                "text": "@dulcearroz_bquilla Gracias por escribirnos. Hemos publicado los ganadores! tambi\u00e9n removimos el post por tratamiento de datos personales de los ganadores. Ten feliz d\u00eda!",
                "owner": {
                    "id": "208034677",
                    "is_verified": true,
                    "profile_pic_url": "https://instagram.fbga1-4.fna.fbcdn.net/v/t51.2885-19/s150x150/116713279_329296981536344_3404171181868667674_n.jpg?_nc_ht=instagram.fbga1-4.fna.fbcdn.net&_nc_ohc=e_8u8kf3ZDMAX9GL6vk&oh=cb797d66d56f5631c9bff6ad98af462e&oe=5F97C031",
                    "username": "epk"
                },
                "likes_count": 1
            }
        ]
    }
]