[
    {
        "id": 17968461292229419,
        "created_at": 1552430071,
        "text": "Hola @nolamadriz ! Claro! Como podemos ayudarte?",
        "owner": {
            "id": "208034677",
            "is_verified": true,
            "profile_pic_url": "https://instagram.fbga1-4.fna.fbcdn.net/v/t51.2885-19/s150x150/116713279_329296981536344_3404171181868667674_n.jpg?_nc_ht=instagram.fbga1-4.fna.fbcdn.net&_nc_ohc=e_8u8kf3ZDMAX9GL6vk&oh=cb797d66d56f5631c9bff6ad98af462e&oe=5F97C031",
            "username": "epk"
        },
        "likes_count": 0,
        "answers": [
            {
                "id": 18000545296198285,
                "created_at": 1552471248,
                "text": "@epk buen d\u00eda, quisiera saber especificamente, cu\u00e1les y d\u00f3nde  son las tiendas epk que quedan en Venezuela, por favor.",
                "owner": {
                    "id": "322739400",
                    "is_verified": false,
                    "profile_pic_url": "https://instagram.fbga1-4.fna.fbcdn.net/v/t51.2885-19/s150x150/77037048_537726583619418_8866987380188381184_n.jpg?_nc_ht=instagram.fbga1-4.fna.fbcdn.net&_nc_ohc=pPKlGLtnrxoAX9UVHf6&oh=2058320d27735cd81cafae4a29805bcc&oe=5F95AB1F",
                    "username": "nolamadriz"
                },
                "likes_count": 0
            }
        ]
    },
    {
        "id": 18038672989012285,
        "created_at": 1551327607,
        "text": "Dice que todo a 19.900 y solo tienen prendas basicas, como  camisetas que en otros sitios son de igual precio o mas econ\u00f3micas. No hay variedad",
        "owner": {
            "id": "7198488586",
            "is_verified": false,
            "profile_pic_url": "https://instagram.fbga1-4.fna.fbcdn.net/v/t51.2885-19/s150x150/119169539_338454094010897_7602746218063567257_n.jpg?_nc_ht=instagram.fbga1-4.fna.fbcdn.net&_nc_ohc=BGHnKWJApQ4AX-U-88H&oh=6bdd8aaaa719fc1c9ab29ec8f2ca2e18&oe=5F94E210",
            "username": "nattyvalencia23"
        },
        "likes_count": 1,
        "answers": []
    },
    {
        "id": 18003886855165516,
        "created_at": 1551315230,
        "text": "Buenas noches. Ustedes no responden verdad? \ud83d\ude23\ud83d\ude23 @epk",
        "owner": {
            "id": "322739400",
            "is_verified": false,
            "profile_pic_url": "https://instagram.fbga1-4.fna.fbcdn.net/v/t51.2885-19/s150x150/77037048_537726583619418_8866987380188381184_n.jpg?_nc_ht=instagram.fbga1-4.fna.fbcdn.net&_nc_ohc=pPKlGLtnrxoAX9UVHf6&oh=2058320d27735cd81cafae4a29805bcc&oe=5F95AB1F",
            "username": "nolamadriz"
        },
        "likes_count": 0,
        "answers": []
    }
]