[
    {
        "id": 18002434807124580,
        "created_at": 1547386901,
        "text": "Lo recomiendo.",
        "owner": {
            "id": "1417505943",
            "is_verified": false,
            "profile_pic_url": "https://instagram.fbga1-4.fna.fbcdn.net/v/t51.2885-19/s150x150/47690367_393572154786082_3799487542177300480_n.jpg?_nc_ht=instagram.fbga1-4.fna.fbcdn.net&_nc_ohc=3hQbPoWzYYsAX_FAFtT&oh=150dc0e96e157b94b5dbc3f407df1b6b&oe=5F954CB4",
            "username": "kelly.j.nunez.35"
        },
        "likes_count": 0,
        "answers": [
            {
                "id": 18003458245123425,
                "created_at": 1547591758,
                "text": "@kelly.j.nunez.35 \u2764\ufe0f\ud83d\ude0a",
                "owner": {
                    "id": "208034677",
                    "is_verified": true,
                    "profile_pic_url": "https://instagram.fbga1-4.fna.fbcdn.net/v/t51.2885-19/s150x150/116713279_329296981536344_3404171181868667674_n.jpg?_nc_ht=instagram.fbga1-4.fna.fbcdn.net&_nc_ohc=e_8u8kf3ZDMAX9GL6vk&oh=cb797d66d56f5631c9bff6ad98af462e&oe=5F97C031",
                    "username": "epk"
                },
                "likes_count": 0
            }
        ]
    }
]