[
    {
        "id": 18123010954113048,
        "created_at": 1593631560,
        "text": "Que cuesta y ac\u00e1 en Medell\u00edn donde se encuentra",
        "owner": {
            "id": "20068888024",
            "is_verified": false,
            "profile_pic_url": "https://instagram.fbga1-4.fna.fbcdn.net/v/t51.2885-19/s150x150/85205399_186829919289524_9169665515222728704_n.jpg?_nc_ht=instagram.fbga1-4.fna.fbcdn.net&_nc_ohc=83v4icdOqigAX972Ka_&oh=396247229d4853ccfe3cc499aa496438&oe=5F978FE9",
            "username": "andrea.gallego.1990"
        },
        "likes_count": 0,
        "answers": []
    },
    {
        "id": 17902775239287610,
        "created_at": 1547866761,
        "text": "Donde se encuentran?",
        "owner": {
            "id": "7412805195",
            "is_verified": false,
            "profile_pic_url": "https://instagram.fbga1-4.fna.fbcdn.net/v/t51.2885-19/s150x150/95965392_2614589878795497_6656247445262958592_n.jpg?_nc_ht=instagram.fbga1-4.fna.fbcdn.net&_nc_ohc=9dTJPbFV6SgAX_P3_Dn&oh=3e2aae849fcdafc459bacbd32f36955d&oe=5F984417",
            "username": "yulmaylug13"
        },
        "likes_count": 0,
        "answers": []
    },
    {
        "id": 17850491464324599,
        "created_at": 1546712807,
        "text": "Cuanto cuesta",
        "owner": {
            "id": "8359816307",
            "is_verified": false,
            "profile_pic_url": "https://instagram.fbga1-4.fna.fbcdn.net/v/t51.2885-19/s150x150/38080764_1099487803560616_741922284322684928_n.jpg?_nc_ht=instagram.fbga1-4.fna.fbcdn.net&_nc_ohc=oRzHCBimPgIAX_tD_iy&oh=13954c44b860600cc8359200b43a6724&oe=5F9896B8",
            "username": "albanuritela"
        },
        "likes_count": 0,
        "answers": [
            {
                "id": 17921071948269008,
                "created_at": 1546987322,
                "text": "@albanuritela descubre nuestros precios en epk.com!",
                "owner": {
                    "id": "208034677",
                    "is_verified": true,
                    "profile_pic_url": "https://instagram.fbga1-4.fna.fbcdn.net/v/t51.2885-19/s150x150/116713279_329296981536344_3404171181868667674_n.jpg?_nc_ht=instagram.fbga1-4.fna.fbcdn.net&_nc_ohc=e_8u8kf3ZDMAX9GL6vk&oh=cb797d66d56f5631c9bff6ad98af462e&oe=5F97C031",
                    "username": "epk"
                },
                "likes_count": 0
            }
        ]
    },
    {
        "id": 17954876860220248,
        "created_at": 1546697541,
        "text": "no tienen tienda virtual?? \ud83e\udd14",
        "owner": {
            "id": "288508892",
            "is_verified": false,
            "profile_pic_url": "https://instagram.fbga1-4.fna.fbcdn.net/v/t51.2885-19/s150x150/117126796_944291976048012_3210338950185349673_n.jpg?_nc_ht=instagram.fbga1-4.fna.fbcdn.net&_nc_ohc=50AtCkvoRHYAX-2i3cv&oh=17de90017a7a6b39332e0a1c969dd876&oe=5F9B1714",
            "username": "apenarette"
        },
        "likes_count": 0,
        "answers": [
            {
                "id": 17945446486243360,
                "created_at": 1546987309,
                "text": "@apenarette si! Ingresa a epk.com. Te esperamos!",
                "owner": {
                    "id": "208034677",
                    "is_verified": true,
                    "profile_pic_url": "https://instagram.fbga1-4.fna.fbcdn.net/v/t51.2885-19/s150x150/116713279_329296981536344_3404171181868667674_n.jpg?_nc_ht=instagram.fbga1-4.fna.fbcdn.net&_nc_ohc=e_8u8kf3ZDMAX9GL6vk&oh=cb797d66d56f5631c9bff6ad98af462e&oe=5F97C031",
                    "username": "epk"
                },
                "likes_count": 0
            }
        ]
    }
]