[
    {
        "id": 17890194325400892,
        "created_at": 1568398831,
        "text": "Me interesa esa mudq",
        "owner": {
            "id": "1501447218",
            "is_verified": false,
            "profile_pic_url": "https://instagram.fbga1-4.fna.fbcdn.net/v/t51.2885-19/s150x150/16908342_398324657194382_3584764577813889024_a.jpg?_nc_ht=instagram.fbga1-4.fna.fbcdn.net&_nc_ohc=UW9_khDNCOQAX-9yDyR&oh=b87ab8df7199e033d72fe2a8e9c24278&oe=5F965D97",
            "username": "12_felizcorazon"
        },
        "likes_count": 1,
        "answers": []
    },
    {
        "id": 17989959961260075,
        "created_at": 1564533908,
        "text": "_model le gusta",
        "owner": {
            "id": "14585912059",
            "is_verified": false,
            "profile_pic_url": "https://instagram.fbga1-4.fna.fbcdn.net/v/t51.2885-19/s150x150/109695470_645628909714814_2640778800750654563_n.jpg?_nc_ht=instagram.fbga1-4.fna.fbcdn.net&_nc_ohc=JtQijc30EiMAX-wrKjU&oh=ec85ce8828a5ffd14cac5f37a433890a&oe=5F97CB53",
            "username": "isabelamazorra_model"
        },
        "likes_count": 1,
        "answers": []
    },
    {
        "id": 18053574709154431,
        "created_at": 1564520185,
        "text": "Tr\u00e8s mignonne la petite",
        "owner": {
            "id": "566203863",
            "is_verified": false,
            "profile_pic_url": "https://instagram.fbga1-4.fna.fbcdn.net/v/t51.2885-19/s150x150/52347596_376397176290587_3321284594950471680_n.jpg?_nc_ht=instagram.fbga1-4.fna.fbcdn.net&_nc_ohc=KkWLILrcLkYAX83uAoA&oh=97fe22296fdae37b5795fca079cfe5a6&oe=5F951C2F",
            "username": "suzanneruffini"
        },
        "likes_count": 1,
        "answers": [
            {
                "id": 18044651686170407,
                "created_at": 1564580020,
                "text": "@suzanneruffini Merci de nous pr\u00e9f\u00e9rer! \u2764\ufe0f",
                "owner": {
                    "id": "208034677",
                    "is_verified": true,
                    "profile_pic_url": "https://instagram.fbga1-4.fna.fbcdn.net/v/t51.2885-19/s150x150/116713279_329296981536344_3404171181868667674_n.jpg?_nc_ht=instagram.fbga1-4.fna.fbcdn.net&_nc_ohc=e_8u8kf3ZDMAX9GL6vk&oh=cb797d66d56f5631c9bff6ad98af462e&oe=5F97C031",
                    "username": "epk"
                },
                "likes_count": 0
            }
        ]
    }
]