[
    {
        "id": 17923370440273717,
        "created_at": 1549651221,
        "text": "\u2764\ufe0f\u2764\ufe0f\u2764\ufe0f",
        "owner": {
            "id": "206411813",
            "is_verified": false,
            "profile_pic_url": "https://instagram.fbga1-4.fna.fbcdn.net/v/t51.2885-19/s150x150/26155966_653925291397729_1700762093793312768_n.jpg?_nc_ht=instagram.fbga1-4.fna.fbcdn.net&_nc_ohc=K7dftGb8UqsAX-K6x7Q&oh=39b6ecd84830712dd92a65c0083e4f01&oe=5F970B02",
            "username": "gloriacardenas08"
        },
        "likes_count": 0,
        "answers": [
            {
                "id": 17849514724533459,
                "created_at": 1565750562,
                "text": "@gloriacardenas08 explicame esa belleza!!!!\ud83d\ude0d\ud83d\ude0d\ud83d\ude0d",
                "owner": {
                    "id": "220590851",
                    "is_verified": false,
                    "profile_pic_url": "https://instagram.fbga1-4.fna.fbcdn.net/v/t51.2885-19/s150x150/103016505_260811288571794_4947758323427617498_n.jpg?_nc_ht=instagram.fbga1-4.fna.fbcdn.net&_nc_ohc=eOj3qz8gCMUAX8Fo83E&oh=be8f569ff7243b75feef973bfacd841f&oe=5F9594F2",
                    "username": "leoshimat"
                },
                "likes_count": 0
            }
        ]
    },
    {
        "id": 18033721678029399,
        "created_at": 1549216391,
        "text": "Q modelo!!!!!\ud83e\udd29",
        "owner": {
            "id": "286457107",
            "is_verified": false,
            "profile_pic_url": "https://instagram.fbga1-4.fna.fbcdn.net/v/t51.2885-19/s150x150/70011092_784206788683548_4282243622889324544_n.jpg?_nc_ht=instagram.fbga1-4.fna.fbcdn.net&_nc_ohc=rFZTRi-VJC8AX-A5ebP&oh=049f3f13073bf157025173fdae117439&oe=5F98179B",
            "username": "klaucarbonell"
        },
        "likes_count": 0,
        "answers": []
    },
    {
        "id": 17965308364213353,
        "created_at": 1549158209,
        "text": "Est\u00e1n en Venezuela?  Para hacer compras",
        "owner": {
            "id": "3254059171",
            "is_verified": false,
            "profile_pic_url": "https://instagram.fbga1-4.fna.fbcdn.net/v/t51.2885-19/s150x150/119075633_343118750204908_925529513407917862_n.jpg?_nc_ht=instagram.fbga1-4.fna.fbcdn.net&_nc_ohc=C7Z7MmdkkOcAX9M1HvA&oh=7be1cd09661e13e8bf1d54eb5a374333&oe=5F98218A",
            "username": "argelia1213"
        },
        "likes_count": 0,
        "answers": []
    }
]