[
    {
        "id": 18002017639193463,
        "created_at": 1549487112,
        "text": "\ud83d\ude0d\ud83d\ude0d\ud83d\ude0d Mi Ricky @ricardomejiaq",
        "owner": {
            "id": "189946635",
            "is_verified": false,
            "profile_pic_url": "https://instagram.fbga1-4.fna.fbcdn.net/v/t51.2885-19/s150x150/96288927_355981688704898_6113859244044320768_n.jpg?_nc_ht=instagram.fbga1-4.fna.fbcdn.net&_nc_ohc=HihY98Ayp1wAX_zpQkx&oh=9d84bd221fd9bc375a76ae520dd58631&oe=5F95C9F4",
            "username": "domemanzot"
        },
        "likes_count": 0,
        "answers": []
    },
    {
        "id": 17955188680236361,
        "created_at": 1549472547,
        "text": "Necesito esta tienda en Puerto Rico",
        "owner": {
            "id": "29209919",
            "is_verified": false,
            "profile_pic_url": "https://instagram.fbga1-4.fna.fbcdn.net/v/t51.2885-19/s150x150/12751566_1536900259973318_1054362760_a.jpg?_nc_ht=instagram.fbga1-4.fna.fbcdn.net&_nc_ohc=dp5zq8QTYOsAX8GdNGD&oh=732638670797cb95448ddb30050d69b9&oe=5F95AC08",
            "username": "jeany312"
        },
        "likes_count": 0,
        "answers": []
    }
]