[
    {
        "id": 18077370670129143,
        "created_at": 1567018948,
        "text": "Buenas tardes",
        "owner": {
            "id": "1462645601",
            "is_verified": false,
            "profile_pic_url": "https://instagram.fbga1-4.fna.fbcdn.net/v/t51.2885-19/s150x150/73275774_2432239590329614_237276121102548992_n.jpg?_nc_ht=instagram.fbga1-4.fna.fbcdn.net&_nc_ohc=yMttmGDMaUwAX-WQYZ3&oh=b9e9e04afb9cad5ddc0bd6a21baa0b55&oe=5F94EAD7",
            "username": "sirlet_severiche"
        },
        "likes_count": 0,
        "answers": [
            {
                "id": 18029804704204355,
                "created_at": 1567019000,
                "text": "@sirlet_severiche que precio tiene . Hay servicio contra entrega.",
                "owner": {
                    "id": "1462645601",
                    "is_verified": false,
                    "profile_pic_url": "https://instagram.fbga1-4.fna.fbcdn.net/v/t51.2885-19/s150x150/73275774_2432239590329614_237276121102548992_n.jpg?_nc_ht=instagram.fbga1-4.fna.fbcdn.net&_nc_ohc=yMttmGDMaUwAX-WQYZ3&oh=b9e9e04afb9cad5ddc0bd6a21baa0b55&oe=5F94EAD7",
                    "username": "sirlet_severiche"
                },
                "likes_count": 0
            },
            {
                "id": 17886853009399828,
                "created_at": 1567018978,
                "text": "@sirlet_severiche tienes shorts Rojo para ni\u00f1a talla 4 a\u00f1os",
                "owner": {
                    "id": "1462645601",
                    "is_verified": false,
                    "profile_pic_url": "https://instagram.fbga1-4.fna.fbcdn.net/v/t51.2885-19/s150x150/73275774_2432239590329614_237276121102548992_n.jpg?_nc_ht=instagram.fbga1-4.fna.fbcdn.net&_nc_ohc=yMttmGDMaUwAX-WQYZ3&oh=b9e9e04afb9cad5ddc0bd6a21baa0b55&oe=5F94EAD7",
                    "username": "sirlet_severiche"
                },
                "likes_count": 0
            }
        ]
    },
    {
        "id": 18059859541145371,
        "created_at": 1566830006,
        "text": "Los envios tienen algun costo es que hize ub pedido pero  me indicaba que pago contraentrega con envio gratis es verdad",
        "owner": {
            "id": "13288475628",
            "is_verified": false,
            "profile_pic_url": "https://instagram.fbga1-4.fna.fbcdn.net/v/t51.2885-19/s150x150/100946704_570230490291138_8951532694718644224_n.jpg?_nc_ht=instagram.fbga1-4.fna.fbcdn.net&_nc_ohc=dbRk3TNUVXMAX8FKe2d&oh=52cdcb7357c1a61ebc0071600a376341&oe=5F973022",
            "username": "karen_vapa"
        },
        "likes_count": 0,
        "answers": []
    },
    {
        "id": 18011239006230900,
        "created_at": 1565225565,
        "text": "Excelente",
        "owner": {
            "id": "4890605917",
            "is_verified": false,
            "profile_pic_url": "https://instagram.fbga1-4.fna.fbcdn.net/v/t51.2885-19/s150x150/118959824_374775710203024_2006071930543946629_n.jpg?_nc_ht=instagram.fbga1-4.fna.fbcdn.net&_nc_ohc=CSrU4zAvTOsAX9Hs0ZX&oh=c908dc05b5c7bc947a3fd9e0d9e9d9a7&oe=5F953DE8",
            "username": "linea_vintage"
        },
        "likes_count": 1,
        "answers": []
    },
    {
        "id": 18084980611068068,
        "created_at": 1565208990,
        "text": "Excelente",
        "owner": {
            "id": "5897928636",
            "is_verified": false,
            "profile_pic_url": "https://instagram.fbga1-4.fna.fbcdn.net/v/t51.2885-19/s150x150/95697499_833245567161886_726161661311844352_n.jpg?_nc_ht=instagram.fbga1-4.fna.fbcdn.net&_nc_ohc=VPAyL4FiwFEAX9l7q0Y&oh=eecf79efcefa6e41dd029bfcc0d0eb13&oe=5F9780A8",
            "username": "claudiaquintanam"
        },
        "likes_count": 1,
        "answers": []
    },
    {
        "id": 17968776883282109,
        "created_at": 1565192812,
        "text": "\ud83d\udc4f\ud83d\udc4f\ud83d\udc4f",
        "owner": {
            "id": "421585861",
            "is_verified": false,
            "profile_pic_url": "https://instagram.fbga1-4.fna.fbcdn.net/v/t51.2885-19/s150x150/72242598_979994649034809_804411979715313664_n.jpg?_nc_ht=instagram.fbga1-4.fna.fbcdn.net&_nc_ohc=0a6NfbmV_GwAX8XY-Ao&oh=68da872b0f4957e15b08b71d61881957&oe=5F94F484",
            "username": "angiebaldiris"
        },
        "likes_count": 1,
        "answers": []
    },
    {
        "id": 17886514672382981,
        "created_at": 1565186587,
        "text": "Cuantos dias demora la entrega consigne desde el sabado",
        "owner": {
            "id": "1279508159",
            "is_verified": false,
            "profile_pic_url": "https://instagram.fbga1-4.fna.fbcdn.net/v/t51.2885-19/s150x150/66009690_517400255674708_959225982865113088_n.jpg?_nc_ht=instagram.fbga1-4.fna.fbcdn.net&_nc_ohc=ibhxXWPS50EAX_W5PKp&oh=22e209bf005253d5af9f35d72e4d33ec&oe=5F95451C",
            "username": "yerly_vila"
        },
        "likes_count": 0,
        "answers": [
            {
                "id": 17953649089295665,
                "created_at": 1565275284,
                "text": "@yerly_vila Hola! Nuestro tiempo de despacho va de 3 a 5 d\u00edas h\u00e1biles! Para conocer el estado de tu pedido por favor comp\u00e1rtenos el n\u00famero a info@epk.com y con gusto te ayudaremos!",
                "owner": {
                    "id": "208034677",
                    "profile_pic_url": "https://instagram.fbga1-4.fna.fbcdn.net/v/t51.2885-19/s150x150/116713279_329296981536344_3404171181868667674_n.jpg?_nc_ht=instagram.fbga1-4.fna.fbcdn.net&_nc_ohc=e_8u8kf3ZDMAX9GL6vk&oh=cb797d66d56f5631c9bff6ad98af462e&oe=5F97C031",
                    "username": "epk"
                },
                "likes_count": 0
            }
        ]
    },
    {
        "id": 17894406973371299,
        "created_at": 1565177057,
        "text": "\ud83d\ude0d\ud83d\ude0d\ud83d\ude0d",
        "owner": {
            "id": "1699559026",
            "is_verified": false,
            "profile_pic_url": "https://instagram.fbga1-4.fna.fbcdn.net/v/t51.2885-19/s150x150/71252270_2716771211764405_2489631725030735872_n.jpg?_nc_ht=instagram.fbga1-4.fna.fbcdn.net&_nc_ohc=zyOCn7Ti3JAAX8XS8Mf&oh=00a780ad92494c2cba1a77a361f9d468&oe=5F954084",
            "username": "yenniferpintof"
        },
        "likes_count": 1,
        "answers": []
    },
    {
        "id": 18055642990182483,
        "created_at": 1565148961,
        "text": "Que precio",
        "owner": {
            "id": "9728056603",
            "is_verified": false,
            "profile_pic_url": "https://instagram.fsaw2-1.fna.fbcdn.net/v/t51.2885-19/44884218_345707102882519_2446069589734326272_n.jpg?_nc_ht=instagram.fsaw2-1.fna.fbcdn.net&_nc_ohc=RLYRR3IenIMAX8T7ROL&oh=b96c2d0227587bdc413a6add6e670da4&oe=5F96310F&ig_cache_key=YW5vbnltb3VzX3Byb2ZpbGVfcGlj.2",
            "username": "vanessaortiz1594"
        },
        "likes_count": 0,
        "answers": [
            {
                "id": 17848104262550476,
                "created_at": 1565275536,
                "text": "@vanessaortiz1594 \u00a1Hola! \u00a1Te invitamos a visitarnos en www.epk.com y descubrir todas las prendas que tenemos para ti! \u2764\ufe0f",
                "owner": {
                    "id": "208034677",
                    "is_verified": true,
                    "profile_pic_url": "https://instagram.fbga1-4.fna.fbcdn.net/v/t51.2885-19/s150x150/116713279_329296981536344_3404171181868667674_n.jpg?_nc_ht=instagram.fbga1-4.fna.fbcdn.net&_nc_ohc=e_8u8kf3ZDMAX9GL6vk&oh=cb797d66d56f5631c9bff6ad98af462e&oe=5F97C031",
                    "username": "epk"
                },
                "likes_count": 0
            }
        ]
    },
    {
        "id": 18023590432206295,
        "created_at": 1565141794,
        "text": "Pero para venezuela no funciona",
        "owner": {
            "id": "1999730576",
            "is_verified": false,
            "profile_pic_url": "https://instagram.fbga1-4.fna.fbcdn.net/v/t51.2885-19/s150x150/79371406_788358631633788_7569774052680663040_n.jpg?_nc_ht=instagram.fbga1-4.fna.fbcdn.net&_nc_ohc=vm3sEigKHO8AX8b2ltc&oh=34d73ed12b7d4d389ee5d40e2ccec1c7&oe=5F9625E2",
            "username": "lissettmata_borregales"
        },
        "likes_count": 0,
        "answers": [
            {
                "id": 18061515598080633,
                "created_at": 1565275566,
                "text": "@lissettmata_borregales Solo realizamos env\u00edos en colombia. Tu tienda m\u00e1s cercana se encuentra en c\u00facuta. Te esperamos!",
                "owner": {
                    "id": "208034677",
                    "is_verified": true,
                    "profile_pic_url": "https://instagram.fbga1-4.fna.fbcdn.net/v/t51.2885-19/s150x150/116713279_329296981536344_3404171181868667674_n.jpg?_nc_ht=instagram.fbga1-4.fna.fbcdn.net&_nc_ohc=e_8u8kf3ZDMAX9GL6vk&oh=cb797d66d56f5631c9bff6ad98af462e&oe=5F97C031",
                    "username": "epk"
                },
                "likes_count": 1
            }
        ]
    },
    {
        "id": 18088778302011853,
        "created_at": 1565133770,
        "text": "Precio del short y la blusa talla 6",
        "owner": {
            "id": "11129079693",
            "is_verified": false,
            "profile_pic_url": "https://instagram.fbga1-4.fna.fbcdn.net/v/t51.2885-19/s150x150/98337283_683633128878394_4844112906704388096_n.jpg?_nc_ht=instagram.fbga1-4.fna.fbcdn.net&_nc_ohc=dhLHlC_-uZkAX-wku9E&oh=a2a9e74f087b332646cf7a5760090e07&oe=5F97276A",
            "username": "solmairacedres"
        },
        "likes_count": 0,
        "answers": [
            {
                "id": 18020942365217440,
                "created_at": 1565275572,
                "text": "@solmairacedres \u00a1Hola! \u00a1Te invitamos a visitarnos en www.epk.com y descubrir todas las prendas que tenemos para ti! \u2764\ufe0f",
                "owner": {
                    "id": "208034677",
                    "is_verified": true,
                    "profile_pic_url": "https://instagram.fbga1-4.fna.fbcdn.net/v/t51.2885-19/s150x150/116713279_329296981536344_3404171181868667674_n.jpg?_nc_ht=instagram.fbga1-4.fna.fbcdn.net&_nc_ohc=e_8u8kf3ZDMAX9GL6vk&oh=cb797d66d56f5631c9bff6ad98af462e&oe=5F97C031",
                    "username": "epk"
                },
                "likes_count": 0
            },
            {
                "id": 17902161556356309,
                "created_at": 1565318221,
                "text": "@epk direcci\u00f3n por favor",
                "owner": {
                    "id": "11129079693",
                    "is_verified": false,
                    "profile_pic_url": "https://instagram.fbga1-4.fna.fbcdn.net/v/t51.2885-19/s150x150/98337283_683633128878394_4844112906704388096_n.jpg?_nc_ht=instagram.fbga1-4.fna.fbcdn.net&_nc_ohc=dhLHlC_-uZkAX-wku9E&oh=a2a9e74f087b332646cf7a5760090e07&oe=5F97276A",
                    "username": "solmairacedres"
                },
                "likes_count": 0
            }
        ]
    },
    {
        "id": 18011780509226209,
        "created_at": 1565132919,
        "text": "Hola, hice una compra y por equivocaci\u00f3n ped\u00ed mal la talla de un vestido, que puedo hacer??",
        "owner": {
            "id": "688098577",
            "is_verified": false,
            "profile_pic_url": "https://instagram.fbga1-4.fna.fbcdn.net/v/t51.2885-19/s150x150/37141391_273126579965419_5130406553253314560_n.jpg?_nc_ht=instagram.fbga1-4.fna.fbcdn.net&_nc_ohc=n3bp1KFrbo4AX9AX3yH&oh=12c29efe0b322881742de2d3315eef9f&oe=5F97B2FE",
            "username": "natik_nararu"
        },
        "likes_count": 0,
        "answers": [
            {
                "id": 18012036220224336,
                "created_at": 1565275611,
                "text": "@natik_nararu No te preocupes! Puedes realizar el cambio en los 30 d\u00edas pr\u00f3ximos a tu compra en cualquiera de nuestras tiendas. Te esperamos!",
                "owner": {
                    "id": "208034677",
                    "is_verified": true,
                    "profile_pic_url": "https://instagram.fbga1-4.fna.fbcdn.net/v/t51.2885-19/s150x150/116713279_329296981536344_3404171181868667674_n.jpg?_nc_ht=instagram.fbga1-4.fna.fbcdn.net&_nc_ohc=e_8u8kf3ZDMAX9GL6vk&oh=cb797d66d56f5631c9bff6ad98af462e&oe=5F97C031",
                    "username": "epk"
                },
                "likes_count": 1
            },
            {
                "id": 17848258618552206,
                "created_at": 1565278886,
                "text": "@epk excelente mil gracias!!",
                "owner": {
                    "id": "688098577",
                    "is_verified": false,
                    "profile_pic_url": "https://instagram.fbga1-4.fna.fbcdn.net/v/t51.2885-19/s150x150/37141391_273126579965419_5130406553253314560_n.jpg?_nc_ht=instagram.fbga1-4.fna.fbcdn.net&_nc_ohc=n3bp1KFrbo4AX9AX3yH&oh=12c29efe0b322881742de2d3315eef9f&oe=5F97B2FE",
                    "username": "natik_nararu"
                },
                "likes_count": 0
            }
        ]
    },
    {
        "id": 17869236376439892,
        "created_at": 1565125960,
        "text": "\ud83d\udc4f\ud83d\udc4f\ud83d\udc4f\ud83d\udc4f\ud83d\udc4f",
        "owner": {
            "id": "2346013624",
            "is_verified": false,
            "profile_pic_url": "https://instagram.fbga1-4.fna.fbcdn.net/v/t51.2885-19/s150x150/116909855_627436858167940_3912978938573032622_n.jpg?_nc_ht=instagram.fbga1-4.fna.fbcdn.net&_nc_ohc=ixISNfLrhOMAX999cEw&oh=6e4173c4353fede7e2a9e3797a80b343&oe=5F96322E",
            "username": "patticomorales"
        },
        "likes_count": 1,
        "answers": []
    },
    {
        "id": 17859021790469550,
        "created_at": 1565124438,
        "text": "Realizan env\u00edos a Per\u00fa?",
        "owner": {
            "id": "4968524397",
            "is_verified": false,
            "profile_pic_url": "https://instagram.fbga1-4.fna.fbcdn.net/v/t51.2885-19/s150x150/79643953_804138453380624_1039871033298911232_n.jpg?_nc_ht=instagram.fbga1-4.fna.fbcdn.net&_nc_ohc=XJcdRwznZ2IAX-R1AlM&oh=9ac41dc04edd82c035d4bf1643b70a30&oe=5F960E51",
            "username": "cinber2010"
        },
        "likes_count": 0,
        "answers": [
            {
                "id": 18056195995180270,
                "created_at": 1565125575,
                "text": "@cinber2010 Hola! Solo realizamos env\u00edos en Colombia. Tu tienda m\u00e1s cercana se encuentra en ipiales. Te esperamos!",
                "owner": {
                    "id": "208034677",
                    "is_verified": true,
                    "profile_pic_url": "https://instagram.fbga1-4.fna.fbcdn.net/v/t51.2885-19/s150x150/116713279_329296981536344_3404171181868667674_n.jpg?_nc_ht=instagram.fbga1-4.fna.fbcdn.net&_nc_ohc=e_8u8kf3ZDMAX9GL6vk&oh=cb797d66d56f5631c9bff6ad98af462e&oe=5F97C031",
                    "username": "epk"
                },
                "likes_count": 0
            }
        ]
    },
    {
        "id": 18060793936093651,
        "created_at": 1565123608,
        "text": "Q precio tiene la blusa",
        "owner": {
            "id": "8442910719",
            "is_verified": false,
            "profile_pic_url": "https://instagram.fbga1-4.fna.fbcdn.net/v/t51.2885-19/s150x150/80790030_607413936712861_7694997535047286784_n.jpg?_nc_ht=instagram.fbga1-4.fna.fbcdn.net&_nc_ohc=mYNXKO4hTloAX9wMqux&oh=90ddad802f117c715e0d75ad9ee52ae4&oe=5F9732DA",
            "username": "melissarussi11"
        },
        "likes_count": 4,
        "answers": [
            {
                "id": 17848084123533091,
                "created_at": 1565125600,
                "text": "@melissarussi11 \u00a1Hola! \u00a1Te invitamos a visitarnos en www.epk.com y descubrir todas las prendas que tenemos para ti! \u2764\ufe0f",
                "owner": {
                    "id": "208034677",
                    "is_verified": true,
                    "profile_pic_url": "https://instagram.fbga1-4.fna.fbcdn.net/v/t51.2885-19/s150x150/116713279_329296981536344_3404171181868667674_n.jpg?_nc_ht=instagram.fbga1-4.fna.fbcdn.net&_nc_ohc=e_8u8kf3ZDMAX9GL6vk&oh=cb797d66d56f5631c9bff6ad98af462e&oe=5F97C031",
                    "username": "epk"
                },
                "likes_count": 6
            }
        ]
    },
    {
        "id": 17860512382467664,
        "created_at": 1565120397,
        "text": "Aplica para ofertas de locura???",
        "owner": {
            "id": "1825900293",
            "is_verified": false,
            "profile_pic_url": "https://instagram.fbga1-4.fna.fbcdn.net/v/t51.2885-19/s150x150/106715615_216275349427158_3630190934557560796_n.jpg?_nc_ht=instagram.fbga1-4.fna.fbcdn.net&_nc_ohc=KR-9iGXXjBAAX81laKi&oh=422b6fc09074c73d83eeabcc5a220933&oe=5F94FF6D",
            "username": "chysthina_0120"
        },
        "likes_count": 0,
        "answers": [
            {
                "id": 17843500405567492,
                "created_at": 1565122434,
                "text": "@chysthina_0120 aplica con todas tus compras! Te esperamos!",
                "owner": {
                    "id": "208034677",
                    "is_verified": true,
                    "profile_pic_url": "https://instagram.fbga1-4.fna.fbcdn.net/v/t51.2885-19/s150x150/116713279_329296981536344_3404171181868667674_n.jpg?_nc_ht=instagram.fbga1-4.fna.fbcdn.net&_nc_ohc=e_8u8kf3ZDMAX9GL6vk&oh=cb797d66d56f5631c9bff6ad98af462e&oe=5F97C031",
                    "username": "epk"
                },
                "likes_count": 0
            }
        ]
    },
    {
        "id": 18010180465239122,
        "created_at": 1565119507,
        "text": "Medell\u00edn  y telefono",
        "owner": {
            "id": "6216321125",
            "is_verified": false,
            "profile_pic_url": "https://instagram.fbga1-4.fna.fbcdn.net/v/t51.2885-19/s150x150/119233535_323762798957827_2835857535087475173_n.jpg?_nc_ht=instagram.fbga1-4.fna.fbcdn.net&_nc_ohc=yuC-13joe14AX8t-hhT&oh=e2326006bbd97c2b6e5b312fcf7c2d8a&oe=5F95FE7E",
            "username": "marce_leid"
        },
        "likes_count": 0,
        "answers": [
            {
                "id": 17869070467435605,
                "created_at": 1565122459,
                "text": "@marce_leid Nuestra l\u00ednea de atenci\u00f3n al cliente es 018000180804 .",
                "owner": {
                    "id": "208034677",
                    "is_verified": true,
                    "profile_pic_url": "https://instagram.fbga1-4.fna.fbcdn.net/v/t51.2885-19/s150x150/116713279_329296981536344_3404171181868667674_n.jpg?_nc_ht=instagram.fbga1-4.fna.fbcdn.net&_nc_ohc=e_8u8kf3ZDMAX9GL6vk&oh=cb797d66d56f5631c9bff6ad98af462e&oe=5F97C031",
                    "username": "epk"
                },
                "likes_count": 1
            }
        ]
    },
    {
        "id": 17911567531333807,
        "created_at": 1565118524,
        "text": "\ud83d\ude18\ud83d\ude18\ud83d\ude18\ud83d\ude18",
        "owner": {
            "id": "1585973645",
            "is_verified": false,
            "profile_pic_url": "https://instagram.fbga1-4.fna.fbcdn.net/v/t51.2885-19/s150x150/61404039_342607189759425_1882768862038982656_n.jpg?_nc_ht=instagram.fbga1-4.fna.fbcdn.net&_nc_ohc=BNT-T3NK5WYAX9duTto&oh=6dff9bbf73816c3188f2d9b9c95274ff&oe=5F950C46",
            "username": "yesicapedraza"
        },
        "likes_count": 2,
        "answers": []
    },
    {
        "id": 17881732642395963,
        "created_at": 1565118429,
        "text": "Genial",
        "owner": {
            "id": "1131807787",
            "is_verified": false,
            "profile_pic_url": "https://instagram.fbga1-4.fna.fbcdn.net/v/t51.2885-19/s150x150/119431962_763607737813021_2611050549725037093_n.jpg?_nc_ht=instagram.fbga1-4.fna.fbcdn.net&_nc_ohc=AGmORdfY_BAAX9mQZs6&oh=34e3770a82bdc3e785c35341a5998b03&oe=5F979281",
            "username": "tatianamurillovargas"
        },
        "likes_count": 1,
        "answers": []
    },
    {
        "id": 17847981193534376,
        "created_at": 1565118192,
        "text": "Estupendooo @epk",
        "owner": {
            "id": "4219339735",
            "is_verified": false,
            "profile_pic_url": "https://instagram.fbga1-4.fna.fbcdn.net/v/t51.2885-19/s150x150/73385873_3301281936578651_7187229016502304768_n.jpg?_nc_ht=instagram.fbga1-4.fna.fbcdn.net&_nc_ohc=4vMiO-vscysAX9s8DSW&oh=c0b77fe2adbd29afe3b8fbb15812ccc9&oe=5F94DFF3",
            "username": "mayra.mendoza1979"
        },
        "likes_count": 1,
        "answers": []
    },
    {
        "id": 17842743634580983,
        "created_at": 1565117826,
        "text": "\ud83d\ude01",
        "owner": {
            "id": "10620946785",
            "is_verified": false,
            "profile_pic_url": "https://instagram.fsaw2-1.fna.fbcdn.net/v/t51.2885-19/44884218_345707102882519_2446069589734326272_n.jpg?_nc_ht=instagram.fsaw2-1.fna.fbcdn.net&_nc_ohc=RLYRR3IenIMAX8T7ROL&oh=b96c2d0227587bdc413a6add6e670da4&oe=5F96310F&ig_cache_key=YW5vbnltb3VzX3Byb2ZpbGVfcGlj.2",
            "username": "deicy643"
        },
        "likes_count": 1,
        "answers": []
    },
    {
        "id": 17991748690256867,
        "created_at": 1565117230,
        "text": "Y realizan env\u00edos a Colombia",
        "owner": {
            "id": "12974017364",
            "is_verified": false,
            "profile_pic_url": "https://instagram.fbga1-4.fna.fbcdn.net/v/t51.2885-19/s150x150/56419559_1152983328212580_8698939169755365376_n.jpg?_nc_ht=instagram.fbga1-4.fna.fbcdn.net&_nc_ohc=jpD0ACdORcMAX_Us5Q-&oh=a0f3ce8aad1e983810d250cdbaf29125&oe=5F9619C4",
            "username": "keila_isabelv"
        },
        "likes_count": 1,
        "answers": [
            {
                "id": 18090489547020611,
                "created_at": 1565118600,
                "text": "@keila_isabelv as\u00ed es! Que esperas para realizar tu pedido? te esperamos!",
                "owner": {
                    "id": "208034677",
                    "is_verified": true,
                    "profile_pic_url": "https://instagram.fbga1-4.fna.fbcdn.net/v/t51.2885-19/s150x150/116713279_329296981536344_3404171181868667674_n.jpg?_nc_ht=instagram.fbga1-4.fna.fbcdn.net&_nc_ohc=e_8u8kf3ZDMAX9GL6vk&oh=cb797d66d56f5631c9bff6ad98af462e&oe=5F97C031",
                    "username": "epk"
                },
                "likes_count": 0
            }
        ]
    },
    {
        "id": 17886498838376177,
        "created_at": 1565117068,
        "text": "Y realizan envios para venezuela?",
        "owner": {
            "id": "703051700",
            "is_verified": false,
            "profile_pic_url": "https://instagram.fbga1-4.fna.fbcdn.net/v/t51.2885-19/s150x150/41866158_524650488007738_7983081946735443968_n.jpg?_nc_ht=instagram.fbga1-4.fna.fbcdn.net&_nc_ohc=uTZDxKWc4ywAX82FrEy&oh=4a40cb013a929f50e3c42de299fa013b&oe=5F97B9D8",
            "username": "lismsry"
        },
        "likes_count": 1,
        "answers": [
            {
                "id": 18060550663137991,
                "created_at": 1565122357,
                "text": "@lismsry Hola! No realizamos env\u00edos fuera de Colombia. Tu tienda m\u00e1s cercana se encuentra en c\u00facuta, te esperamos!",
                "owner": {
                    "id": "208034677",
                    "is_verified": true,
                    "profile_pic_url": "https://instagram.fbga1-4.fna.fbcdn.net/v/t51.2885-19/s150x150/116713279_329296981536344_3404171181868667674_n.jpg?_nc_ht=instagram.fbga1-4.fna.fbcdn.net&_nc_ohc=e_8u8kf3ZDMAX9GL6vk&oh=cb797d66d56f5631c9bff6ad98af462e&oe=5F97C031",
                    "username": "epk"
                },
                "likes_count": 0
            }
        ]
    },
    {
        "id": 18086147083065730,
        "created_at": 1565117022,
        "text": "Super bueno por fin",
        "owner": {
            "id": "1495127685",
            "is_verified": false,
            "profile_pic_url": "https://instagram.fbga1-4.fna.fbcdn.net/v/t51.2885-19/s150x150/107058532_325294805170117_821567609040109728_n.jpg?_nc_ht=instagram.fbga1-4.fna.fbcdn.net&_nc_ohc=CohRa1Zeu-EAX9kcPSt&oh=15184942c39ba4dce65369b921ce0514&oe=5F974FDE",
            "username": "juliettals"
        },
        "likes_count": 1,
        "answers": []
    },
    {
        "id": 17910829522332648,
        "created_at": 1565117018,
        "text": "Por",
        "owner": {
            "id": "1495127685",
            "is_verified": false,
            "profile_pic_url": "https://instagram.fbga1-4.fna.fbcdn.net/v/t51.2885-19/s150x150/107058532_325294805170117_821567609040109728_n.jpg?_nc_ht=instagram.fbga1-4.fna.fbcdn.net&_nc_ohc=CohRa1Zeu-EAX9kcPSt&oh=15184942c39ba4dce65369b921ce0514&oe=5F974FDE",
            "username": "juliettals"
        },
        "likes_count": 1,
        "answers": []
    },
    {
        "id": 17846982091552337,
        "created_at": 1565116308,
        "text": "\ud83d\udc4f\ud83d\udc4f\ud83d\udc4f\ud83d\udc4f\ud83d\udc4f\ud83d\udc4f",
        "owner": {
            "id": "3918832227",
            "is_verified": false,
            "profile_pic_url": "https://instagram.fbga1-4.fna.fbcdn.net/v/t51.2885-19/s150x150/118790534_1839517862852781_4738464549799937133_n.jpg?_nc_ht=instagram.fbga1-4.fna.fbcdn.net&_nc_ohc=zfctlL2qLwkAX8B-Q5S&oh=e0890b2568649925c32370cbf0ab87ca&oe=5F96C50F",
            "username": "isabellapatinobermudez"
        },
        "likes_count": 1,
        "answers": []
    },
    {
        "id": 17850832735522647,
        "created_at": 1565116071,
        "text": "\ud83d\udc4f\ud83d\udc4f\ud83d\udc4f",
        "owner": {
            "id": "2947907601",
            "is_verified": false,
            "profile_pic_url": "https://instagram.fbga1-4.fna.fbcdn.net/v/t51.2885-19/s150x150/62463967_678369815968606_6768148819545686016_n.jpg?_nc_ht=instagram.fbga1-4.fna.fbcdn.net&_nc_ohc=UeY5Jr1r7M0AX-iIU_c&oh=d7af7c7425b865e2f5196a1141d8813c&oe=5F976BEC",
            "username": "dinaluciaa"
        },
        "likes_count": 2,
        "answers": []
    },
    {
        "id": 17860205827469613,
        "created_at": 1565115460,
        "text": "Eso es lo m\u00e1ximo entonces",
        "owner": {
            "id": "3652943702",
            "is_verified": false,
            "profile_pic_url": "https://instagram.fbga1-4.fna.fbcdn.net/v/t51.2885-19/s150x150/16464148_167105477120131_834734581969059840_a.jpg?_nc_ht=instagram.fbga1-4.fna.fbcdn.net&_nc_ohc=ypf2Nah-l6AAX-wrVn9&oh=5821a43671166d2acc0284510c42a70f&oe=5F971BFF",
            "username": "elifblandon"
        },
        "likes_count": 1,
        "answers": []
    },
    {
        "id": 18088370689057865,
        "created_at": 1565115200,
        "text": "Super \ud83e\udd17",
        "owner": {
            "id": "1765744679",
            "is_verified": false,
            "profile_pic_url": "https://instagram.fbga1-4.fna.fbcdn.net/v/t51.2885-19/s150x150/118915307_3044533708989929_2496391892562781169_n.jpg?_nc_ht=instagram.fbga1-4.fna.fbcdn.net&_nc_ohc=xmKauXukyq0AX_I5U0k&oh=9d9f8d97114aeab8009b44ea327d0f20&oe=5F9734D6",
            "username": "jenifermorales0621"
        },
        "likes_count": 1,
        "answers": []
    },
    {
        "id": 18091277572025335,
        "created_at": 1565115111,
        "text": "Qu\u00e9 bueno \ud83d\udc4d\ud83d\udc4d\ud83d\ude4f\ud83d\udc4f\ud83d\udc4f\ud83d\udc4f\ud83c\udf39",
        "owner": {
            "id": "5537949358",
            "is_verified": false,
            "profile_pic_url": "https://instagram.fbga1-4.fna.fbcdn.net/v/t51.2885-19/s150x150/119553518_1008405772916584_3379217177391878780_n.jpg?_nc_ht=instagram.fbga1-4.fna.fbcdn.net&_nc_ohc=wcKIc7LxsOgAX8U_nPE&oh=38e95a12b043c76812a60984a1a24a9f&oe=5F950D0A",
            "username": "bettycabrera42"
        },
        "likes_count": 1,
        "answers": []
    },
    {
        "id": 17842158361581683,
        "created_at": 1565114961,
        "text": "\ud83d\udc4f\ud83d\udc4f\ud83d\udc4f\ud83d\udc4f\ud83d\udc4f",
        "owner": {
            "id": "1061932438",
            "is_verified": false,
            "profile_pic_url": "https://instagram.fbga1-4.fna.fbcdn.net/v/t51.2885-19/s150x150/79600040_986939788348643_1106693689268240384_n.jpg?_nc_ht=instagram.fbga1-4.fna.fbcdn.net&_nc_ohc=09UyX9hTrncAX9D18Di&oh=f3cc909fbea6aaa4a290f1b89acda401&oe=5F96D791",
            "username": "leidysanshez"
        },
        "likes_count": 1,
        "answers": []
    },
    {
        "id": 17847060511554952,
        "created_at": 1565114425,
        "text": "Quiero muchas prendas para mi princesa... \ud83d\ude0d\ud83d\ude0d\ud83d\ude0d Me encanta @epk",
        "owner": {
            "id": "1113572949",
            "is_verified": false,
            "profile_pic_url": "https://instagram.fbga1-4.fna.fbcdn.net/v/t51.2885-19/s150x150/26182239_1764439960286550_6546860091432239104_n.jpg?_nc_ht=instagram.fbga1-4.fna.fbcdn.net&_nc_ohc=g64_Un4QWr8AX9mTAzB&oh=c72230e64e417ab63642818750d7b400&oe=5F987A82",
            "username": "alejandrakceres3"
        },
        "likes_count": 0,
        "answers": [
            {
                "id": 18089214289049953,
                "created_at": 1565122482,
                "text": "@alejandrakceres3 Gracias por preferirnos!",
                "owner": {
                    "id": "208034677",
                    "is_verified": true,
                    "profile_pic_url": "https://instagram.fbga1-4.fna.fbcdn.net/v/t51.2885-19/s150x150/116713279_329296981536344_3404171181868667674_n.jpg?_nc_ht=instagram.fbga1-4.fna.fbcdn.net&_nc_ohc=e_8u8kf3ZDMAX9GL6vk&oh=cb797d66d56f5631c9bff6ad98af462e&oe=5F97C031",
                    "username": "epk"
                },
                "likes_count": 1
            }
        ]
    },
    {
        "id": 17851327048520081,
        "created_at": 1565114396,
        "text": "\ud83d\udc4f\ud83d\udc4f\ud83d\udc4f\ud83d\udc4f\ud83d\udc4f\ud83d\udc4f",
        "owner": {
            "id": "1113572949",
            "is_verified": false,
            "profile_pic_url": "https://instagram.fbga1-4.fna.fbcdn.net/v/t51.2885-19/s150x150/26182239_1764439960286550_6546860091432239104_n.jpg?_nc_ht=instagram.fbga1-4.fna.fbcdn.net&_nc_ohc=g64_Un4QWr8AX9mTAzB&oh=c72230e64e417ab63642818750d7b400&oe=5F987A82",
            "username": "alejandrakceres3"
        },
        "likes_count": 1,
        "answers": []
    },
    {
        "id": 17864442775454548,
        "created_at": 1565114390,
        "text": "\ud83d\ude31\ud83d\ude31\ud83d\ude31\ud83d\ude31\ud83d\ude31",
        "owner": {
            "id": "1113572949",
            "is_verified": false,
            "profile_pic_url": "https://instagram.fbga1-4.fna.fbcdn.net/v/t51.2885-19/s150x150/26182239_1764439960286550_6546860091432239104_n.jpg?_nc_ht=instagram.fbga1-4.fna.fbcdn.net&_nc_ohc=g64_Un4QWr8AX9mTAzB&oh=c72230e64e417ab63642818750d7b400&oe=5F987A82",
            "username": "alejandrakceres3"
        },
        "likes_count": 1,
        "answers": []
    },
    {
        "id": 18025386223205949,
        "created_at": 1565114369,
        "text": "\ud83d\udc4f\ud83d\udc4f",
        "owner": {
            "id": "3161587436",
            "is_verified": false,
            "profile_pic_url": "https://instagram.fbga1-4.fna.fbcdn.net/v/t51.2885-19/s150x150/12965710_1089335781127290_1297621291_a.jpg?_nc_ht=instagram.fbga1-4.fna.fbcdn.net&_nc_ohc=_Yf7EZ1AYccAX_w7r3o&oh=88b0b1f816b2f8e603d7316dd68a8be1&oe=5F96E9A6",
            "username": "siomarachaparro"
        },
        "likes_count": 1,
        "answers": []
    },
    {
        "id": 18088782070000112,
        "created_at": 1565113985,
        "text": "Excelente",
        "owner": {
            "id": "223012692",
            "is_verified": false,
            "profile_pic_url": "https://instagram.fbga1-4.fna.fbcdn.net/v/t51.2885-19/s150x150/16585643_411995239150507_7001362438457131008_a.jpg?_nc_ht=instagram.fbga1-4.fna.fbcdn.net&_nc_ohc=CoyHKcahFpAAX_ZaDkz&oh=12de0e70cabc7cfa8586e8233c437df0&oe=5F9796A9",
            "username": "eder_heras_private"
        },
        "likes_count": 1,
        "answers": []
    },
    {
        "id": 17993251051251365,
        "created_at": 1565112635,
        "text": "\ud83d\udc4f\ud83d\udc4f\ud83d\udc4f",
        "owner": {
            "id": "530719275",
            "is_verified": false,
            "profile_pic_url": "https://instagram.fbga1-4.fna.fbcdn.net/v/t51.2885-19/s150x150/116132782_311520699994743_8464375588198078092_n.jpg?_nc_ht=instagram.fbga1-4.fna.fbcdn.net&_nc_ohc=E9I_ZoPl4BUAX8fvrA8&oh=cc88bc2705605a0c7207266c1eefd9d4&oe=5F96DD18",
            "username": "marcequiroz21"
        },
        "likes_count": 1,
        "answers": []
    },
    {
        "id": 17874993757420621,
        "created_at": 1565112502,
        "text": "\ud83d\ude0d\ud83d\ude0d\ud83d\ude0d\ud83d\ude0dsuper",
        "owner": {
            "id": "5637433891",
            "is_verified": false,
            "profile_pic_url": "https://instagram.fbga1-4.fna.fbcdn.net/v/t51.2885-19/s150x150/117648960_323271185420801_5168389485243156073_n.jpg?_nc_ht=instagram.fbga1-4.fna.fbcdn.net&_nc_ohc=baIsqc1SqzwAX9ihiuO&oh=5cc60498247767f0887be9f2bcd12d94&oe=5F973A54",
            "username": "andreitav20"
        },
        "likes_count": 1,
        "answers": []
    },
    {
        "id": 17860266022470420,
        "created_at": 1565111603,
        "text": "Excelente era lo que les faltaba y lo necesitaba \u2665\ufe0f",
        "owner": {
            "id": "1099897959",
            "is_verified": false,
            "profile_pic_url": "https://instagram.fbga1-4.fna.fbcdn.net/v/t51.2885-19/s150x150/82936736_477369179626495_7844713944592678912_n.jpg?_nc_ht=instagram.fbga1-4.fna.fbcdn.net&_nc_ohc=GUnUxG1a8z4AX92oVf9&oh=ab00e613a5a0d12c6bd24e023152db6a&oe=5F96DDA0",
            "username": "dayis_1989"
        },
        "likes_count": 1,
        "answers": [
            {
                "id": 18070204804114022,
                "created_at": 1565122502,
                "text": "@dayis_1989 Gracias por preferirnos! Te esperamos!",
                "owner": {
                    "id": "208034677",
                    "is_verified": true,
                    "profile_pic_url": "https://instagram.fbga1-4.fna.fbcdn.net/v/t51.2885-19/s150x150/116713279_329296981536344_3404171181868667674_n.jpg?_nc_ht=instagram.fbga1-4.fna.fbcdn.net&_nc_ohc=e_8u8kf3ZDMAX9GL6vk&oh=cb797d66d56f5631c9bff6ad98af462e&oe=5F97C031",
                    "username": "epk"
                },
                "likes_count": 1
            }
        ]
    }
]