[
    {
        "id": 17974371754248601,
        "created_at": 1558922373,
        "text": "\ud83d\ude0d\ud83d\ude0d\ud83d\ude0d\ud83d\ude18\ud83d\ude4f",
        "owner": {
            "id": "9649015841",
            "is_verified": false,
            "profile_pic_url": "https://instagram.fbga1-4.fna.fbcdn.net/v/t51.2885-19/s150x150/72162990_598213517650685_5741897153312194560_n.jpg?_nc_ht=instagram.fbga1-4.fna.fbcdn.net&_nc_ohc=05DJ4-dset4AX-CSNpB&oh=164c63fd37b17ed8203f236aabb2e8d9&oe=5F96FCF9",
            "username": "fresa_lila"
        },
        "likes_count": 2,
        "answers": []
    },
    {
        "id": 18040060972192962,
        "created_at": 1558898693,
        "text": "\ud83e\udd70\ud83e\udd70\ud83e\udd70\ud83e\udd70\ud83e\udd70\ud83e\udd70",
        "owner": {
            "id": "1511442619",
            "is_verified": false,
            "profile_pic_url": "https://instagram.fbga1-4.fna.fbcdn.net/v/t51.2885-19/11376361_1034668139879137_466150719_a.jpg?_nc_ht=instagram.fbga1-4.fna.fbcdn.net&_nc_ohc=3qaadnYTeaYAX9Fd-Yo&oh=a1fce317765f40f9afd88434ed9c6f64&oe=5F964646",
            "username": "aruizh10"
        },
        "likes_count": 1,
        "answers": []
    },
    {
        "id": 17884736260351574,
        "created_at": 1558896917,
        "text": "\ud83d\ude0d\ud83d\ude0d\ud83d\ude0d\ud83d\ude0d\ud83d\ude0d",
        "owner": {
            "id": "471545476",
            "is_verified": false,
            "profile_pic_url": "https://instagram.fbga1-4.fna.fbcdn.net/v/t51.2885-19/s150x150/69265308_675046379659082_3079783033482510336_n.jpg?_nc_ht=instagram.fbga1-4.fna.fbcdn.net&_nc_ohc=1bi9Er_v6wYAX8p1pJb&oh=52cc5c4f5c8aefaecc6949e0da422a17&oe=5F96CB28",
            "username": "ale_carmo2"
        },
        "likes_count": 2,
        "answers": []
    },
    {
        "id": 17845193563457207,
        "created_at": 1558858119,
        "text": "\ud83d\ude0d\ud83d\ude0d\ud83d\ude0d\ud83d\ude0d\ud83d\ude0d",
        "owner": {
            "id": "1193919998",
            "is_verified": false,
            "profile_pic_url": "https://instagram.fbga1-4.fna.fbcdn.net/v/t51.2885-19/s150x150/103929851_3005486362892379_8483467597083996741_n.jpg?_nc_ht=instagram.fbga1-4.fna.fbcdn.net&_nc_ohc=2_-xcJzVMP4AX-CilyF&oh=037cc2ada2d37a6eeddc1f2766fdcc19&oe=5F9796CE",
            "username": "_____kchrine____"
        },
        "likes_count": 2,
        "answers": []
    },
    {
        "id": 17845195522457780,
        "created_at": 1558836237,
        "text": "Cuando nuestra princesa sea modelo EPK @londono9564 \u2764\ufe0f",
        "owner": {
            "id": "1486345186",
            "is_verified": false,
            "profile_pic_url": "https://instagram.fbga1-4.fna.fbcdn.net/v/t51.2885-19/s150x150/59915706_312168923015162_3269567811407577088_n.jpg?_nc_ht=instagram.fbga1-4.fna.fbcdn.net&_nc_ohc=T2R9oHKWGCUAX-Yj3Ku&oh=0339693341e22bce2b87ba2f643bbad0&oe=5F96C599",
            "username": "daniela_cema"
        },
        "likes_count": 1,
        "answers": []
    },
    {
        "id": 17992346995227439,
        "created_at": 1558828797,
        "text": "Y donde esta xq? De puerto Ordaz Venezuela lo quitaron",
        "owner": {
            "id": "1723993472",
            "is_verified": false,
            "profile_pic_url": "https://instagram.fbga1-4.fna.fbcdn.net/v/t51.2885-19/10362309_1433933193566032_914375979_a.jpg?_nc_ht=instagram.fbga1-4.fna.fbcdn.net&_nc_ohc=ASpvWDiHpEwAX8qyKkg&oh=f38ee7ac3c430879ed38171f237dcf5b&oe=5F97CD03",
            "username": "anapulidow"
        },
        "likes_count": 0,
        "answers": [
            {
                "id": 18071346223024287,
                "created_at": 1559051840,
                "text": "@anapulidow Hola! somos EPK Colombia! Saludos! \u2764\ufe0f",
                "owner": {
                    "id": "208034677",
                    "is_verified": true,
                    "profile_pic_url": "https://instagram.fbga1-4.fna.fbcdn.net/v/t51.2885-19/s150x150/116713279_329296981536344_3404171181868667674_n.jpg?_nc_ht=instagram.fbga1-4.fna.fbcdn.net&_nc_ohc=e_8u8kf3ZDMAX9GL6vk&oh=cb797d66d56f5631c9bff6ad98af462e&oe=5F97C031",
                    "username": "epk"
                },
                "likes_count": 1
            }
        ]
    },
    {
        "id": 17847878914449474,
        "created_at": 1558824285,
        "text": "\ud83d\ude0d",
        "owner": {
            "id": "4794502660",
            "is_verified": false,
            "profile_pic_url": "https://instagram.fbga1-4.fna.fbcdn.net/v/t51.2885-19/s150x150/77388853_736738800168653_1023889679033827328_n.jpg?_nc_ht=instagram.fbga1-4.fna.fbcdn.net&_nc_ohc=uJ396goojdcAX865GGa&oh=2cd3e793f106d864e565eb1e69547013&oe=5F97CC5D",
            "username": "mirandajah2016"
        },
        "likes_count": 2,
        "answers": []
    }
]