[
    {
        "id": 18017826094035878,
        "created_at": 1546413686,
        "text": "Bellos \ud83d\ude0d",
        "owner": {
            "id": "1610016324",
            "is_verified": false,
            "profile_pic_url": "https://instagram.fbga1-4.fna.fbcdn.net/v/t51.2885-19/s150x150/41100765_769199713412214_5407018879660589056_n.jpg?_nc_ht=instagram.fbga1-4.fna.fbcdn.net&_nc_ohc=Vo1meHRTpxsAX8dvpOo&oh=5d0e5404c34dfd553f9abaf10f2ac4af&oe=5F98690B",
            "username": "ericka152411"
        },
        "likes_count": 0,
        "answers": [
            {
                "id": 17984087905163172,
                "created_at": 1546444244,
                "text": "@ericka152429 \ud83d\udc9c\ud83d\udc9c",
                "owner": {
                    "id": "208034677",
                    "profile_pic_url": "https://instagram.fbga1-4.fna.fbcdn.net/v/t51.2885-19/s150x150/116713279_329296981536344_3404171181868667674_n.jpg?_nc_ht=instagram.fbga1-4.fna.fbcdn.net&_nc_ohc=e_8u8kf3ZDMAX9GL6vk&oh=cb797d66d56f5631c9bff6ad98af462e&oe=5F97C031",
                    "username": "epk"
                },
                "likes_count": 0
            }
        ]
    },
    {
        "id": 17918354650267031,
        "created_at": 1546395265,
        "text": "\ud83d\udc93 hermosos",
        "owner": {
            "id": "334585637",
            "is_verified": false,
            "profile_pic_url": "https://instagram.fbga1-4.fna.fbcdn.net/v/t51.2885-19/11313755_1619448234980254_2026265549_a.jpg?_nc_ht=instagram.fbga1-4.fna.fbcdn.net&_nc_ohc=vbmep7yi8NEAX_Z1y8f&oh=4176c5210f90979612457d10f1dd0313&oe=5F9A38DD",
            "username": "flatara"
        },
        "likes_count": 0,
        "answers": [
            {
                "id": 17954055556214519,
                "created_at": 1546444254,
                "text": "@flatara \ud83d\ude0a\u2764\ufe0f",
                "owner": {
                    "id": "208034677",
                    "is_verified": true,
                    "profile_pic_url": "https://instagram.fbga1-4.fna.fbcdn.net/v/t51.2885-19/s150x150/116713279_329296981536344_3404171181868667674_n.jpg?_nc_ht=instagram.fbga1-4.fna.fbcdn.net&_nc_ohc=e_8u8kf3ZDMAX9GL6vk&oh=cb797d66d56f5631c9bff6ad98af462e&oe=5F97C031",
                    "username": "epk"
                },
                "likes_count": 0
            }
        ]
    },
    {
        "id": 17886543238291927,
        "created_at": 1546388091,
        "text": "\ud83d\ude18\ud83d\ude18\ud83d\ude18\ud83d\ude18",
        "owner": {
            "id": "1516892775",
            "is_verified": false,
            "profile_pic_url": "https://instagram.fbga1-4.fna.fbcdn.net/v/t51.2885-19/s150x150/108313689_281208002980821_7407990258569661109_n.jpg?_nc_ht=instagram.fbga1-4.fna.fbcdn.net&_nc_ohc=w1B52fQ7w5sAX92xHpc&oh=ff5fc3b5c68e98b86502acfed40ba08a&oe=5F9A87F9",
            "username": "cindy.c.carcamo"
        },
        "likes_count": 0,
        "answers": [
            {
                "id": 17919253981270079,
                "created_at": 1546444260,
                "text": "@cindy.c.carcamo \ud83d\ude0a\ud83d\udc9c",
                "owner": {
                    "id": "208034677",
                    "is_verified": true,
                    "profile_pic_url": "https://instagram.fbga1-4.fna.fbcdn.net/v/t51.2885-19/s150x150/116713279_329296981536344_3404171181868667674_n.jpg?_nc_ht=instagram.fbga1-4.fna.fbcdn.net&_nc_ohc=e_8u8kf3ZDMAX9GL6vk&oh=cb797d66d56f5631c9bff6ad98af462e&oe=5F97C031",
                    "username": "epk"
                },
                "likes_count": 0
            }
        ]
    },
    {
        "id": 18018229012018684,
        "created_at": 1546386842,
        "text": "\ud83d\udc9b\ud83d\udc99\u2764\ufe0f",
        "owner": {
            "id": "1499808955",
            "is_verified": false,
            "profile_pic_url": "https://instagram.fbga1-4.fna.fbcdn.net/v/t51.2885-19/s150x150/13423518_588123924681684_1618702480_a.jpg?_nc_ht=instagram.fbga1-4.fna.fbcdn.net&_nc_ohc=vMWdHMjOHuAAX9nIBZk&oh=11eacdabe6fb202ab1362456b1c1d550&oe=5F975244",
            "username": "jungladecarton"
        },
        "likes_count": 3,
        "answers": [
            {
                "id": 18001655677115796,
                "created_at": 1546444265,
                "text": "@jungladecarton \ud83d\ude0a\ud83d\ude0a\u2764\ufe0f",
                "owner": {
                    "id": "208034677",
                    "is_verified": true,
                    "profile_pic_url": "https://instagram.fbga1-4.fna.fbcdn.net/v/t51.2885-19/s150x150/116713279_329296981536344_3404171181868667674_n.jpg?_nc_ht=instagram.fbga1-4.fna.fbcdn.net&_nc_ohc=e_8u8kf3ZDMAX9GL6vk&oh=cb797d66d56f5631c9bff6ad98af462e&oe=5F97C031",
                    "username": "epk"
                },
                "likes_count": 0
            }
        ]
    }
]