[
    {
        "id": 17985286915216377,
        "created_at": 1554396881,
        "text": "\ud83d\ude4c\ud83d\ude4c",
        "owner": {
            "id": "240906853",
            "is_verified": false,
            "profile_pic_url": "https://instagram.fbga1-4.fna.fbcdn.net/v/t51.2885-19/s150x150/53123467_406436100119215_5175104904968011776_n.jpg?_nc_ht=instagram.fbga1-4.fna.fbcdn.net&_nc_ohc=yqyizZQA0rAAX-xbPtz&oh=b1a0ac0da6bc5ac814101c9e64e3fdbf&oe=5F987680",
            "username": "diegoplatap"
        },
        "likes_count": 1,
        "answers": []
    },
    {
        "id": 17988761512207918,
        "created_at": 1554346089,
        "text": "\ud83d\udcee Una buena noticia!!! Tambi\u00e9n disponible en #Diverplaza \ud83d\udc9a",
        "owner": {
            "id": "1170652694",
            "is_verified": false,
            "profile_pic_url": "https://instagram.fbga1-4.fna.fbcdn.net/v/t51.2885-19/s150x150/119641226_351128869578733_5472829493490956078_n.jpg?_nc_ht=instagram.fbga1-4.fna.fbcdn.net&_nc_ohc=VUiABo2jOiwAX9SH8cR&oh=40f07869f6719e5b8edcec6324116963&oe=5F95A76F",
            "username": "diverplazacc"
        },
        "likes_count": 2,
        "answers": []
    },
    {
        "id": 17970406561245640,
        "created_at": 1554342394,
        "text": "\ud83d\ude0d\ud83d\ude0d",
        "owner": {
            "id": "8136789",
            "is_verified": false,
            "profile_pic_url": "https://instagram.fbga1-4.fna.fbcdn.net/v/t51.2885-19/s150x150/70849536_2333884273594519_5190751152999759872_n.jpg?_nc_ht=instagram.fbga1-4.fna.fbcdn.net&_nc_ohc=1Sze2bCXerMAX8OjorT&oh=4f6faf37a59c26dbe1ac52ffadf1eceb&oe=5F94CB23",
            "username": "claudiamargarita"
        },
        "likes_count": 1,
        "answers": []
    },
    {
        "id": 17876051890332984,
        "created_at": 1554341768,
        "text": "\ud83d\ude0d",
        "owner": {
            "id": "375760050",
            "is_verified": false,
            "profile_pic_url": "https://instagram.fbga1-4.fna.fbcdn.net/v/t51.2885-19/10597461_553919671386925_1025138751_a.jpg?_nc_ht=instagram.fbga1-4.fna.fbcdn.net&_nc_ohc=a6loL_lV2bEAX9Kgvj6&oh=a23b696efeb5be8954ee4cf57b40037e&oe=5F987CD6",
            "username": "mariatsamper"
        },
        "likes_count": 1,
        "answers": []
    },
    {
        "id": 17974743103231965,
        "created_at": 1554335966,
        "text": "\ud83d\ude0d\ud83d\ude0d\ud83d\ude0d",
        "owner": {
            "id": "1765661657",
            "is_verified": false,
            "profile_pic_url": "https://instagram.fbga1-4.fna.fbcdn.net/v/t51.2885-19/10413844_535993166543949_283078997_a.jpg?_nc_ht=instagram.fbga1-4.fna.fbcdn.net&_nc_ohc=x9Vf6ck77tcAX_4l03l&oh=ee03ec83210d5b9bd8d2aacd1c7c3fc0&oe=5F95FF48",
            "username": "daleahumada"
        },
        "likes_count": 1,
        "answers": []
    },
    {
        "id": 18051791782036002,
        "created_at": 1554333766,
        "text": "\ud83d\ude0d\u2764\ufe0f",
        "owner": {
            "id": "43121285",
            "is_verified": false,
            "profile_pic_url": "https://instagram.fbga1-4.fna.fbcdn.net/v/t51.2885-19/10890910_1643865629230793_1236752170_a.jpg?_nc_ht=instagram.fbga1-4.fna.fbcdn.net&_nc_ohc=6akzfUnujtUAX-qImqf&oh=786e1d5e140a503988cf35f043bca9d3&oe=5F9786F7",
            "username": "catalinaelisafernandez"
        },
        "likes_count": 1,
        "answers": []
    }
]