[
    {
        "id": 17852865241654102,
        "created_at": 1572808239,
        "text": "Hermoso, me encant\u00f3",
        "owner": {
            "id": "15165750045",
            "is_verified": false,
            "profile_pic_url": "https://instagram.fbga1-4.fna.fbcdn.net/v/t51.2885-19/s150x150/81501724_473671306877932_8985309245247324160_n.jpg?_nc_ht=instagram.fbga1-4.fna.fbcdn.net&_nc_ohc=jEMkuv43wH8AX_bF84s&oh=a1ef1041fbe20137f3caac9de998eecc&oe=5F953400",
            "username": "oersomo"
        },
        "likes_count": 0,
        "answers": []
    },
    {
        "id": 17954713024300653,
        "created_at": 1557693808,
        "text": "Que hermosa esa mu\u00f1eca",
        "owner": {
            "id": "375760050",
            "is_verified": false,
            "profile_pic_url": "https://instagram.fbga1-4.fna.fbcdn.net/v/t51.2885-19/10597461_553919671386925_1025138751_a.jpg?_nc_ht=instagram.fbga1-4.fna.fbcdn.net&_nc_ohc=a6loL_lV2bEAX9Kgvj6&oh=a23b696efeb5be8954ee4cf57b40037e&oe=5F987CD6",
            "username": "mariatsamper"
        },
        "likes_count": 1,
        "answers": []
    }
]