{
    "instaloader": {
        "node_type": "Post",
        "version": "4.5.3"
    },
    "node": {
        "__typename": "GraphVideo",
        "caption_is_edited": false,
        "commenting_disabled_for_viewer": false,
        "comments_disabled": false,
        "dash_info": {
            "is_dash_eligible": false,
            "number_of_qualities": 0,
            "video_dash_manifest": null
        },
        "dimensions": {
            "height": 608,
            "width": 1080
        },
        "display_resources": [
            {
                "config_height": 360,
                "config_width": 640,
                "src": "https://instagram.fbga1-4.fna.fbcdn.net/v/t51.2885-15/sh0.08/e35/s640x640/47692316_2254213991289636_6420365149605252065_n.jpg?_nc_ht=instagram.fbga1-4.fna.fbcdn.net&_nc_cat=100&_nc_ohc=LQaVolanAP8AX9UqoQD&oh=51081b2b6c6773af5612597cda810e1b&oe=5F71DBDA"
            },
            {
                "config_height": 422,
                "config_width": 750,
                "src": "https://instagram.fbga1-4.fna.fbcdn.net/v/t51.2885-15/sh0.08/e35/s750x750/47692316_2254213991289636_6420365149605252065_n.jpg?_nc_ht=instagram.fbga1-4.fna.fbcdn.net&_nc_cat=100&_nc_ohc=LQaVolanAP8AX9UqoQD&oh=9044c3fdf127f5a85c8ac445d093f192&oe=5F71FB5E"
            },
            {
                "config_height": 608,
                "config_width": 1080,
                "src": "https://instagram.fbga1-4.fna.fbcdn.net/v/t51.2885-15/e35/47692316_2254213991289636_6420365149605252065_n.jpg?_nc_ht=instagram.fbga1-4.fna.fbcdn.net&_nc_cat=100&_nc_ohc=LQaVolanAP8AX9UqoQD&_nc_tp=18&oh=057a45a6dc5a8ef9925ba3bdf09da034&oe=5F71B8A4"
            }
        ],
        "display_url": "https://instagram.fbga1-4.fna.fbcdn.net/v/t51.2885-15/e35/47692316_2254213991289636_6420365149605252065_n.jpg?_nc_ht=instagram.fbga1-4.fna.fbcdn.net&_nc_cat=100&_nc_ohc=LQaVolanAP8AX9UqoQD&_nc_tp=18&oh=057a45a6dc5a8ef9925ba3bdf09da034&oe=5F71B8A4",
        "edge_media_preview_like": {
            "count": 229,
            "edges": []
        },
        "edge_media_to_caption": {
            "edges": [
                {
                    "node": {
                        "text": "Tu princesa pasa momentos muy especiales cuando lleva su #LookEPK. Encuentra el tuyo en tu tienda EPK m\u00e1s cercana o en epk.com. #EPKMarruecos18\n\n#ModaInfantil #Fashion #Kids #Ni\u00f1os #Ni\u00f1as #Tendencias"
                    }
                }
            ]
        },
        "edge_media_to_comment": {
            "count": 1,
            "edges": [],
            "page_info": {
                "end_cursor": "",
                "has_next_page": true
            }
        },
        "edge_media_to_sponsor_user": {
            "edges": []
        },
        "edge_media_to_tagged_user": {
            "edges": []
        },
        "edge_web_media_to_related_media": {
            "edges": []
        },
        "encoding_status": null,
        "fact_check_information": null,
        "fact_check_overall_rating": null,
        "gating_info": null,
        "has_ranked_comments": false,
        "id": "1948314490518673645",
        "is_ad": false,
        "is_published": true,
        "is_video": true,
        "location": null,
        "media_preview": "ACoXvRHBz7YozVWLK4J6VOrAjOeDQ9bDRn4MTeYw4XJ6/wCetSRzsxAY5LKSR+vTtjpVvzFBwO/rUU8CHDD5Cp7dx6UrbjGocsKlNVwChHQ5OOKnqVogGM+XA9KYGx0ooqmBTeUv7EGpA24YNFFNCY2I/OPrV7NFFQhn/9k=",
        "owner": {
            "biography": "Bienvenido a la cuenta oficial de EPK. \nModa infantil en tendencia, un #LookEPK para cada ocasi\u00f3n.",
            "blocked_by_viewer": false,
            "business_category_name": "Personal Goods & General Merchandise Stores",
            "business_email": "info@epk.com",
            "category_enum": "CHILDRENS_CLOTHING_STORE",
            "connected_fb_page": null,
            "country_block": false,
            "edge_follow": {
                "count": 9
            },
            "edge_followed_by": {
                "count": 765654
            },
            "edge_mutual_followed_by": {
                "count": 0,
                "edges": []
            },
            "edge_related_profiles": {
                "edges": [
                    {
                        "node": {
                            "full_name": "Laurita Acun\u0303a",
                            "id": "54406925",
                            "is_private": false,
                            "is_verified": true,
                            "profile_pic_url": "https://instagram.fbga1-4.fna.fbcdn.net/v/t51.2885-19/s150x150/116752108_1674171839418913_6429239951265148496_n.jpg?_nc_ht=instagram.fbga1-4.fna.fbcdn.net&_nc_ohc=WKVDoIrmY3EAX-SjlUc&oh=ba3b072910dea8568a5f8c556525b100&oe=5F99C58B",
                            "username": "lauraacunaayala"
                        }
                    },
                    {
                        "node": {
                            "full_name": "Ve\u0301lez for Leather Lovers",
                            "id": "301076131",
                            "is_private": false,
                            "is_verified": true,
                            "profile_pic_url": "https://instagram.fbga1-4.fna.fbcdn.net/v/t51.2885-19/s150x150/119183881_167664594939091_7522221367920243819_n.jpg?_nc_ht=instagram.fbga1-4.fna.fbcdn.net&_nc_ohc=OgQTeRe-jmkAX9TrS9R&oh=371dda3159ab776625bcfcf8db391f1c&oe=5F98761F",
                            "username": "velezforleatherlovers"
                        }
                    },
                    {
                        "node": {
                            "full_name": "Andrea Serna",
                            "id": "253203290",
                            "is_private": false,
                            "is_verified": true,
                            "profile_pic_url": "https://instagram.fbga1-4.fna.fbcdn.net/v/t51.2885-19/s150x150/13188134_1144364565581964_1724415350_a.jpg?_nc_ht=instagram.fbga1-4.fna.fbcdn.net&_nc_ohc=sHDvcbpiQNcAX90lkst&oh=3edb51ec37af4a836e749f64678c81c5&oe=5F9A9CA7",
                            "username": "andreasernafotos"
                        }
                    },
                    {
                        "node": {
                            "full_name": "Cata G\u00f3mez",
                            "id": "1191019715",
                            "is_private": false,
                            "is_verified": true,
                            "profile_pic_url": "https://instagram.fbga1-4.fna.fbcdn.net/v/t51.2885-19/s150x150/12142443_1511349362518491_1826099045_a.jpg?_nc_ht=instagram.fbga1-4.fna.fbcdn.net&_nc_ohc=uSDf8XjiuwcAX_mLtp3&oh=bdf53d63b3f9a84f0bbcfc04af809eb3&oe=5F9984E0",
                            "username": "apuntesdecata"
                        }
                    },
                    {
                        "node": {
                            "full_name": "La Red Caracol",
                            "id": "457424330",
                            "is_private": false,
                            "is_verified": true,
                            "profile_pic_url": "https://instagram.fbga1-4.fna.fbcdn.net/v/t51.2885-19/s150x150/106063742_619560818917126_2931329653253372322_n.jpg?_nc_ht=instagram.fbga1-4.fna.fbcdn.net&_nc_ohc=zJr01HyapDsAX_VIDSh&oh=1fc100be0068792fe19c15bc501576e1&oe=5F9A8328",
                            "username": "laredcaracoltv"
                        }
                    },
                    {
                        "node": {
                            "full_name": "Daniella Alvarez",
                            "id": "256779097",
                            "is_private": false,
                            "is_verified": true,
                            "profile_pic_url": "https://instagram.fbga1-4.fna.fbcdn.net/v/t51.2885-19/s150x150/117302054_115660623577028_6681978611380119848_n.jpg?_nc_ht=instagram.fbga1-4.fna.fbcdn.net&_nc_ohc=v7NRwbHKUzMAX8ftz5J&oh=8bf16777b99b54ee6c4fe41cdd4ac851&oe=5F996546",
                            "username": "danielaalvareztv"
                        }
                    },
                    {
                        "node": {
                            "full_name": "Jessica Cediel",
                            "id": "196174954",
                            "is_private": false,
                            "is_verified": true,
                            "profile_pic_url": "https://instagram.fbga1-4.fna.fbcdn.net/v/t51.2885-19/s150x150/119779346_211009543702486_8041850253770016049_n.jpg?_nc_ht=instagram.fbga1-4.fna.fbcdn.net&_nc_ohc=g78METryI5AAX-FOaOd&oh=f3bb821a64b9c9814a98700ab23399bd&oe=5F99AE1F",
                            "username": "jessicacedielnet"
                        }
                    },
                    {
                        "node": {
                            "full_name": "Johana Bahamo\u0301n",
                            "id": "26936639",
                            "is_private": false,
                            "is_verified": true,
                            "profile_pic_url": "https://instagram.fbga1-4.fna.fbcdn.net/v/t51.2885-19/s150x150/106495505_391403931818438_1556212512374780832_n.jpg?_nc_ht=instagram.fbga1-4.fna.fbcdn.net&_nc_ohc=QlzbAkiV8aYAX8v29wi&oh=cdbd8eee82efa7fb01e0e69e31ba0862&oe=5F97837D",
                            "username": "johana_bahamon_"
                        }
                    },
                    {
                        "node": {
                            "full_name": "BOSI",
                            "id": "232286468",
                            "is_private": false,
                            "is_verified": true,
                            "profile_pic_url": "https://instagram.fbga1-4.fna.fbcdn.net/v/t51.2885-19/s150x150/73512746_518727375344437_2571377219100213248_n.jpg?_nc_ht=instagram.fbga1-4.fna.fbcdn.net&_nc_ohc=k6LWSruQMQAAX8KvU1Q&oh=c19e1e7127a6d47056db79785bd3a1e6&oe=5F9A7DA3",
                            "username": "mybosi"
                        }
                    },
                    {
                        "node": {
                            "full_name": "Petit Bowtique",
                            "id": "649008006",
                            "is_private": false,
                            "is_verified": false,
                            "profile_pic_url": "https://instagram.fbga1-4.fna.fbcdn.net/v/t51.2885-19/s150x150/93795345_664012891087394_7802970753715929088_n.jpg?_nc_ht=instagram.fbga1-4.fna.fbcdn.net&_nc_ohc=iWNriBd-0ewAX8qO4de&oh=03625da1bf2bd32f6318b9e959e689b3&oe=5F97415B",
                            "username": "petit_bowtique"
                        }
                    },
                    {
                        "node": {
                            "full_name": "Esprit Colombia",
                            "id": "7844403557",
                            "is_private": false,
                            "is_verified": true,
                            "profile_pic_url": "https://instagram.fbga1-4.fna.fbcdn.net/v/t51.2885-19/s150x150/39506738_2123610524528551_7104097317443076096_n.jpg?_nc_ht=instagram.fbga1-4.fna.fbcdn.net&_nc_ohc=0McSO99o11MAX8ocPho&oh=291369aea00240e68d5bcf19b21df9dd&oe=5F9AE797",
                            "username": "espritcolombia"
                        }
                    },
                    {
                        "node": {
                            "full_name": "\ud83c\udf08Con amor Boutique infantil\u00ae\ud83e\udd84",
                            "id": "1013340274",
                            "is_private": false,
                            "is_verified": false,
                            "profile_pic_url": "https://instagram.fbga1-4.fna.fbcdn.net/v/t51.2885-19/s150x150/115809349_1251415978540978_2040151427953163845_n.jpg?_nc_ht=instagram.fbga1-4.fna.fbcdn.net&_nc_ohc=qy_guJC4_ksAX_XMsk7&oh=98c7904697a26d17be41e4f899554042&oe=5F98DAFE",
                            "username": "conamor_boutiqueinfantil"
                        }
                    }
                ]
            },
            "external_url": "http://www.epk.com/",
            "external_url_linkshimmed": "https://l.instagram.com/?u=http%3A%2F%2Fwww.epk.com%2F&e=ATOwiqHAeQ4SC8W8bnPcF9DD07Fq8PrHoSBrG-feFdNhT36YqfhwGIH9fyZA79erPbDrygxm8c5VC_YF&s=1",
            "followed_by_viewer": false,
            "follows_viewer": false,
            "full_name": "EPK",
            "has_ar_effects": false,
            "has_blocked_viewer": false,
            "has_channel": false,
            "has_clips": false,
            "has_guides": false,
            "has_requested_viewer": false,
            "highlight_reel_count": 9,
            "id": "208034677",
            "is_business_account": true,
            "is_joined_recently": false,
            "is_private": false,
            "is_verified": true,
            "overall_category_name": null,
            "profile_pic_url": "https://instagram.fbga1-4.fna.fbcdn.net/v/t51.2885-19/s150x150/116713279_329296981536344_3404171181868667674_n.jpg?_nc_ht=instagram.fbga1-4.fna.fbcdn.net&_nc_ohc=e_8u8kf3ZDMAX9GL6vk&oh=cb797d66d56f5631c9bff6ad98af462e&oe=5F97C031",
            "profile_pic_url_hd": "https://instagram.fbga1-4.fna.fbcdn.net/v/t51.2885-19/s320x320/116713279_329296981536344_3404171181868667674_n.jpg?_nc_ht=instagram.fbga1-4.fna.fbcdn.net&_nc_ohc=e_8u8kf3ZDMAX9GL6vk&oh=24f96da3b2c02376ace87cab68479fda&oe=5F99B8C9",
            "requested_by_viewer": false,
            "restricted_by_viewer": null,
            "username": "epk"
        },
        "product_type": "feed",
        "shortcode": "BsJzbTeHJjt",
        "taken_at_timestamp": 1546477213,
        "thumbnail_resources": [
            {
                "config_height": 150,
                "config_width": 150,
                "src": "https://instagram.fbga1-4.fna.fbcdn.net/v/t51.2885-15/e35/c236.0.608.608a/s150x150/47692316_2254213991289636_6420365149605252065_n.jpg?_nc_ht=instagram.fbga1-4.fna.fbcdn.net&_nc_cat=100&_nc_ohc=LQaVolanAP8AX9UqoQD&_nc_tp=16&oh=1737bae689ac83132e998e85e850dec8&oe=5F720B60"
            },
            {
                "config_height": 240,
                "config_width": 240,
                "src": "https://instagram.fbga1-4.fna.fbcdn.net/v/t51.2885-15/e35/c236.0.608.608a/s240x240/47692316_2254213991289636_6420365149605252065_n.jpg?_nc_ht=instagram.fbga1-4.fna.fbcdn.net&_nc_cat=100&_nc_ohc=LQaVolanAP8AX9UqoQD&_nc_tp=16&oh=4fdb59cf7202d4592fbdd5065ee9a6bf&oe=5F71E3DA"
            },
            {
                "config_height": 320,
                "config_width": 320,
                "src": "https://instagram.fbga1-4.fna.fbcdn.net/v/t51.2885-15/e35/c236.0.608.608a/s320x320/47692316_2254213991289636_6420365149605252065_n.jpg?_nc_ht=instagram.fbga1-4.fna.fbcdn.net&_nc_cat=100&_nc_ohc=LQaVolanAP8AX9UqoQD&_nc_tp=16&oh=5ba361459a5304266f830542edcb0019&oe=5F71EF68"
            },
            {
                "config_height": 480,
                "config_width": 480,
                "src": "https://instagram.fbga1-4.fna.fbcdn.net/v/t51.2885-15/e35/c236.0.608.608a/s480x480/47692316_2254213991289636_6420365149605252065_n.jpg?_nc_ht=instagram.fbga1-4.fna.fbcdn.net&_nc_cat=100&_nc_ohc=LQaVolanAP8AX9UqoQD&_nc_tp=16&oh=beeb066adb9ead1516628246251a6ea0&oe=5F7246E1"
            },
            {
                "config_height": 640,
                "config_width": 640,
                "src": "https://instagram.fbga1-4.fna.fbcdn.net/v/t51.2885-15/e35/c236.0.608.608a/47692316_2254213991289636_6420365149605252065_n.jpg?_nc_ht=instagram.fbga1-4.fna.fbcdn.net&_nc_cat=100&_nc_ohc=LQaVolanAP8AX9UqoQD&oh=c47001ba6992ba0e1dbb826b70bd2fc0&oe=5F71D211"
            }
        ],
        "thumbnail_src": "https://instagram.fbga1-4.fna.fbcdn.net/v/t51.2885-15/e35/c236.0.608.608a/47692316_2254213991289636_6420365149605252065_n.jpg?_nc_ht=instagram.fbga1-4.fna.fbcdn.net&_nc_cat=100&_nc_ohc=LQaVolanAP8AX9UqoQD&oh=c47001ba6992ba0e1dbb826b70bd2fc0&oe=5F71D211",
        "title": "",
        "tracking_token": "eyJ2ZXJzaW9uIjo1LCJwYXlsb2FkIjp7ImlzX2FuYWx5dGljc190cmFja2VkIjp0cnVlLCJ1dWlkIjoiNGY2ODFhZTIyYjZjNDI0Y2E4Mjk4NTMxNGU4MTkyYWExOTQ4MzE0NDkwNTE4NjczNjQ1In0sInNpZ25hdHVyZSI6IiJ9",
        "video_duration": 9.3,
        "video_url": "https://instagram.fbga1-4.fna.fbcdn.net/v/t50.2886-16/49563865_525512267955105_3312515276258254436_n.mp4?efg=eyJ2ZW5jb2RlX3RhZyI6InZ0c192b2RfdXJsZ2VuLjk2MC5mZWVkLmRlZmF1bHQiLCJxZV9ncm91cHMiOiJbXCJpZ193ZWJfZGVsaXZlcnlfdnRzX290ZlwiXSJ9&_nc_ht=instagram.fbga1-4.fna.fbcdn.net&_nc_cat=109&_nc_ohc=Ddhn4PMyC1oAX83taE9&vs=18017999146035732_1500476002&_nc_vs=HBksFQAYJEdObEk5QUtoZXc1Yzg5MEJBR1NlYmVJWGEtZ3Ria1lMQUFBRhUAAsgBABUAGCRHSWlpX3dKMWppbmI2S0lBQUNfMG1aY01DUXdKYmtZTEFBQUYVAgLIAQAoABgAGwAVAAAYABb%2BqNqQ4t34PxUCKAJDMywXQCKZmZmZmZoYEmRhc2hfYmFzZWxpbmVfMV92MREAdeoHAA%3D%3D&oe=5F71F4AF&oh=cffa5d9337dfcb7bca8edde3c403b69d",
        "video_view_count": 8417,
        "viewer_can_reshare": true,
        "viewer_has_liked": false,
        "viewer_has_saved": false,
        "viewer_has_saved_to_collection": false,
        "viewer_in_photo_of_you": false
    }
}