[
    {
        "id": 18037475287188238,
        "created_at": 1557866608,
        "text": "Q precio tiene? Esta divina",
        "owner": {
            "id": "8373512001",
            "is_verified": false,
            "profile_pic_url": "https://instagram.fbga1-4.fna.fbcdn.net/v/t51.2885-19/s150x150/96225438_3214119831972407_3488977422609547264_n.jpg?_nc_ht=instagram.fbga1-4.fna.fbcdn.net&_nc_ohc=4NbhcCyihTcAX8vJAEU&oh=2b83d83cb1d8bfcc2147ec5752e8cd8a&oe=5F9504AA",
            "username": "moni083117"
        },
        "likes_count": 0,
        "answers": [
            {
                "id": 17843758633448388,
                "created_at": 1557866655,
                "text": "@moni083117 \u00a1Hola Moni! \u00a1Te invitamos a visitarnos en www.epk.com y descubrir todas las prendas que tenemos para ti! \u2764\ufe0f",
                "owner": {
                    "id": "208034677",
                    "is_verified": true,
                    "profile_pic_url": "https://instagram.fbga1-4.fna.fbcdn.net/v/t51.2885-19/s150x150/116713279_329296981536344_3404171181868667674_n.jpg?_nc_ht=instagram.fbga1-4.fna.fbcdn.net&_nc_ohc=e_8u8kf3ZDMAX9GL6vk&oh=cb797d66d56f5631c9bff6ad98af462e&oe=5F97C031",
                    "username": "epk"
                },
                "likes_count": 0
            }
        ]
    },
    {
        "id": 17988276859234244,
        "created_at": 1557859829,
        "text": "Donde se compra la ropaepk",
        "owner": {
            "id": "6737794488",
            "is_verified": false,
            "profile_pic_url": "https://instagram.fbga1-4.fna.fbcdn.net/v/t51.2885-19/s150x150/41008256_2220609647980608_7041576234429448192_n.jpg?_nc_ht=instagram.fbga1-4.fna.fbcdn.net&_nc_ohc=4-n2epfQCkcAX8GJpTQ&oh=00ff89ce4c3717bd8d27c7d9cac4defe&oe=5F96BCCC",
            "username": "margaritatiradomejia"
        },
        "likes_count": 0,
        "answers": [
            {
                "id": 17848730707435901,
                "created_at": 1557866681,
                "text": "@margaritatiradomejia \u00a1Hola Margarita! \u00a1Te invitamos a visitarnos en www.epk.com o en nuestras tiendas f\u00edsicas en toda Colombia y descubrir todas las prendas que tenemos para ti! \u2764\ufe0f",
                "owner": {
                    "id": "208034677",
                    "is_verified": true,
                    "profile_pic_url": "https://instagram.fbga1-4.fna.fbcdn.net/v/t51.2885-19/s150x150/116713279_329296981536344_3404171181868667674_n.jpg?_nc_ht=instagram.fbga1-4.fna.fbcdn.net&_nc_ohc=e_8u8kf3ZDMAX9GL6vk&oh=cb797d66d56f5631c9bff6ad98af462e&oe=5F97C031",
                    "username": "epk"
                },
                "likes_count": 0
            }
        ]
    }
]