[
    {
        "id": 17846997175529748,
        "created_at": 1565143199,
        "text": "Precio de la pantaloneta para hombre",
        "owner": {
            "id": "2110074559",
            "is_verified": false,
            "profile_pic_url": "https://instagram.flos1-1.fna.fbcdn.net/v/t51.2885-19/44884218_345707102882519_2446069589734326272_n.jpg?_nc_ht=instagram.flos1-1.fna.fbcdn.net&_nc_ohc=RLYRR3IenIMAX8BmVBT&oh=6377434b9c65a37e1453a1b47bb000ae&oe=5F96310F&ig_cache_key=YW5vbnltb3VzX3Byb2ZpbGVfcGlj.2",
            "username": "luz_neidy_cifuentes"
        },
        "likes_count": 0,
        "answers": []
    },
    {
        "id": 17855737426490888,
        "created_at": 1564670895,
        "text": "Tienen talla 2 y 14 ?",
        "owner": {
            "id": "6875506675",
            "is_verified": false,
            "profile_pic_url": "https://instagram.fbga1-4.fna.fbcdn.net/v/t51.2885-19/s150x150/26155282_2079059112328340_74615865537986560_n.jpg?_nc_ht=instagram.fbga1-4.fna.fbcdn.net&_nc_ohc=zqaf8Jd23vcAX-5pCJs&oh=f9201b3726dd78b476fde02442e5da0c&oe=5F953846",
            "username": "maine1208"
        },
        "likes_count": 0,
        "answers": []
    },
    {
        "id": 17967162232303430,
        "created_at": 1564670880,
        "text": "Todav\u00eda hay disponible?",
        "owner": {
            "id": "6875506675",
            "is_verified": false,
            "profile_pic_url": "https://instagram.fbga1-4.fna.fbcdn.net/v/t51.2885-19/s150x150/26155282_2079059112328340_74615865537986560_n.jpg?_nc_ht=instagram.fbga1-4.fna.fbcdn.net&_nc_ohc=zqaf8Jd23vcAX-5pCJs&oh=f9201b3726dd78b476fde02442e5da0c&oe=5F953846",
            "username": "maine1208"
        },
        "likes_count": 0,
        "answers": []
    },
    {
        "id": 18040932400168336,
        "created_at": 1563245212,
        "text": "Hola buenas noches, env\u00edos tienen ?",
        "owner": {
            "id": "1408723850",
            "is_verified": false,
            "profile_pic_url": "https://instagram.fbga1-4.fna.fbcdn.net/v/t51.2885-19/s150x150/116775641_584215975819061_1499270731350443834_n.jpg?_nc_ht=instagram.fbga1-4.fna.fbcdn.net&_nc_ohc=nYi8xquXwnwAX-dzvP4&oh=30c3e704efb8a4a1de2bd812e1053079&oe=5F955556",
            "username": "gelenmartinezc"
        },
        "likes_count": 0,
        "answers": []
    },
    {
        "id": 18003281872238814,
        "created_at": 1562261695,
        "text": "En La tienda est\u00e1n agotadas, d\u00f3nde mas las consigo?",
        "owner": {
            "id": "1265258198",
            "is_verified": false,
            "profile_pic_url": "https://instagram.fbga1-4.fna.fbcdn.net/v/t51.2885-19/s150x150/79337008_492076838094771_3976270947291234304_n.jpg?_nc_ht=instagram.fbga1-4.fna.fbcdn.net&_nc_ohc=0VfdXflZ05wAX-DgV_8&oh=18d81a7a8b792dae7459d5fca18cf3ff&oe=5F975053",
            "username": "juliettapaciecco"
        },
        "likes_count": 0,
        "answers": []
    },
    {
        "id": 17845067233507556,
        "created_at": 1562204272,
        "text": "Lindas y para mam\u00e1 e hijo ?",
        "owner": {
            "id": "2274211243",
            "is_verified": false,
            "profile_pic_url": "https://instagram.fbga1-4.fna.fbcdn.net/v/t51.2885-19/s150x150/50073133_2522797107761628_5329280173466451968_n.jpg?_nc_ht=instagram.fbga1-4.fna.fbcdn.net&_nc_ohc=NOLSo2vqvxYAX_fkMzj&oh=b04beb0a50b338012191a347567060bc&oe=5F985CDE",
            "username": "geogimate"
        },
        "likes_count": 0,
        "answers": [
            {
                "id": 18080400574029716,
                "created_at": 1562247753,
                "text": "@munozbotello Hola! Solo para pap\u00e1 e hijo! Vis\u00edtanos ya! \ud83d\ude0a",
                "owner": {
                    "id": "208034677",
                    "is_verified": true,
                    "profile_pic_url": "https://instagram.fbga1-4.fna.fbcdn.net/v/t51.2885-19/s150x150/116713279_329296981536344_3404171181868667674_n.jpg?_nc_ht=instagram.fbga1-4.fna.fbcdn.net&_nc_ohc=e_8u8kf3ZDMAX9GL6vk&oh=cb797d66d56f5631c9bff6ad98af462e&oe=5F97C031",
                    "username": "epk"
                },
                "likes_count": 1
            }
        ]
    },
    {
        "id": 18003123118225051,
        "created_at": 1562197482,
        "text": "Precio x fa",
        "owner": {
            "id": "2311656763",
            "is_verified": false,
            "profile_pic_url": "https://instagram.fbga1-4.fna.fbcdn.net/v/t51.2885-19/s150x150/106719904_785718328919984_6459628513840715339_n.jpg?_nc_ht=instagram.fbga1-4.fna.fbcdn.net&_nc_ohc=nd_dotCdjlsAX8hh4Hs&oh=e6014b8af96ed685e68294e6f70c743b&oe=5F9826B6",
            "username": "kattha.11"
        },
        "likes_count": 0,
        "answers": [
            {
                "id": 17852011594475137,
                "created_at": 1562247663,
                "text": "@kattha.11 Hola! Entra a epk.com y descubre nuestros precios! Te esperamos! \ud83d\ude0a",
                "owner": {
                    "id": "208034677",
                    "is_verified": true,
                    "profile_pic_url": "https://instagram.fbga1-4.fna.fbcdn.net/v/t51.2885-19/s150x150/116713279_329296981536344_3404171181868667674_n.jpg?_nc_ht=instagram.fbga1-4.fna.fbcdn.net&_nc_ohc=e_8u8kf3ZDMAX9GL6vk&oh=cb797d66d56f5631c9bff6ad98af462e&oe=5F97C031",
                    "username": "epk"
                },
                "likes_count": 0
            }
        ]
    },
    {
        "id": 17907539218322301,
        "created_at": 1562184446,
        "text": "Hola que precio tiene gracias!",
        "owner": {
            "id": "1331509840",
            "is_verified": false,
            "profile_pic_url": "https://instagram.fbga1-4.fna.fbcdn.net/v/t51.2885-19/s150x150/120095216_970289116803002_1804657573986352639_n.jpg?_nc_ht=instagram.fbga1-4.fna.fbcdn.net&_nc_ohc=Fk0n2zCjBUkAX-1zGr4&oh=60cc79678ddf2039cea8947017b1285a&oe=5F955833",
            "username": "dianaquintero1226"
        },
        "likes_count": 0,
        "answers": [
            {
                "id": 17850527665481922,
                "created_at": 1562247668,
                "text": "@dianaquintero1226 Hola! Entra a epk.com y descubre nuestros precios! Te esperamos! \ud83d\ude0a",
                "owner": {
                    "id": "208034677",
                    "is_verified": true,
                    "profile_pic_url": "https://instagram.fbga1-4.fna.fbcdn.net/v/t51.2885-19/s150x150/116713279_329296981536344_3404171181868667674_n.jpg?_nc_ht=instagram.fbga1-4.fna.fbcdn.net&_nc_ohc=e_8u8kf3ZDMAX9GL6vk&oh=cb797d66d56f5631c9bff6ad98af462e&oe=5F97C031",
                    "username": "epk"
                },
                "likes_count": 0
            }
        ]
    },
    {
        "id": 17874074359400134,
        "created_at": 1562171474,
        "text": "@jsebasmc",
        "owner": {
            "id": "2485891953",
            "is_verified": false,
            "profile_pic_url": "https://instagram.fbga1-4.fna.fbcdn.net/v/t51.2885-19/s150x150/101816252_3506855855994722_3864029003576770560_n.jpg?_nc_ht=instagram.fbga1-4.fna.fbcdn.net&_nc_ohc=EvWxK4uf7ZAAX-8uzfz&oh=858cd643095f36b76f5ff8c847c6b2f9&oe=5F9538A9",
            "username": "cmedina0109"
        },
        "likes_count": 2,
        "answers": []
    },
    {
        "id": 17893799569356063,
        "created_at": 1562166694,
        "text": "Precio",
        "owner": {
            "id": "2110074559",
            "is_verified": false,
            "profile_pic_url": "https://instagram.flos1-1.fna.fbcdn.net/v/t51.2885-19/44884218_345707102882519_2446069589734326272_n.jpg?_nc_ht=instagram.flos1-1.fna.fbcdn.net&_nc_ohc=RLYRR3IenIMAX8BmVBT&oh=6377434b9c65a37e1453a1b47bb000ae&oe=5F96310F&ig_cache_key=YW5vbnltb3VzX3Byb2ZpbGVfcGlj.2",
            "username": "luz_neidy_cifuentes"
        },
        "likes_count": 0,
        "answers": [
            {
                "id": 18003409612229783,
                "created_at": 1562247675,
                "text": "@luz_neidy_cifuentes Hola! Entra a epk.com y descubre nuestros precios! Te esperamos! \ud83d\ude0a\u2764\ufe0f",
                "owner": {
                    "id": "208034677",
                    "is_verified": true,
                    "profile_pic_url": "https://instagram.fbga1-4.fna.fbcdn.net/v/t51.2885-19/s150x150/116713279_329296981536344_3404171181868667674_n.jpg?_nc_ht=instagram.fbga1-4.fna.fbcdn.net&_nc_ohc=e_8u8kf3ZDMAX9GL6vk&oh=cb797d66d56f5631c9bff6ad98af462e&oe=5F97C031",
                    "username": "epk"
                },
                "likes_count": 0
            }
        ]
    },
    {
        "id": 18001862086226045,
        "created_at": 1562123781,
        "text": "\u2764\ufe0f",
        "owner": {
            "id": "1265258198",
            "is_verified": false,
            "profile_pic_url": "https://instagram.fbga1-4.fna.fbcdn.net/v/t51.2885-19/s150x150/79337008_492076838094771_3976270947291234304_n.jpg?_nc_ht=instagram.fbga1-4.fna.fbcdn.net&_nc_ohc=0VfdXflZ05wAX-DgV_8&oh=18d81a7a8b792dae7459d5fca18cf3ff&oe=5F975053",
            "username": "juliettapaciecco"
        },
        "likes_count": 0,
        "answers": [
            {
                "id": 18081241060036262,
                "created_at": 1562247682,
                "text": "@juliettapaciecco \ud83d\ude0a",
                "owner": {
                    "id": "208034677",
                    "is_verified": true,
                    "profile_pic_url": "https://instagram.fbga1-4.fna.fbcdn.net/v/t51.2885-19/s150x150/116713279_329296981536344_3404171181868667674_n.jpg?_nc_ht=instagram.fbga1-4.fna.fbcdn.net&_nc_ohc=e_8u8kf3ZDMAX9GL6vk&oh=cb797d66d56f5631c9bff6ad98af462e&oe=5F97C031",
                    "username": "epk"
                },
                "likes_count": 0
            },
            {
                "id": 17857333543448558,
                "created_at": 1562248080,
                "text": "@epk estuve en la tienda y est\u00e1 agotada, c\u00f3mo las consigo?",
                "owner": {
                    "id": "1265258198",
                    "is_verified": false,
                    "profile_pic_url": "https://instagram.fbga1-4.fna.fbcdn.net/v/t51.2885-19/s150x150/79337008_492076838094771_3976270947291234304_n.jpg?_nc_ht=instagram.fbga1-4.fna.fbcdn.net&_nc_ohc=0VfdXflZ05wAX-DgV_8&oh=18d81a7a8b792dae7459d5fca18cf3ff&oe=5F975053",
                    "username": "juliettapaciecco"
                },
                "likes_count": 0
            }
        ]
    },
    {
        "id": 18016733944200127,
        "created_at": 1562118477,
        "text": "\ud83d\udc4d",
        "owner": {
            "id": "5922118865",
            "is_verified": false,
            "profile_pic_url": "https://instagram.fbga1-4.fna.fbcdn.net/v/t51.2885-19/s150x150/20969273_483700385323625_8501670325417672704_a.jpg?_nc_ht=instagram.fbga1-4.fna.fbcdn.net&_nc_ohc=1bs3KNmCa64AX_rOOnH&oh=ef844b1e10d1a50293feb865615984bb&oe=5F96F4DF",
            "username": "yolandalunar.s"
        },
        "likes_count": 0,
        "answers": [
            {
                "id": 17862553459435288,
                "created_at": 1562247692,
                "text": "@yolandalunar.s \ud83d\ude0a\u2764\ufe0f",
                "owner": {
                    "id": "208034677",
                    "is_verified": true,
                    "profile_pic_url": "https://instagram.fbga1-4.fna.fbcdn.net/v/t51.2885-19/s150x150/116713279_329296981536344_3404171181868667674_n.jpg?_nc_ht=instagram.fbga1-4.fna.fbcdn.net&_nc_ohc=e_8u8kf3ZDMAX9GL6vk&oh=cb797d66d56f5631c9bff6ad98af462e&oe=5F97C031",
                    "username": "epk"
                },
                "likes_count": 0
            }
        ]
    },
    {
        "id": 18052923757090236,
        "created_at": 1562103108,
        "text": "\ud83d\udc4f\ud83c\udffb\ud83d\ude0d",
        "owner": {
            "id": "247681828",
            "is_verified": false,
            "profile_pic_url": "https://instagram.fbga1-4.fna.fbcdn.net/v/t51.2885-19/s150x150/118198464_162240122125608_7418115022029013971_n.jpg?_nc_ht=instagram.fbga1-4.fna.fbcdn.net&_nc_ohc=CNe7C2LHyXMAX-lXjDS&oh=d1f7eaf3fcbc71169ada69372fdbb18c&oe=5F968905",
            "username": "carovidisa"
        },
        "likes_count": 0,
        "answers": [
            {
                "id": 18001683619243299,
                "created_at": 1562247696,
                "text": "@carovidisa \ud83d\ude0a\ud83d\ude0a",
                "owner": {
                    "id": "208034677",
                    "is_verified": true,
                    "profile_pic_url": "https://instagram.fbga1-4.fna.fbcdn.net/v/t51.2885-19/s150x150/116713279_329296981536344_3404171181868667674_n.jpg?_nc_ht=instagram.fbga1-4.fna.fbcdn.net&_nc_ohc=e_8u8kf3ZDMAX9GL6vk&oh=cb797d66d56f5631c9bff6ad98af462e&oe=5F97C031",
                    "username": "epk"
                },
                "likes_count": 0
            }
        ]
    },
    {
        "id": 18011281156223915,
        "created_at": 1562087027,
        "text": "Que lindos!!",
        "owner": {
            "id": "13827220605",
            "is_verified": false,
            "profile_pic_url": "https://instagram.flos1-1.fna.fbcdn.net/v/t51.2885-19/44884218_345707102882519_2446069589734326272_n.jpg?_nc_ht=instagram.flos1-1.fna.fbcdn.net&_nc_ohc=RLYRR3IenIMAX8BmVBT&oh=6377434b9c65a37e1453a1b47bb000ae&oe=5F96310F&ig_cache_key=YW5vbnltb3VzX3Byb2ZpbGVfcGlj.2",
            "username": "lizeth_osve"
        },
        "likes_count": 0,
        "answers": [
            {
                "id": 18053206849080713,
                "created_at": 1562247703,
                "text": "@mages.agencia gracias!",
                "owner": {
                    "id": "208034677",
                    "is_verified": true,
                    "profile_pic_url": "https://instagram.fbga1-4.fna.fbcdn.net/v/t51.2885-19/s150x150/116713279_329296981536344_3404171181868667674_n.jpg?_nc_ht=instagram.fbga1-4.fna.fbcdn.net&_nc_ohc=e_8u8kf3ZDMAX9GL6vk&oh=cb797d66d56f5631c9bff6ad98af462e&oe=5F97C031",
                    "username": "epk"
                },
                "likes_count": 0
            }
        ]
    },
    {
        "id": 18072750214075577,
        "created_at": 1562083775,
        "text": "@juanmanuelmarquez_",
        "owner": {
            "id": "5410017771",
            "is_verified": false,
            "profile_pic_url": "https://instagram.fbga1-4.fna.fbcdn.net/v/t51.2885-19/s150x150/105973449_668252186909190_1835375021235285940_n.jpg?_nc_ht=instagram.fbga1-4.fna.fbcdn.net&_nc_ohc=COVSVoeNXFEAX_iIV_a&oh=47171481ad124ef05a8a3f018d1a2d23&oe=5F97092B",
            "username": "yura30c"
        },
        "likes_count": 1,
        "answers": []
    },
    {
        "id": 18042370942166089,
        "created_at": 1562082189,
        "text": "Precio ?",
        "owner": {
            "id": "2208043875",
            "is_verified": false,
            "profile_pic_url": "https://instagram.fbga1-4.fna.fbcdn.net/v/t51.2885-19/s150x150/55894899_622978494774240_3497399552829292544_n.jpg?_nc_ht=instagram.fbga1-4.fna.fbcdn.net&_nc_ohc=PPLp31UcwWcAX8dnhjL&oh=e683dba93cb60155d342b92f8f27356e&oe=5F981B0F",
            "username": "marriagapertuz"
        },
        "likes_count": 0,
        "answers": [
            {
                "id": 17867842138417700,
                "created_at": 1562247708,
                "text": "@marriagapertuz Hola! Entra a epk.com y descubre nuestros precios! Te esperamos! \ud83d\ude0a",
                "owner": {
                    "id": "208034677",
                    "is_verified": true,
                    "profile_pic_url": "https://instagram.fbga1-4.fna.fbcdn.net/v/t51.2885-19/s150x150/116713279_329296981536344_3404171181868667674_n.jpg?_nc_ht=instagram.fbga1-4.fna.fbcdn.net&_nc_ohc=e_8u8kf3ZDMAX9GL6vk&oh=cb797d66d56f5631c9bff6ad98af462e&oe=5F97C031",
                    "username": "epk"
                },
                "likes_count": 0
            }
        ]
    },
    {
        "id": 17870251411405662,
        "created_at": 1562079998,
        "text": "Me encanta \ud83d\udc9a\ud83d\udc9a",
        "owner": {
            "id": "9127849250",
            "is_verified": false,
            "profile_pic_url": "https://instagram.fbga1-4.fna.fbcdn.net/v/t51.2885-19/s150x150/102446465_1480818662110518_6915539903732252672_n.jpg?_nc_ht=instagram.fbga1-4.fna.fbcdn.net&_nc_ohc=vFjHHuM8WnUAX-YBYeb&oh=8392062319d66b86f8fcd7c26e7c7f3c&oe=5F95C4EF",
            "username": "zoe_selen_sarria"
        },
        "likes_count": 5,
        "answers": [
            {
                "id": 17846709880491094,
                "created_at": 1562081249,
                "text": "@zoe_selen_sarria \ud83d\ude0a\ud83d\ude4c",
                "owner": {
                    "id": "208034677",
                    "is_verified": true,
                    "profile_pic_url": "https://instagram.fbga1-4.fna.fbcdn.net/v/t51.2885-19/s150x150/116713279_329296981536344_3404171181868667674_n.jpg?_nc_ht=instagram.fbga1-4.fna.fbcdn.net&_nc_ohc=e_8u8kf3ZDMAX9GL6vk&oh=cb797d66d56f5631c9bff6ad98af462e&oe=5F97C031",
                    "username": "epk"
                },
                "likes_count": 2
            }
        ]
    }
]