[
    {
        "id": 17909278768317598,
        "created_at": 1561976370,
        "text": "Hasta que talla tienen y cual es el precio",
        "owner": {
            "id": "8522312015",
            "is_verified": false,
            "profile_pic_url": "https://instagram.fplm4-1.fna.fbcdn.net/v/t51.2885-19/44884218_345707102882519_2446069589734326272_n.jpg?_nc_ht=instagram.fplm4-1.fna.fbcdn.net&_nc_cat=1&_nc_ohc=RLYRR3IenIMAX_mTUyq&oh=0758a0984dceeaef9466f4a5b8f3641d&oe=5F96310F&ig_cache_key=YW5vbnltb3VzX3Byb2ZpbGVfcGlj.2",
            "username": "clemenciamargaritaarte"
        },
        "likes_count": 0,
        "answers": []
    },
    {
        "id": 17855835991337298,
        "created_at": 1549843566,
        "text": "Mi hija tiene ese buso y no sab\u00eda como combinarlo gracias \ud83d\ude04",
        "owner": {
            "id": "2242823266",
            "is_verified": false,
            "profile_pic_url": "https://instagram.fbga1-4.fna.fbcdn.net/v/t51.2885-19/s150x150/119707198_615755925764031_210510449039652946_n.jpg?_nc_ht=instagram.fbga1-4.fna.fbcdn.net&_nc_ohc=2WdqZO3rVm0AX8daH5m&oh=9a33392c3a1b2549effc8c236fefe700&oe=5F95673D",
            "username": "alejamahecha29"
        },
        "likes_count": 0,
        "answers": []
    }
]