[
    {
        "id": 17875876279711356,
        "created_at": 1592582340,
        "text": "\u2764\ufe0f",
        "owner": {
            "id": "775059483",
            "is_verified": false,
            "profile_pic_url": "https://instagram.fbga1-4.fna.fbcdn.net/v/t51.2885-19/s150x150/12354085_1069308163113762_275867946_a.jpg?_nc_ht=instagram.fbga1-4.fna.fbcdn.net&_nc_ohc=tN8zTWfos0EAX-zcB6G&oh=33a9c8a3b8d5d0fefd358942941e7c08&oe=5F96FE08",
            "username": "sandralombana2001"
        },
        "likes_count": 0,
        "answers": []
    },
    {
        "id": 17852930770478436,
        "created_at": 1563414709,
        "text": "Y los zapatos @superga_col divinos \ud83d\ude0d",
        "owner": {
            "id": "1540618182",
            "is_verified": false,
            "profile_pic_url": "https://instagram.fbga1-4.fna.fbcdn.net/v/t51.2885-19/s150x150/69699913_495816264575788_2300522472446885888_n.jpg?_nc_ht=instagram.fbga1-4.fna.fbcdn.net&_nc_ohc=2PQFhdggaEEAX9qb94I&oh=c53950f55d4a11b18530645e89e880f2&oe=5F982F19",
            "username": "maruja2656"
        },
        "likes_count": 1,
        "answers": []
    },
    {
        "id": 18060103372120810,
        "created_at": 1563129089,
        "text": "@aracellycorbacho1",
        "owner": {
            "id": "1257336439",
            "is_verified": false,
            "profile_pic_url": "https://instagram.fbga1-4.fna.fbcdn.net/v/t51.2885-19/s150x150/109784688_2621585341491384_7431880022695136570_n.jpg?_nc_ht=instagram.fbga1-4.fna.fbcdn.net&_nc_ohc=ecV98Jg8rPgAX_O9qvV&oh=b394aad94229d10382680eb221f3ea3e&oe=5F968585",
            "username": "daninaproenza"
        },
        "likes_count": 0,
        "answers": []
    },
    {
        "id": 17876762776392334,
        "created_at": 1563129057,
        "text": "@aracellycorbacho",
        "owner": {
            "id": "1257336439",
            "is_verified": false,
            "profile_pic_url": "https://instagram.fbga1-4.fna.fbcdn.net/v/t51.2885-19/s150x150/109784688_2621585341491384_7431880022695136570_n.jpg?_nc_ht=instagram.fbga1-4.fna.fbcdn.net&_nc_ohc=ecV98Jg8rPgAX_O9qvV&oh=b394aad94229d10382680eb221f3ea3e&oe=5F968585",
            "username": "daninaproenza"
        },
        "likes_count": 0,
        "answers": []
    },
    {
        "id": 18055750975083776,
        "created_at": 1563055387,
        "text": "Hasta cu\u00e1ndo la promoci\u00f3n",
        "owner": {
            "id": "14891387374",
            "is_verified": false,
            "profile_pic_url": "https://instagram.fbga1-4.fna.fbcdn.net/v/t51.2885-19/s150x150/65624232_989815718065671_7896036123720286208_n.jpg?_nc_ht=instagram.fbga1-4.fna.fbcdn.net&_nc_ohc=V2oZJQ5NvqAAX_zdF5U&oh=62cccbb43d4ea1f92e544f9ad40cd2eb&oe=5F9506B1",
            "username": "marialuisautria1103"
        },
        "likes_count": 0,
        "answers": [
            {
                "id": 17846827900513649,
                "created_at": 1563055794,
                "text": "@marialuisautria1103 Hasta el d\u00eda de ma\u00f1ana, te esperamos!",
                "owner": {
                    "id": "208034677",
                    "is_verified": true,
                    "profile_pic_url": "https://instagram.fbga1-4.fna.fbcdn.net/v/t51.2885-19/s150x150/116713279_329296981536344_3404171181868667674_n.jpg?_nc_ht=instagram.fbga1-4.fna.fbcdn.net&_nc_ohc=e_8u8kf3ZDMAX9GL6vk&oh=cb797d66d56f5631c9bff6ad98af462e&oe=5F97C031",
                    "username": "epk"
                },
                "likes_count": 0
            }
        ]
    },
    {
        "id": 17850606676492183,
        "created_at": 1563039426,
        "text": "juliethvargas",
        "owner": {
            "id": "4152280297",
            "is_verified": false,
            "profile_pic_url": "https://instagram.fbga1-4.fna.fbcdn.net/v/t51.2885-19/s150x150/101875912_558259414759623_1971127594005956550_n.jpg?_nc_ht=instagram.fbga1-4.fna.fbcdn.net&_nc_ohc=uURZjEZrWh8AX_2ziEB&oh=2e0008c05fff93b61b329284b0f4797f&oe=5F9786CF",
            "username": "reinavalerias"
        },
        "likes_count": 1,
        "answers": []
    },
    {
        "id": 17963376637282197,
        "created_at": 1563033857,
        "text": "Precio y hasta que talla llega",
        "owner": {
            "id": "1621761075",
            "is_verified": false,
            "profile_pic_url": "https://instagram.fbga1-4.fna.fbcdn.net/v/t51.2885-19/s150x150/64639978_478182949622458_3917148729596968960_n.jpg?_nc_ht=instagram.fbga1-4.fna.fbcdn.net&_nc_ohc=ZPDW5eeSW6cAX_RIblK&oh=65cbf8c1dc4018696c85236dcfac7b3c&oe=5F96EDFE",
            "username": "luzmedina1302"
        },
        "likes_count": 0,
        "answers": [
            {
                "id": 18054732850139465,
                "created_at": 1563055364,
                "text": "@luzmedina1302 \u00a1Hola! \u00a1Te invitamos a visitarnos en www.epk.com y descubrir todas las prendas que tenemos para ti! \u2764\ufe0f",
                "owner": {
                    "id": "208034677",
                    "is_verified": true,
                    "profile_pic_url": "https://instagram.fbga1-4.fna.fbcdn.net/v/t51.2885-19/s150x150/116713279_329296981536344_3404171181868667674_n.jpg?_nc_ht=instagram.fbga1-4.fna.fbcdn.net&_nc_ohc=e_8u8kf3ZDMAX9GL6vk&oh=cb797d66d56f5631c9bff6ad98af462e&oe=5F97C031",
                    "username": "epk"
                },
                "likes_count": 3
            }
        ]
    },
    {
        "id": 18055795825086615,
        "created_at": 1563029304,
        "text": "hermoso enterizo y si lo combinas con unos de nuestros accesorios seria genial. @makalule19 accesorios hermosos hechos a mano, con amor, estilo y autenticidad. env\u00edos nacionales.\n\nHACE 15 HORAS",
        "owner": {
            "id": "15530479889",
            "is_verified": false,
            "profile_pic_url": "https://instagram.fbga1-4.fna.fbcdn.net/v/t51.2885-19/s150x150/64766016_1313933475449850_2180040204478316544_n.jpg?_nc_ht=instagram.fbga1-4.fna.fbcdn.net&_nc_ohc=DthS0o-wRewAX_pXFef&oh=f80e66a37be438f0b5d05d4b10792c41&oe=5F96723E",
            "username": "makalule19"
        },
        "likes_count": 0,
        "answers": []
    },
    {
        "id": 18051310537179434,
        "created_at": 1563019715,
        "text": "Es divino! Mi bb lo tiene!",
        "owner": {
            "id": "341575184",
            "is_verified": false,
            "profile_pic_url": "https://instagram.fbga1-4.fna.fbcdn.net/v/t51.2885-19/s150x150/67262456_499092320848609_3876168569725124608_n.jpg?_nc_ht=instagram.fbga1-4.fna.fbcdn.net&_nc_ohc=vblnHwIiEuAAX_PSZHL&oh=770f0dbc19f3be4f52b4a3993af030c5&oe=5F963F5C",
            "username": "skyeprett"
        },
        "likes_count": 2,
        "answers": [
            {
                "id": 17852950591479796,
                "created_at": 1563055349,
                "text": "@skyeprett gracias por preferirnos! \u2764\ufe0f",
                "owner": {
                    "id": "208034677",
                    "is_verified": true,
                    "profile_pic_url": "https://instagram.fbga1-4.fna.fbcdn.net/v/t51.2885-19/s150x150/116713279_329296981536344_3404171181868667674_n.jpg?_nc_ht=instagram.fbga1-4.fna.fbcdn.net&_nc_ohc=e_8u8kf3ZDMAX9GL6vk&oh=cb797d66d56f5631c9bff6ad98af462e&oe=5F97C031",
                    "username": "epk"
                },
                "likes_count": 0
            }
        ]
    },
    {
        "id": 17972340133277879,
        "created_at": 1563015741,
        "text": "@sariitaa_guerrero",
        "owner": {
            "id": "4176305403",
            "is_verified": false,
            "profile_pic_url": "https://instagram.fbga1-4.fna.fbcdn.net/v/t51.2885-19/s150x150/60840290_438277080282783_2139763259601846272_n.jpg?_nc_ht=instagram.fbga1-4.fna.fbcdn.net&_nc_ohc=OOTSJH_D9EYAX9LpAdc&oh=2cbcdcc35ff6cd69b8f334ce9ab238a6&oe=5F9564A9",
            "username": "nena2005502"
        },
        "likes_count": 1,
        "answers": []
    },
    {
        "id": 18014012173219354,
        "created_at": 1562993018,
        "text": "Bellisima \ud83d\udc95\ud83d\udc96",
        "owner": {
            "id": "213123223",
            "is_verified": false,
            "profile_pic_url": "https://instagram.fbga1-4.fna.fbcdn.net/v/t51.2885-19/s150x150/27581895_2323148474377281_1145522160719101952_n.jpg?_nc_ht=instagram.fbga1-4.fna.fbcdn.net&_nc_ohc=zfcyrPO4HXwAX9Fk8U5&oh=ceb8c5b051e4d3d9a2bf1a99b996cd82&oe=5F96EC35",
            "username": "toyiespinosa"
        },
        "likes_count": 1,
        "answers": []
    },
    {
        "id": 18082235347055699,
        "created_at": 1562988960,
        "text": "Hasta que talla est\u00e1?",
        "owner": {
            "id": "368793785",
            "is_verified": false,
            "profile_pic_url": "https://instagram.fbga1-4.fna.fbcdn.net/v/t51.2885-19/s150x150/119612802_728160247734681_4014663621319552142_n.jpg?_nc_ht=instagram.fbga1-4.fna.fbcdn.net&_nc_ohc=bAr1emtarxsAX9J-i-e&oh=09e2f51e13eef14facede433bae87939&oe=5F95A752",
            "username": "dayiramoss"
        },
        "likes_count": 0,
        "answers": [
            {
                "id": 17948015758288311,
                "created_at": 1563055380,
                "text": "@dayiramoss \u00a1Hola! \u00a1Te invitamos a visitarnos en www.epk.com y descubrir todas las prendas y tallas que tenemos para ti! \u2764\ufe0f",
                "owner": {
                    "id": "208034677",
                    "is_verified": true,
                    "profile_pic_url": "https://instagram.fbga1-4.fna.fbcdn.net/v/t51.2885-19/s150x150/116713279_329296981536344_3404171181868667674_n.jpg?_nc_ht=instagram.fbga1-4.fna.fbcdn.net&_nc_ohc=e_8u8kf3ZDMAX9GL6vk&oh=cb797d66d56f5631c9bff6ad98af462e&oe=5F97C031",
                    "username": "epk"
                },
                "likes_count": 0
            }
        ]
    },
    {
        "id": 17923904335306584,
        "created_at": 1562987922,
        "text": "Precio por fa",
        "owner": {
            "id": "3056815802",
            "is_verified": false,
            "profile_pic_url": "https://instagram.fbga1-4.fna.fbcdn.net/v/t51.2885-19/s150x150/47491726_665095787220119_8937946596469899264_n.jpg?_nc_ht=instagram.fbga1-4.fna.fbcdn.net&_nc_ohc=4InJ0-Scks0AX-yvbHV&oh=463dfb3244bc6ac0302aaf3fd66a50e9&oe=5F9594B3",
            "username": "jadismilena"
        },
        "likes_count": 0,
        "answers": [
            {
                "id": 18054571033186326,
                "created_at": 1563055386,
                "text": "@jadismilena \u00a1Hola! \u00a1Te invitamos a visitarnos en www.epk.com y descubrir todas las prendas que tenemos para ti! \u2764\ufe0f",
                "owner": {
                    "id": "208034677",
                    "is_verified": true,
                    "profile_pic_url": "https://instagram.fbga1-4.fna.fbcdn.net/v/t51.2885-19/s150x150/116713279_329296981536344_3404171181868667674_n.jpg?_nc_ht=instagram.fbga1-4.fna.fbcdn.net&_nc_ohc=e_8u8kf3ZDMAX9GL6vk&oh=cb797d66d56f5631c9bff6ad98af462e&oe=5F97C031",
                    "username": "epk"
                },
                "likes_count": 0
            }
        ]
    },
    {
        "id": 18074367712077181,
        "created_at": 1562987634,
        "text": "Precio talla 1",
        "owner": {
            "id": "1584575346",
            "is_verified": false,
            "profile_pic_url": "https://instagram.fbga1-4.fna.fbcdn.net/v/t51.2885-19/s150x150/101860495_671961216715800_486530562396258304_n.jpg?_nc_ht=instagram.fbga1-4.fna.fbcdn.net&_nc_ohc=0w-RXdq_qzMAX9akz_2&oh=95fd5466c08274a4329e522580a85147&oe=5F94D3FE",
            "username": "alina.acostamedina"
        },
        "likes_count": 1,
        "answers": [
            {
                "id": 17948239363291903,
                "created_at": 1563055452,
                "text": "@alina.acostamedina te invitamos a visitarnos !",
                "owner": {
                    "id": "208034677",
                    "is_verified": true,
                    "profile_pic_url": "https://instagram.fbga1-4.fna.fbcdn.net/v/t51.2885-19/s150x150/116713279_329296981536344_3404171181868667674_n.jpg?_nc_ht=instagram.fbga1-4.fna.fbcdn.net&_nc_ohc=e_8u8kf3ZDMAX9GL6vk&oh=cb797d66d56f5631c9bff6ad98af462e&oe=5F97C031",
                    "username": "epk"
                },
                "likes_count": 0
            }
        ]
    },
    {
        "id": 17866855801429976,
        "created_at": 1562983016,
        "text": "Vendan tambi\u00e9n vestidos elegantes son muy censillos lo que venden",
        "owner": {
            "id": "1449758175",
            "is_verified": false,
            "profile_pic_url": "https://instagram.fbga1-4.fna.fbcdn.net/v/t51.2885-19/s150x150/49582907_339633576637553_7933534289180753920_n.jpg?_nc_ht=instagram.fbga1-4.fna.fbcdn.net&_nc_ohc=IBjwy8-k4BIAX-3vnSL&oh=784540448d9a81e6a3fed233fd91a436&oe=5F98A7A3",
            "username": "leygar76"
        },
        "likes_count": 2,
        "answers": [
            {
                "id": 18045525349166272,
                "created_at": 1563055468,
                "text": "@leygar76 agradecemos tus comentarios!\u2764\ufe0f",
                "owner": {
                    "id": "208034677",
                    "is_verified": true,
                    "profile_pic_url": "https://instagram.fbga1-4.fna.fbcdn.net/v/t51.2885-19/s150x150/116713279_329296981536344_3404171181868667674_n.jpg?_nc_ht=instagram.fbga1-4.fna.fbcdn.net&_nc_ohc=e_8u8kf3ZDMAX9GL6vk&oh=cb797d66d56f5631c9bff6ad98af462e&oe=5F97C031",
                    "username": "epk"
                },
                "likes_count": 0
            }
        ]
    },
    {
        "id": 18017352598203307,
        "created_at": 1562982287,
        "text": "Precio",
        "owner": {
            "id": "3309058710",
            "is_verified": false,
            "profile_pic_url": "https://instagram.fbga1-4.fna.fbcdn.net/v/t51.2885-19/s150x150/17332699_1589207507773614_3933288954702331904_a.jpg?_nc_ht=instagram.fbga1-4.fna.fbcdn.net&_nc_ohc=X5j0B8E6kdEAX8Ps-i8&oh=8ce79d61e65de2242f10e5542f27ac9f&oe=5F981ACC",
            "username": "lilirojaspolo"
        },
        "likes_count": 0,
        "answers": [
            {
                "id": 18077563960068674,
                "created_at": 1563055476,
                "text": "@lilirojaspolo \u00a1Hola! \u00a1Te invitamos a visitarnos en www.epk.com y descubrir todas las prendas que tenemos para ti! \u2764\ufe0f",
                "owner": {
                    "id": "208034677",
                    "is_verified": true,
                    "profile_pic_url": "https://instagram.fbga1-4.fna.fbcdn.net/v/t51.2885-19/s150x150/116713279_329296981536344_3404171181868667674_n.jpg?_nc_ht=instagram.fbga1-4.fna.fbcdn.net&_nc_ohc=e_8u8kf3ZDMAX9GL6vk&oh=cb797d66d56f5631c9bff6ad98af462e&oe=5F97C031",
                    "username": "epk"
                },
                "likes_count": 1
            }
        ]
    },
    {
        "id": 18059788789125474,
        "created_at": 1562982099,
        "text": "Hermoso... lo quiero para mi chiqui\ud83d\ude4c",
        "owner": {
            "id": "4149693023",
            "is_verified": false,
            "profile_pic_url": "https://instagram.fbga1-4.fna.fbcdn.net/v/t51.2885-19/s150x150/15057415_1670447803245486_850458637628342272_a.jpg?_nc_ht=instagram.fbga1-4.fna.fbcdn.net&_nc_ohc=qP2aXCieJucAX8iLXVo&oh=463025c06d64e910e861ac43b02e289a&oe=5F96352B",
            "username": "narvaezedelmi"
        },
        "likes_count": 1,
        "answers": []
    },
    {
        "id": 18016486105214379,
        "created_at": 1562981171,
        "text": "\ud83d\ude0d",
        "owner": {
            "id": "8290364617",
            "is_verified": false,
            "profile_pic_url": "https://instagram.fbga1-4.fna.fbcdn.net/v/t51.2885-19/s150x150/83176848_179168653409914_414879444063223808_n.jpg?_nc_ht=instagram.fbga1-4.fna.fbcdn.net&_nc_ohc=BUB2Nd3CKYIAX-LeAYi&oh=e6318aa5d8fd7dc45179216a476874db&oe=5F983243",
            "username": "tejidos_con_amor1"
        },
        "likes_count": 0,
        "answers": []
    },
    {
        "id": 18004119721242699,
        "created_at": 1562976101,
        "text": "Cu\u00e1nto cuesta ese enterizo",
        "owner": {
            "id": "3917921258",
            "is_verified": false,
            "profile_pic_url": "https://instagram.fbga1-4.fna.fbcdn.net/v/t51.2885-19/s150x150/50302306_1516796578464348_5323808629944483840_n.jpg?_nc_ht=instagram.fbga1-4.fna.fbcdn.net&_nc_ohc=TdXtMtlxmZwAX_TB46d&oh=e8135294d95dda5d51ccbd5ec968ae27&oe=5F96DB78",
            "username": "yuliethcama10"
        },
        "likes_count": 2,
        "answers": [
            {
                "id": 17848502383496741,
                "created_at": 1563055821,
                "text": "@yuliethcama10 Te invitamos a conocer nuestros precios y hermosas prendas en epk.com o en nuestras tiendas f\u00edsicas!",
                "owner": {
                    "id": "208034677",
                    "is_verified": true,
                    "profile_pic_url": "https://instagram.fbga1-4.fna.fbcdn.net/v/t51.2885-19/s150x150/116713279_329296981536344_3404171181868667674_n.jpg?_nc_ht=instagram.fbga1-4.fna.fbcdn.net&_nc_ohc=e_8u8kf3ZDMAX9GL6vk&oh=cb797d66d56f5631c9bff6ad98af462e&oe=5F97C031",
                    "username": "epk"
                },
                "likes_count": 1
            }
        ]
    },
    {
        "id": 17897293126351336,
        "created_at": 1562975724,
        "text": "@an.rubio18",
        "owner": {
            "id": "2123641277",
            "is_verified": false,
            "profile_pic_url": "https://instagram.fbga1-4.fna.fbcdn.net/v/t51.2885-19/s150x150/119074899_668475530436356_6766359110747317413_n.jpg?_nc_ht=instagram.fbga1-4.fna.fbcdn.net&_nc_ohc=5Rv08mHCgroAX9LcPNg&oh=eba6ba161b7731ea59cec50483d6defb&oe=5F988A97",
            "username": "melissavillavon01"
        },
        "likes_count": 2,
        "answers": [
            {
                "id": 18084472120060232,
                "created_at": 1562976438,
                "text": "@melissavillavon01 muerome, hermosa. La ropa divina.",
                "owner": {
                    "id": "5936946804",
                    "is_verified": false,
                    "profile_pic_url": "https://instagram.fbga1-4.fna.fbcdn.net/v/t51.2885-19/s150x150/82526436_757018124705962_6599540751535702016_n.jpg?_nc_ht=instagram.fbga1-4.fna.fbcdn.net&_nc_ohc=JWaVlSDoKHsAX_NjF0T&oh=e30fe8f64fea0bdb80cbc346b9b333a1&oe=5F9720DD",
                    "username": "an.rubio18"
                },
                "likes_count": 1
            }
        ]
    },
    {
        "id": 18063426403115132,
        "created_at": 1562974942,
        "text": "@dani_torres_artista \ud83d\ude0d",
        "owner": {
            "id": "1030996057",
            "is_verified": false,
            "profile_pic_url": "https://instagram.fbga1-4.fna.fbcdn.net/v/t51.2885-19/s150x150/120098170_380057383353521_145659025344402423_n.jpg?_nc_ht=instagram.fbga1-4.fna.fbcdn.net&_nc_ohc=CVZDmsa_cT0AX9rAWRl&oh=5c50326364d6a968972af524fcb27f83&oe=5F95DEDB",
            "username": "alejandrahoyosc"
        },
        "likes_count": 0,
        "answers": []
    },
    {
        "id": 18083585845013805,
        "created_at": 1562974227,
        "text": "Esos zapatos los venden uds.??",
        "owner": {
            "id": "1707964116",
            "is_verified": false,
            "profile_pic_url": "https://instagram.fbga1-4.fna.fbcdn.net/v/t51.2885-19/s150x150/26158611_1461961523914041_6083421253199200256_n.jpg?_nc_ht=instagram.fbga1-4.fna.fbcdn.net&_nc_ohc=PhG3Gugqc1oAX8IIeh8&oh=feb95de115b98f87fcc4b46833786f52&oe=5F97EF58",
            "username": "jenny.a_diaz"
        },
        "likes_count": 0,
        "answers": [
            {
                "id": 18082669054031878,
                "created_at": 1562974950,
                "text": "@jenny.a_diaz EPK no vende calzado",
                "owner": {
                    "id": "1301653751",
                    "is_verified": false,
                    "profile_pic_url": "https://instagram.fbga1-4.fna.fbcdn.net/v/t51.2885-19/s150x150/117882747_311195413650448_5044678604699093473_n.jpg?_nc_ht=instagram.fbga1-4.fna.fbcdn.net&_nc_ohc=GKrrZQV-tOoAX_x0WkJ&oh=277b5e1231529c0893e74f8b862c6224&oe=5F971A8E",
                    "username": "loremcardona"
                },
                "likes_count": 0
            },
            {
                "id": 18060976816123154,
                "created_at": 1563055328,
                "text": "@jenny.a_diaz vendemos el hermoso vestido! \u2764\ufe0f",
                "owner": {
                    "id": "208034677",
                    "is_verified": true,
                    "profile_pic_url": "https://instagram.fbga1-4.fna.fbcdn.net/v/t51.2885-19/s150x150/116713279_329296981536344_3404171181868667674_n.jpg?_nc_ht=instagram.fbga1-4.fna.fbcdn.net&_nc_ohc=e_8u8kf3ZDMAX9GL6vk&oh=cb797d66d56f5631c9bff6ad98af462e&oe=5F97C031",
                    "username": "epk"
                },
                "likes_count": 1
            }
        ]
    }
]