[
    {
        "id": 18000623752186061,
        "created_at": 1548733436,
        "text": "Esta es de barranquilla?",
        "owner": {
            "id": "7783298546",
            "is_verified": false,
            "profile_pic_url": "https://instagram.fbga1-4.fna.fbcdn.net/v/t51.2885-19/s150x150/32148359_1851382191581120_6468340306780618752_n.jpg?_nc_ht=instagram.fbga1-4.fna.fbcdn.net&_nc_ohc=gaDJB9YhMU0AX-YgI1z&oh=1847312612776d0f5645831f1db865a4&oe=5F94E430",
            "username": "lilitorres38"
        },
        "likes_count": 0,
        "answers": []
    }
]