[
    {
        "id": 17881476061309798,
        "created_at": 1552954529,
        "text": "\ud83d\udc4f",
        "owner": {
            "id": "5358649620",
            "is_verified": false,
            "profile_pic_url": "https://instagram.fbga1-4.fna.fbcdn.net/v/t51.2885-19/s150x150/60142815_337461663633812_7895208346083393536_n.jpg?_nc_ht=instagram.fbga1-4.fna.fbcdn.net&_nc_ohc=J5wG690OZfYAX8HnJeX&oh=879439533ecb848d464e8ac8647fd8aa&oe=5F958CC3",
            "username": "luluca1910"
        },
        "likes_count": 0,
        "answers": [
            {
                "id": 17971067437233951,
                "created_at": 1553099089,
                "text": "@luluca1910 \u2764\ufe0f\u2764\ufe0f",
                "owner": {
                    "id": "208034677",
                    "is_verified": true,
                    "profile_pic_url": "https://instagram.fbga1-4.fna.fbcdn.net/v/t51.2885-19/s150x150/116713279_329296981536344_3404171181868667674_n.jpg?_nc_ht=instagram.fbga1-4.fna.fbcdn.net&_nc_ohc=e_8u8kf3ZDMAX9GL6vk&oh=cb797d66d56f5631c9bff6ad98af462e&oe=5F97C031",
                    "username": "epk"
                },
                "likes_count": 0
            }
        ]
    },
    {
        "id": 18003922168199593,
        "created_at": 1552943339,
        "text": "Precios",
        "owner": {
            "id": "4525124390",
            "is_verified": false,
            "profile_pic_url": "https://instagram.fbga1-4.fna.fbcdn.net/v/t51.2885-19/s150x150/46417152_2348337358723247_7784516529080500224_n.jpg?_nc_ht=instagram.fbga1-4.fna.fbcdn.net&_nc_ohc=y7W2-9UXnoEAX8MVCm3&oh=ea1f73cf73feb881178123d57525b666&oe=5F95E4A5",
            "username": "joseguzman4666"
        },
        "likes_count": 0,
        "answers": [
            {
                "id": 17857046122366095,
                "created_at": 1553099111,
                "text": "@joseguzman4666 hola, encuentra todas nuestras prendas y precios disponibles en epk.com. Saludos!",
                "owner": {
                    "id": "208034677",
                    "is_verified": true,
                    "profile_pic_url": "https://instagram.fbga1-4.fna.fbcdn.net/v/t51.2885-19/s150x150/116713279_329296981536344_3404171181868667674_n.jpg?_nc_ht=instagram.fbga1-4.fna.fbcdn.net&_nc_ohc=e_8u8kf3ZDMAX9GL6vk&oh=cb797d66d56f5631c9bff6ad98af462e&oe=5F97C031",
                    "username": "epk"
                },
                "likes_count": 0
            }
        ]
    },
    {
        "id": 17936016424300517,
        "created_at": 1552919338,
        "text": "Y para los ni\u00f1os que hay en esta nueva colecci\u00f3n que a\u00fan no he visto publicidad \ud83e\udd14",
        "owner": {
            "id": "10832152852",
            "is_verified": false,
            "profile_pic_url": "https://instagram.fbga1-4.fna.fbcdn.net/v/t51.2885-19/s150x150/118208523_591310264894569_5816481768901713188_n.jpg?_nc_ht=instagram.fbga1-4.fna.fbcdn.net&_nc_ohc=vMcR_UILfz0AX-8nbJf&oh=e69cfff4712ca4efc9dad32f3f065b82&oe=5F973397",
            "username": "dellysmeza"
        },
        "likes_count": 0,
        "answers": [
            {
                "id": 17984533144201596,
                "created_at": 1553099142,
                "text": "@dellysmeza hola!! Entra a nuestro perfil y encuentra muchas prendas para ni\u00f1os \ud83d\udc9c",
                "owner": {
                    "id": "208034677",
                    "is_verified": true,
                    "profile_pic_url": "https://instagram.fbga1-4.fna.fbcdn.net/v/t51.2885-19/s150x150/116713279_329296981536344_3404171181868667674_n.jpg?_nc_ht=instagram.fbga1-4.fna.fbcdn.net&_nc_ohc=e_8u8kf3ZDMAX9GL6vk&oh=cb797d66d56f5631c9bff6ad98af462e&oe=5F97C031",
                    "username": "epk"
                },
                "likes_count": 1
            }
        ]
    },
    {
        "id": 17964845572245418,
        "created_at": 1552876578,
        "text": "Ansiosa por q llegue la nueva colecci\u00f3n se ven hermosos estampados",
        "owner": {
            "id": "1787567415",
            "is_verified": false,
            "profile_pic_url": "https://instagram.fbga1-4.fna.fbcdn.net/v/t51.2885-19/s150x150/66800331_1328159744020692_8812266382986051584_n.jpg?_nc_ht=instagram.fbga1-4.fna.fbcdn.net&_nc_ohc=ZwEd6lvZVm0AX8Hqz3-&oh=a7fa337e294e559dd777a9d166f99390&oe=5F9728A4",
            "username": "marsehernandes"
        },
        "likes_count": 1,
        "answers": [
            {
                "id": 17846056423391290,
                "created_at": 1553099151,
                "text": "@marsehernandes gracias!! Muy pronto \u2764\ufe0f\u2764\ufe0f",
                "owner": {
                    "id": "208034677",
                    "is_verified": true,
                    "profile_pic_url": "https://instagram.fbga1-4.fna.fbcdn.net/v/t51.2885-19/s150x150/116713279_329296981536344_3404171181868667674_n.jpg?_nc_ht=instagram.fbga1-4.fna.fbcdn.net&_nc_ohc=e_8u8kf3ZDMAX9GL6vk&oh=cb797d66d56f5631c9bff6ad98af462e&oe=5F97C031",
                    "username": "epk"
                },
                "likes_count": 0
            }
        ]
    }
]