[
    {
        "id": 17917555990435030,
        "created_at": 1594306501,
        "text": "Holaa, los tiened para una beb\u00e9 de 10 meses?",
        "owner": {
            "id": "2060185800",
            "is_verified": false,
            "profile_pic_url": "https://instagram.fbga1-4.fna.fbcdn.net/v/t51.2885-19/s150x150/19932367_858660027625369_7921737916689154048_a.jpg?_nc_ht=instagram.fbga1-4.fna.fbcdn.net&_nc_ohc=zheQWXCLGYAAX9ZJS3q&oh=b523544e01a8a72960d703073bad2c1d&oe=5F970774",
            "username": "laurafernandez.lf975"
        },
        "likes_count": 0,
        "answers": []
    },
    {
        "id": 18092634460070826,
        "created_at": 1567120510,
        "text": "@jinethmartinez96",
        "owner": {
            "id": "631649586",
            "is_verified": false,
            "profile_pic_url": "https://instagram.fbga1-4.fna.fbcdn.net/v/t51.2885-19/s150x150/117588376_2657579397837613_2710436579029045310_n.jpg?_nc_ht=instagram.fbga1-4.fna.fbcdn.net&_nc_ohc=5uRHuBkCzZ0AX8YIX64&oh=bc7ec0f88f32e3cbdb86b4445c1dee3e&oe=5F9632CB",
            "username": "zuleetorrez"
        },
        "likes_count": 1,
        "answers": []
    },
    {
        "id": 17855706682465661,
        "created_at": 1563299219,
        "text": "@kevinpatrick26 bi ki ni Jajaja",
        "owner": {
            "id": "2112704057",
            "is_verified": false,
            "profile_pic_url": "https://instagram.fbga1-4.fna.fbcdn.net/v/t51.2885-19/s150x150/117112099_1469522099898719_3994309109304736005_n.jpg?_nc_ht=instagram.fbga1-4.fna.fbcdn.net&_nc_ohc=Ej0utoH1eIIAX8HTrQ_&oh=fdad6ebe9cf04c47663c773077fbde63&oe=5F96D3F1",
            "username": "m.gracia09"
        },
        "likes_count": 0,
        "answers": []
    },
    {
        "id": 18055735066140702,
        "created_at": 1562992446,
        "text": "Yo queria en vestido de ba\u00f1o enterizo de cerezas para mi beb\u00e9, desafortunadamente comprando online no hacian el envio a bogot\u00e1 del producto y tampoco en el punto de venta m\u00e1s cercano ya no habia \ud83d\ude22\ud83d\ude22\ud83d\ude22\ud83d\ude22 </3 que l\u00e1stima. Soy compradora frecuente, cada mes compro en @epk  me encanta.",
        "owner": {
            "id": "7915818264",
            "is_verified": false,
            "profile_pic_url": "https://instagram.fbga1-4.fna.fbcdn.net/v/t51.2885-19/s150x150/97044584_591424751580194_6121966321233035264_n.jpg?_nc_ht=instagram.fbga1-4.fna.fbcdn.net&_nc_ohc=BvXFnb5WqlYAX-M7CCr&oh=a72adea68500649595815a7f4adf7558&oe=5F95A218",
            "username": "laura.matiz55"
        },
        "likes_count": 1,
        "answers": [
            {
                "id": 17905384810327129,
                "created_at": 1563075118,
                "text": "@laura.matiz55 gracias por preferirnos lau! \u2764\ufe0f Te confirmamos que dicho mensaje de error en nuestra p\u00e1gina, se deb\u00eda a que la prenda ya no estaba disponible! Esperamos nos visites pronto \ud83d\udc9c",
                "owner": {
                    "id": "208034677",
                    "is_verified": true,
                    "profile_pic_url": "https://instagram.fbga1-4.fna.fbcdn.net/v/t51.2885-19/s150x150/116713279_329296981536344_3404171181868667674_n.jpg?_nc_ht=instagram.fbga1-4.fna.fbcdn.net&_nc_ohc=e_8u8kf3ZDMAX9GL6vk&oh=cb797d66d56f5631c9bff6ad98af462e&oe=5F97C031",
                    "username": "epk"
                },
                "likes_count": 0
            },
            {
                "id": 17895923083359261,
                "created_at": 1563309782,
                "text": "@epk no hay problema! ya compre el  TRAJE DE BA\u00d1O CAPAS DE COLORES \ud83d\udc96",
                "owner": {
                    "id": "7915818264",
                    "is_verified": false,
                    "profile_pic_url": "https://instagram.fbga1-4.fna.fbcdn.net/v/t51.2885-19/s150x150/97044584_591424751580194_6121966321233035264_n.jpg?_nc_ht=instagram.fbga1-4.fna.fbcdn.net&_nc_ohc=BvXFnb5WqlYAX-M7CCr&oh=a72adea68500649595815a7f4adf7558&oe=5F95A218",
                    "username": "laura.matiz55"
                },
                "likes_count": 1
            }
        ]
    },
    {
        "id": 18064446067104266,
        "created_at": 1562901636,
        "text": "\ud83d\udc4f\ud83c\udffb\ud83d\udc4f\ud83c\udffb\ud83d\ude02",
        "owner": {
            "id": "14593898498",
            "is_verified": false,
            "profile_pic_url": "https://instagram.fbga1-4.fna.fbcdn.net/v/t51.2885-19/s150x150/91256285_152193806100959_59136571474968576_n.jpg?_nc_ht=instagram.fbga1-4.fna.fbcdn.net&_nc_ohc=684AmOKMdqsAX8Ecd80&oh=0a7415be6a5615044bb92f3ac8cccb90&oe=5F965535",
            "username": "tomas28sb"
        },
        "likes_count": 0,
        "answers": []
    },
    {
        "id": 17853902989474808,
        "created_at": 1562896577,
        "text": "Viene peque\u00f1o, \ud83d\ude2d",
        "owner": {
            "id": "1489976536",
            "is_verified": false,
            "profile_pic_url": "https://instagram.fbga1-4.fna.fbcdn.net/v/t51.2885-19/s150x150/114708298_570676923598030_8872206210957799824_n.jpg?_nc_ht=instagram.fbga1-4.fna.fbcdn.net&_nc_ohc=EkADwywV3RMAX8YymPI&oh=bc45a3804b5f3c4a2e344d3def1ef93c&oe=5F974B80",
            "username": "leidycotrino"
        },
        "likes_count": 0,
        "answers": []
    },
    {
        "id": 18018003940203570,
        "created_at": 1562882223,
        "text": "Buenas tardes, como es la participaci\u00f3n de que una ni\u00f1a sea modelo ??",
        "owner": {
            "id": "5678033215",
            "is_verified": false,
            "profile_pic_url": "https://instagram.fbga1-4.fna.fbcdn.net/v/t51.2885-19/s150x150/93815747_524988578150754_2707257769458663424_n.jpg?_nc_ht=instagram.fbga1-4.fna.fbcdn.net&_nc_ohc=TVBxUwjIRwgAX-Tmji5&oh=60845cec0abbc102ff98de00c61b502d&oe=5F9844C0",
            "username": "sierramargoth"
        },
        "likes_count": 1,
        "answers": [
            {
                "id": 17987293204248339,
                "created_at": 1562950084,
                "text": "@sierramargoth Gracias por tu inter\u00e9s en nuestra marca. \u00a1Te invitamos a estar al tanto en nuestras redes y medios de comunicaci\u00f3n para poder participar en la pr\u00f3xima fecha!\u2764\ufe0f",
                "owner": {
                    "id": "208034677",
                    "is_verified": true,
                    "profile_pic_url": "https://instagram.fbga1-4.fna.fbcdn.net/v/t51.2885-19/s150x150/116713279_329296981536344_3404171181868667674_n.jpg?_nc_ht=instagram.fbga1-4.fna.fbcdn.net&_nc_ohc=e_8u8kf3ZDMAX9GL6vk&oh=cb797d66d56f5631c9bff6ad98af462e&oe=5F97C031",
                    "username": "epk"
                },
                "likes_count": 0
            },
            {
                "id": 17864892652438877,
                "created_at": 1562950336,
                "text": "@epk gracias",
                "owner": {
                    "id": "5678033215",
                    "is_verified": false,
                    "profile_pic_url": "https://instagram.fbga1-4.fna.fbcdn.net/v/t51.2885-19/s150x150/93815747_524988578150754_2707257769458663424_n.jpg?_nc_ht=instagram.fbga1-4.fna.fbcdn.net&_nc_ohc=TVBxUwjIRwgAX-Tmji5&oh=60845cec0abbc102ff98de00c61b502d&oe=5F9844C0",
                    "username": "sierramargoth"
                },
                "likes_count": 0
            }
        ]
    },
    {
        "id": 18054923029082225,
        "created_at": 1562880765,
        "text": "@mayritaoviedo",
        "owner": {
            "id": "250782677",
            "is_verified": false,
            "profile_pic_url": "https://instagram.fbga1-4.fna.fbcdn.net/v/t51.2885-19/s150x150/108293771_668160153780566_3191105681285327084_n.jpg?_nc_ht=instagram.fbga1-4.fna.fbcdn.net&_nc_ohc=k_FQVTsRgx8AX8kxrSg&oh=2c14678eb780f0b78bba11d608062d35&oe=5F953BFF",
            "username": "lelore_oviedo"
        },
        "likes_count": 1,
        "answers": []
    },
    {
        "id": 18017930386203637,
        "created_at": 1562870564,
        "text": "Por favor ! Tallas m\u00e1s grande\ud83d\ude2d\ud83d\ude2d\ud83d\ude2d",
        "owner": {
            "id": "8798166577",
            "is_verified": false,
            "profile_pic_url": "https://instagram.fbga1-4.fna.fbcdn.net/v/t51.2885-19/s150x150/65891966_376380029899454_694870805925855232_n.jpg?_nc_ht=instagram.fbga1-4.fna.fbcdn.net&_nc_ohc=shKwRZzjn_wAX8E7TSo&oh=1ffb2a2707b6beed39009ef299744774&oe=5F97BECF",
            "username": "karla_vnzla.col"
        },
        "likes_count": 0,
        "answers": []
    },
    {
        "id": 18039844648173340,
        "created_at": 1562869980,
        "text": "\u2764\ufe0f",
        "owner": {
            "id": "7173300368",
            "is_verified": false,
            "profile_pic_url": "https://instagram.fbga1-4.fna.fbcdn.net/v/t51.2885-19/s150x150/47585662_762731027415829_7031491427880140800_n.jpg?_nc_ht=instagram.fbga1-4.fna.fbcdn.net&_nc_ohc=rQk0675qYcUAX_6rEyp&oh=434561a32e7dbe0ba1303716750379b4&oe=5F97040B",
            "username": "jj.romel"
        },
        "likes_count": 1,
        "answers": []
    },
    {
        "id": 17985515323257634,
        "created_at": 1562868524,
        "text": "Le quedo peque\u00f1o a mi hija \ud83d\ude2d",
        "owner": {
            "id": "367342970",
            "is_verified": false,
            "profile_pic_url": "https://instagram.fbga1-4.fna.fbcdn.net/v/t51.2885-19/s150x150/117984769_133819178419506_6619329261826955744_n.jpg?_nc_ht=instagram.fbga1-4.fna.fbcdn.net&_nc_ohc=U9eng2yG5N8AX-K4950&oh=a3839a416d9c7f24902f66447360543a&oe=5F97B36F",
            "username": "mayepinillab"
        },
        "likes_count": 1,
        "answers": []
    },
    {
        "id": 17850107011493126,
        "created_at": 1562867719,
        "text": "Que bellezaaa",
        "owner": {
            "id": "286507326",
            "is_verified": false,
            "profile_pic_url": "https://instagram.fbga1-4.fna.fbcdn.net/v/t51.2885-19/s150x150/93849949_181996086168939_8997571574445899776_n.jpg?_nc_ht=instagram.fbga1-4.fna.fbcdn.net&_nc_ohc=QjIYih0auw4AX92EccA&oh=5e2824845419855654fb5abedd7ae698&oe=5F975039",
            "username": "lichebarakat"
        },
        "likes_count": 1,
        "answers": []
    },
    {
        "id": 18053794009142158,
        "created_at": 1562866568,
        "text": "\ud83d\udc96\ud83d\udc96\ud83d\udc96\ud83d\udc96",
        "owner": {
            "id": "9869750730",
            "is_verified": false,
            "profile_pic_url": "https://instagram.fbga1-4.fna.fbcdn.net/v/t51.2885-19/s150x150/73232878_431866594373768_6867948681090301952_n.jpg?_nc_ht=instagram.fbga1-4.fna.fbcdn.net&_nc_ohc=dsKm8iYK2PgAX8z5y1P&oh=b0c3a1c1066b95a2eaea6a960863b2b3&oe=5F974A46",
            "username": "isabellamalabet"
        },
        "likes_count": 1,
        "answers": []
    },
    {
        "id": 18054653737089555,
        "created_at": 1562866491,
        "text": "@boskardulcey \ud83d\ude0a\ud83d\ude0a\ud83d\ude0a",
        "owner": {
            "id": "452597999",
            "is_verified": false,
            "profile_pic_url": "https://instagram.fbga1-4.fna.fbcdn.net/v/t51.2885-19/s150x150/120095402_125384695690347_2698200017252942567_n.jpg?_nc_ht=instagram.fbga1-4.fna.fbcdn.net&_nc_ohc=ZstWBzXD7xsAX9T8q3n&oh=76705fb495c4e01f5365eac76cb6cebd&oe=5F95220F",
            "username": "lauranvargas"
        },
        "likes_count": 1,
        "answers": []
    },
    {
        "id": 17863082383442743,
        "created_at": 1562865906,
        "text": "Hola buenas tardes las gafas tambi\u00e9n las venden",
        "owner": {
            "id": "1965096449",
            "is_verified": false,
            "profile_pic_url": "https://instagram.fbga1-4.fna.fbcdn.net/v/t51.2885-19/s150x150/11265340_1484977818461396_1681262202_a.jpg?_nc_ht=instagram.fbga1-4.fna.fbcdn.net&_nc_ohc=HxyfQFy6KmMAX8PC-PQ&oh=ff0013d0e708a4c2880a389dbab50e1a&oe=5F95382B",
            "username": "elimora2333"
        },
        "likes_count": 0,
        "answers": [
            {
                "id": 17962812760284497,
                "created_at": 1562950203,
                "text": "@elimora2333 Hola, tenemos distintos dise\u00f1os de gafas en nuestras tiendas y epk.com, te invitamos a visitarnos!",
                "owner": {
                    "id": "208034677",
                    "is_verified": true,
                    "profile_pic_url": "https://instagram.fbga1-4.fna.fbcdn.net/v/t51.2885-19/s150x150/116713279_329296981536344_3404171181868667674_n.jpg?_nc_ht=instagram.fbga1-4.fna.fbcdn.net&_nc_ohc=e_8u8kf3ZDMAX9GL6vk&oh=cb797d66d56f5631c9bff6ad98af462e&oe=5F97C031",
                    "username": "epk"
                },
                "likes_count": 0
            }
        ]
    },
    {
        "id": 18005429485236760,
        "created_at": 1562865540,
        "text": "Quiero ese vestido d ba\u00f1o en talla 10",
        "owner": {
            "id": "2093439241",
            "is_verified": false,
            "profile_pic_url": "https://instagram.fbga1-4.fna.fbcdn.net/v/t51.2885-19/s150x150/20214148_2039213056310119_106832209066852352_n.jpg?_nc_ht=instagram.fbga1-4.fna.fbcdn.net&_nc_ohc=ElOCxGGHYckAX9nCf1N&oh=64f9cc2c80d858ef192210fb32f39f09&oe=5F96DCFF",
            "username": "lorena_reyes01"
        },
        "likes_count": 1,
        "answers": [
            {
                "id": 17846637304512660,
                "created_at": 1562950217,
                "text": "@lorena_reyes01 \u00a1Hola! \u00a1Te invitamos a visitarnos en www.epk.com y descubrir todas las prendas que tenemos para ti! \u2764\ufe0f",
                "owner": {
                    "id": "208034677",
                    "is_verified": true,
                    "profile_pic_url": "https://instagram.fbga1-4.fna.fbcdn.net/v/t51.2885-19/s150x150/116713279_329296981536344_3404171181868667674_n.jpg?_nc_ht=instagram.fbga1-4.fna.fbcdn.net&_nc_ohc=e_8u8kf3ZDMAX9GL6vk&oh=cb797d66d56f5631c9bff6ad98af462e&oe=5F97C031",
                    "username": "epk"
                },
                "likes_count": 1
            }
        ]
    }
]