[
    {
        "id": 17998823401165385,
        "created_at": 1550170927,
        "text": "Deber\u00edan salir a la calle y escoger a la zar los ni\u00f1os sin tanto rodeo",
        "owner": {
            "id": "4957706325",
            "is_verified": false,
            "profile_pic_url": "https://instagram.fbga1-4.fna.fbcdn.net/v/t51.2885-19/s150x150/40392754_1228058690665440_1279633768667152384_n.jpg?_nc_ht=instagram.fbga1-4.fna.fbcdn.net&_nc_ohc=IAHGdlU2FqEAX9B11IS&oh=fbe1be924c86ff112b57994efcfb0332&oe=5F97B8CC",
            "username": "samrojas2093"
        },
        "likes_count": 0,
        "answers": []
    },
    {
        "id": 18032546194004822,
        "created_at": 1550125332,
        "text": "Pues mi beb\u00e9 y yo seguiremos participando \ud83d\ude0d",
        "owner": {
            "id": "3566062356",
            "is_verified": false,
            "profile_pic_url": "https://instagram.fbga1-4.fna.fbcdn.net/v/t51.2885-19/s150x150/118235112_245852183232357_8973798821284472940_n.jpg?_nc_ht=instagram.fbga1-4.fna.fbcdn.net&_nc_ohc=wTIv5ydJj7kAX86e-KF&oh=afa41c10bbf68c685bead4d6f002e5ac&oe=5F965606",
            "username": "betancurth30"
        },
        "likes_count": 2,
        "answers": []
    },
    {
        "id": 17934938746270983,
        "created_at": 1550101693,
        "text": "Muy mal escogieron dos mellizas y no le dieron oportunidad a mas ni\u00f1os... \ud83d\ude15",
        "owner": {
            "id": "1440866481",
            "is_verified": false,
            "profile_pic_url": "https://instagram.fbga1-4.fna.fbcdn.net/v/t51.2885-19/s150x150/67719820_523664005037549_641112727506386944_n.jpg?_nc_ht=instagram.fbga1-4.fna.fbcdn.net&_nc_ohc=-UiDfzzk9bcAX9Vzu6t&oh=ea695c63ca926013e3d552d9d4612a81&oe=5F950FD7",
            "username": "cruzpinilla"
        },
        "likes_count": 0,
        "answers": [
            {
                "id": 17861542714811039,
                "created_at": 1586970664,
                "text": "@cruzpinilla le dieron oportunidad a una ni\u00f1a m\u00e1s, que es la hermana d la melliza,\ud83d\ude46\u200d\u2640\ufe0f",
                "owner": {
                    "id": "13229219824",
                    "is_verified": false,
                    "profile_pic_url": "https://instagram.fbga1-4.fna.fbcdn.net/v/t51.2885-19/s150x150/82915616_847668222391634_2859091069600006144_n.jpg?_nc_ht=instagram.fbga1-4.fna.fbcdn.net&_nc_ohc=ys-yQtxJex4AX9m-Hu-&oh=0ba9b77bb227b5a1674801a4d79d6ec1&oe=5F950619",
                    "username": "dianacparraq"
                },
                "likes_count": 0
            }
        ]
    },
    {
        "id": 18017762992119994,
        "created_at": 1550091456,
        "text": "MIS AMADAS SOBRINAS NO SON NI\u00d1AS NI RICAS NI DE FAMOSOS.. SIMPLEMENTE SE PARTICIPO Y GANARON Y ESTAMOS FELICES GRACIAS @epk",
        "owner": {
            "id": "5726221506",
            "is_verified": false,
            "profile_pic_url": "https://instagram.fbga1-4.fna.fbcdn.net/v/t51.2885-19/s150x150/93770796_365876634328533_4889596021958508544_n.jpg?_nc_ht=instagram.fbga1-4.fna.fbcdn.net&_nc_ohc=TYtqH7r2qTMAX-5ymyQ&oh=f12b3b98b6f00f1655fb57b64f2df5c5&oe=5F95C915",
            "username": "fernandaosobb"
        },
        "likes_count": 2,
        "answers": []
    },
    {
        "id": 17925660505274643,
        "created_at": 1550058335,
        "text": "Felicidades seven ni\u00f1os felices y con carisma.",
        "owner": {
            "id": "2072757643",
            "is_verified": false,
            "profile_pic_url": "https://instagram.fbga1-4.fna.fbcdn.net/v/t51.2885-19/s150x150/107906348_2948737565253246_1494948980421400818_n.jpg?_nc_ht=instagram.fbga1-4.fna.fbcdn.net&_nc_ohc=m7TsxhbdVIwAX9P4ppt&oh=72b7cd0b9ca2d9af54f0d12c5c84db8b&oe=5F962E1D",
            "username": "romero674"
        },
        "likes_count": 3,
        "answers": []
    },
    {
        "id": 17941945609248287,
        "created_at": 1550029708,
        "text": "Mi hija es Sof\u00eda Gonzalez y primero no soy actriz ni somos ricas as\u00ed que cualquier ni\u00f1o o ni\u00f1a puede tener esta oportunidad. Veo muchos comentarios en donde afirman que ya estos ni\u00f1os son famosos, que son modelos o que si son blancos? \ud83d\ude44\ud83d\ude44por favor si as\u00ed fuera muchos padres no tendr\u00edan la necesidad de inscribir a sus hijos ni de hacer todo el proceso, nosotras trabajamos duro para lograr estar entre los ganadores como se que lo hicieron muchos padres @epk  Gracias por esta oportunidad y por ayudar a que nuestros ni\u00f1os cumplan sus sue\u00f1os\u2665\ufe0f",
        "owner": {
            "id": "4349681644",
            "is_verified": false,
            "profile_pic_url": "https://instagram.fbga1-4.fna.fbcdn.net/v/t51.2885-19/s150x150/117830126_220107492881381_4469807958389225590_n.jpg?_nc_ht=instagram.fbga1-4.fna.fbcdn.net&_nc_ohc=QLN93hA3L9gAX_Bknf8&oh=44ddcf5bee1ae99389923f8b452223d5&oe=5F96CE9C",
            "username": "jessicajuliana7041"
        },
        "likes_count": 10,
        "answers": [
            {
                "id": 18025368169072286,
                "created_at": 1550106767,
                "text": "Gracias hermosa\u2665\ufe0f\u2665\ufe0f\u2665\ufe0f\u2665\ufe0fel a\u00f1o que viene quedar\u00e1 tambi\u00e9n nuestra sofy\ud83d\ude18\ud83d\ude18\ud83e\udd17\ud83e\udd17",
                "owner": {
                    "id": "4349681644",
                    "is_verified": false,
                    "profile_pic_url": "https://instagram.fbga1-4.fna.fbcdn.net/v/t51.2885-19/s150x150/117830126_220107492881381_4469807958389225590_n.jpg?_nc_ht=instagram.fbga1-4.fna.fbcdn.net&_nc_ohc=QLN93hA3L9gAX_Bknf8&oh=44ddcf5bee1ae99389923f8b452223d5&oe=5F96CE9C",
                    "username": "jessicajuliana7041"
                },
                "likes_count": 1
            },
            {
                "id": 18009629983086823,
                "created_at": 1550106498,
                "text": "@jessicajuliana7041 es que con las pintas @epk  todos parecen \"ricos\" ... Tu beb\u00e9 no solo es linda, tiene la chispa, y seguro lo que estaba buscando el jurado! Tu ni\u00f1a merec\u00eda ganar, claro que s\u00ed!!!",
                "owner": {
                    "id": "8609425251",
                    "is_verified": false,
                    "profile_pic_url": "https://instagram.fbga1-4.fna.fbcdn.net/v/t51.2885-19/s150x150/118351791_757611241692560_4355642703700771807_n.jpg?_nc_ht=instagram.fbga1-4.fna.fbcdn.net&_nc_ohc=cKBYfOdVBFoAX9PUAnh&oh=9db8845e41023cbdaf49a8af51912417&oe=5F95B209",
                    "username": "kalu.merlano"
                },
                "likes_count": 2
            },
            {
                "id": 17942787037247214,
                "created_at": 1550107718,
                "text": "@jessicajuliana7041 claarooo nosotras vamos a seguir intentando y seguir vistiendo la moda EPK",
                "owner": {
                    "id": "8609425251",
                    "is_verified": false,
                    "profile_pic_url": "https://instagram.fbga1-4.fna.fbcdn.net/v/t51.2885-19/s150x150/118351791_757611241692560_4355642703700771807_n.jpg?_nc_ht=instagram.fbga1-4.fna.fbcdn.net&_nc_ohc=cKBYfOdVBFoAX9PUAnh&oh=9db8845e41023cbdaf49a8af51912417&oe=5F95B209",
                    "username": "kalu.merlano"
                },
                "likes_count": 0
            }
        ]
    },
    {
        "id": 18006641716136693,
        "created_at": 1550029647,
        "text": "Felicitaciones @soficorazones \ud83e\udd29\ud83d\udc95 mi ni\u00f1a favorita!!!",
        "owner": {
            "id": "2865679396",
            "is_verified": false,
            "profile_pic_url": "https://instagram.fbga1-4.fna.fbcdn.net/v/t51.2885-19/s150x150/73414959_2189695441134762_1374406401056571392_n.jpg?_nc_ht=instagram.fbga1-4.fna.fbcdn.net&_nc_ohc=5nZZ4HXm4NMAX8wnW3D&oh=9a313d4923850d51dd1624841a5c7c02&oe=5F9607C4",
            "username": "sofi.rodriguezm"
        },
        "likes_count": 2,
        "answers": [
            {
                "id": 18002078809147292,
                "created_at": 1550057775,
                "text": "Gracias por tu apoyo\u2665\ufe0f\u2665\ufe0f\u2665\ufe0f\ud83d\ude18\ud83d\ude18\ud83d\ude18\ud83d\ude18\ud83e\udd17\ud83e\udd17\ud83e\udd17\ud83e\udd17",
                "owner": {
                    "id": "8612742923",
                    "is_verified": false,
                    "profile_pic_url": "https://instagram.fbga1-4.fna.fbcdn.net/v/t51.2885-19/s150x150/52514255_596199370855896_6152261611789746176_n.jpg?_nc_ht=instagram.fbga1-4.fna.fbcdn.net&_nc_ohc=qRPIh2q0orAAX-nzpFe&oh=df32dc463d0952c5235a8b0743c52db2&oe=5F94CB8C",
                    "username": "soficorazones"
                },
                "likes_count": 0
            }
        ]
    },
    {
        "id": 17998354018166614,
        "created_at": 1550028151,
        "text": "Nuestro primera participaci\u00f3n y qued\u00e9 absolutamente triste \ud83d\ude13 no quedamos entre los preseleccionados y en 9 d\u00edas recogimos muchos votos terminamos con 2167 coronas y revisando los ni\u00f1os que preselecionaron no ten\u00edan nisiquiera una cantidad como #sasu y sin terminar las etapas \ud83d\ude22 #inclusion desilucionados totalmente  @lauraacunaayala \ud83d\udc66\ud83c\udffb\u267f",
        "owner": {
            "id": "7830132311",
            "is_verified": false,
            "profile_pic_url": "https://instagram.fbga1-4.fna.fbcdn.net/v/t51.2885-19/s150x150/60271012_1955650917872520_8075763956548894720_n.jpg?_nc_ht=instagram.fbga1-4.fna.fbcdn.net&_nc_ohc=tWY7aRxx6I8AX_XWlHR&oh=866d6db7857fe368ea70814981527a26&oe=5F951D69",
            "username": "ayudemosconamorsasu"
        },
        "likes_count": 3,
        "answers": [
            {
                "id": 17969379457216404,
                "created_at": 1550185193,
                "text": "@ayudemosconamorsasu a mi tambien me paso lo mimo mi peque\u00f1a bebe ya tenia mas de 3000 votos y tampoco qued\u00f3 preseleccionada se supone que escogian por la cantidad de coronas.... pero que farsa estrategia de marketing solo para que la gente compre y compre y a la final no son leales con las reglas lastima @epk",
                "owner": {
                    "id": "205905370",
                    "is_verified": false,
                    "profile_pic_url": "https://instagram.fbga1-4.fna.fbcdn.net/v/t51.2885-19/s150x150/115773858_730482341045337_3550470930683864837_n.jpg?_nc_ht=instagram.fbga1-4.fna.fbcdn.net&_nc_ohc=ndS_msU7zqUAX8H9VEa&oh=06936ecaf08e1c5de1ee49894552e54b&oe=5F9895DA",
                    "username": "jekapra33"
                },
                "likes_count": 1
            },
            {
                "id": 17954873398244754,
                "created_at": 1550192264,
                "text": "@jekapra33 \ud83d\ude25\ud83d\ude2d",
                "owner": {
                    "id": "7830132311",
                    "is_verified": false,
                    "profile_pic_url": "https://instagram.fbga1-4.fna.fbcdn.net/v/t51.2885-19/s150x150/60271012_1955650917872520_8075763956548894720_n.jpg?_nc_ht=instagram.fbga1-4.fna.fbcdn.net&_nc_ohc=tWY7aRxx6I8AX_XWlHR&oh=866d6db7857fe368ea70814981527a26&oe=5F951D69",
                    "username": "ayudemosconamorsasu"
                },
                "likes_count": 0
            }
        ]
    },
    {
        "id": 18033366331036068,
        "created_at": 1550026063,
        "text": "Soy fiel de epk .pero con casi nada  lsura busquen otra",
        "owner": {
            "id": "3575803552",
            "is_verified": false,
            "profile_pic_url": "https://instagram.fbga1-4.fna.fbcdn.net/v/t51.2885-19/s150x150/52898974_1258675330963682_5061802323374768128_n.jpg?_nc_ht=instagram.fbga1-4.fna.fbcdn.net&_nc_ohc=M1CyseYwxFIAX_SQ3O2&oh=a3d66f82262ef628271d7a192f04b3a9&oe=5F979C55",
            "username": "clabedy79"
        },
        "likes_count": 0,
        "answers": []
    },
    {
        "id": 17917969513301284,
        "created_at": 1550024899,
        "text": "Solo blancos y ricos",
        "owner": {
            "id": "7190631858",
            "is_verified": false,
            "profile_pic_url": "https://instagram.fbga1-4.fna.fbcdn.net/v/t51.2885-19/s150x150/28427339_341347123018844_1986634520014618624_n.jpg?_nc_ht=instagram.fbga1-4.fna.fbcdn.net&_nc_ohc=JpYCuuB_5JQAX8AQrF4&oh=9a896f821422af87d0da746051d5363e&oe=5F95F113",
            "username": "carmenceciliaamado"
        },
        "likes_count": 2,
        "answers": []
    },
    {
        "id": 18006350596142002,
        "created_at": 1550024784,
        "text": "La m\u00e1s divina es @soficorazones \ud83d\ude0d\ud83d\ude0d\ud83d\ude0d",
        "owner": {
            "id": "541890170",
            "is_verified": false,
            "profile_pic_url": "https://instagram.fbga1-4.fna.fbcdn.net/v/t51.2885-19/s150x150/117908854_907182119691774_756350595524688447_n.jpg?_nc_ht=instagram.fbga1-4.fna.fbcdn.net&_nc_ohc=p4r687STCOEAX-y0Euk&oh=1c637f0bb80317ebb219cf800bb5beb3&oe=5F956483",
            "username": "natybustamantep"
        },
        "likes_count": 1,
        "answers": []
    },
    {
        "id": 18033686605017988,
        "created_at": 1550023088,
        "text": "\ud83d\udc4f\ud83d\udc4f\ud83d\udc4f\ud83d\udc4f\ud83d\udc4f Muy lindos \ud83d\udc4f\ud83d\udc4f\ud83d\udc4f",
        "owner": {
            "id": "1765661657",
            "is_verified": false,
            "profile_pic_url": "https://instagram.fbga1-4.fna.fbcdn.net/v/t51.2885-19/10413844_535993166543949_283078997_a.jpg?_nc_ht=instagram.fbga1-4.fna.fbcdn.net&_nc_ohc=x9Vf6ck77tcAX_4l03l&oh=ee03ec83210d5b9bd8d2aacd1c7c3fc0&oe=5F95FF48",
            "username": "daleahumada"
        },
        "likes_count": 1,
        "answers": []
    },
    {
        "id": 17865437866317939,
        "created_at": 1550022214,
        "text": "Si que bien ser\u00eda que saliera un ni\u00f1o afro, un mulato y un ind\u00edgena por que la marca epk debe ser una marca incluyente y que por lo menos respeten los concursantes que participan por que no he visto ni\u00f1os de estratos 2 o 3.",
        "owner": {
            "id": "1603239778",
            "is_verified": false,
            "profile_pic_url": "https://instagram.fbga1-4.fna.fbcdn.net/v/t51.2885-19/s150x150/12519542_669059983232051_985498871_a.jpg?_nc_ht=instagram.fbga1-4.fna.fbcdn.net&_nc_ohc=Ly8xY65MmF8AX8h9Puw&oh=93ceef99c388847fefcea16e7998d491&oe=5F95D2A0",
            "username": "yasefuentes"
        },
        "likes_count": 4,
        "answers": [
            {
                "id": 18032765842024237,
                "created_at": 1550067712,
                "text": "@yasefuentes \ud83d\udc4d",
                "owner": {
                    "id": "8485559512",
                    "is_verified": false,
                    "profile_pic_url": "https://instagram.fbga1-4.fna.fbcdn.net/v/t51.2885-19/s150x150/39011822_554833021602111_1341493366587654144_n.jpg?_nc_ht=instagram.fbga1-4.fna.fbcdn.net&_nc_ohc=-nuRPy6nXqsAX-07GGm&oh=4f00bf64f4472f1dad7078b40687a6bd&oe=5F98086B",
                    "username": "liliacostaramirez"
                },
                "likes_count": 0
            },
            {
                "id": 18001280341156864,
                "created_at": 1550112519,
                "text": "@yasefuentes y asiaticos",
                "owner": {
                    "id": "7979601832",
                    "is_verified": false,
                    "profile_pic_url": "https://instagram.fbga1-4.fna.fbcdn.net/v/t51.2885-19/s150x150/78794500_440349266858128_5389057541177081856_n.jpg?_nc_ht=instagram.fbga1-4.fna.fbcdn.net&_nc_ohc=T1XdSg73rSoAX_mzbF2&oh=8b77f2131e83ef38af256cada95cf2d6&oe=5F982D5F",
                    "username": "supermodel.lee"
                },
                "likes_count": 0
            },
            {
                "id": 17968174960221731,
                "created_at": 1550027774,
                "text": "@yasefuentes y ni\u00f1os con alguna condici\u00f3n",
                "owner": {
                    "id": "7830132311",
                    "is_verified": false,
                    "profile_pic_url": "https://instagram.fbga1-4.fna.fbcdn.net/v/t51.2885-19/s150x150/60271012_1955650917872520_8075763956548894720_n.jpg?_nc_ht=instagram.fbga1-4.fna.fbcdn.net&_nc_ohc=tWY7aRxx6I8AX_XWlHR&oh=866d6db7857fe368ea70814981527a26&oe=5F951D69",
                    "username": "ayudemosconamorsasu"
                },
                "likes_count": 0
            }
        ]
    },
    {
        "id": 18007438264141562,
        "created_at": 1550021894,
        "text": "\ud83d\ude0d love modelo epk",
        "owner": {
            "id": "1532432538",
            "is_verified": false,
            "profile_pic_url": "https://instagram.fbga1-4.fna.fbcdn.net/v/t51.2885-19/s150x150/26297297_556535761350980_8814719131434614784_n.jpg?_nc_ht=instagram.fbga1-4.fna.fbcdn.net&_nc_ohc=_YjPG7WlfsYAX9-rsxt&oh=f31df9aff3b048d0e907b4f43c8abb9f&oe=5F974703",
            "username": "maas.studio"
        },
        "likes_count": 0,
        "answers": [
            {
                "id": 18002326213159180,
                "created_at": 1550069640,
                "text": "@maas.studio \u2764\ufe0f\u2764\ufe0f",
                "owner": {
                    "id": "208034677",
                    "is_verified": true,
                    "profile_pic_url": "https://instagram.fbga1-4.fna.fbcdn.net/v/t51.2885-19/s150x150/116713279_329296981536344_3404171181868667674_n.jpg?_nc_ht=instagram.fbga1-4.fna.fbcdn.net&_nc_ohc=e_8u8kf3ZDMAX9GL6vk&oh=cb797d66d56f5631c9bff6ad98af462e&oe=5F97C031",
                    "username": "epk"
                },
                "likes_count": 1
            }
        ]
    },
    {
        "id": 18004309294132180,
        "created_at": 1550021602,
        "text": "\ud83d\ude15asi es solo ni\u00f1os ricos",
        "owner": {
            "id": "1115101061",
            "is_verified": false,
            "profile_pic_url": "https://instagram.fbga1-4.fna.fbcdn.net/v/t51.2885-19/s150x150/117843946_1057391998025418_286491733752878069_n.jpg?_nc_ht=instagram.fbga1-4.fna.fbcdn.net&_nc_ohc=EGQ_6WgTjv0AX98z8qu&oh=1162f6e2f296d9aa039a5c83be23650a&oe=5F9605C7",
            "username": "katherynbenavids"
        },
        "likes_count": 2,
        "answers": []
    },
    {
        "id": 18008876590083165,
        "created_at": 1550021489,
        "text": "Hay Martina y salo como est\u00e1n de grandes  las princesas \ud83d\ude0d\ud83d\ude0dbien merecido",
        "owner": {
            "id": "1180803744",
            "is_verified": false,
            "profile_pic_url": "https://instagram.fkdt1-1.fna.fbcdn.net/v/t51.2885-19/44884218_345707102882519_2446069589734326272_n.jpg?_nc_ht=instagram.fkdt1-1.fna.fbcdn.net&_nc_ohc=RLYRR3IenIMAX87FHaz&oh=3c74df96b3e784fbd89a86f591a3846c&oe=5F96310F&ig_cache_key=YW5vbnltb3VzX3Byb2ZpbGVfcGlj.2",
            "username": "angelicarendon19"
        },
        "likes_count": 2,
        "answers": []
    },
    {
        "id": 18001184548154791,
        "created_at": 1550020777,
        "text": "\ud83d\ude0d\ud83d\ude0d\ud83d\ude0d",
        "owner": {
            "id": "55905041",
            "is_verified": false,
            "profile_pic_url": "https://instagram.fbga1-4.fna.fbcdn.net/v/t51.2885-19/s150x150/10731618_1204043246288869_1815120425_a.jpg?_nc_ht=instagram.fbga1-4.fna.fbcdn.net&_nc_ohc=q17Shb2XjRUAX8Z3Kg2&oh=2786028bd69dcf3ef8d6791900308992&oe=5F977A72",
            "username": "isabellacuello"
        },
        "likes_count": 1,
        "answers": []
    },
    {
        "id": 17998180111163627,
        "created_at": 1550018248,
        "text": "Parecen modelos todos!!!",
        "owner": {
            "id": "4011497095",
            "is_verified": false,
            "profile_pic_url": "https://instagram.fbga1-4.fna.fbcdn.net/v/t51.2885-19/s150x150/118961154_349675303078540_5966270189172481120_n.jpg?_nc_ht=instagram.fbga1-4.fna.fbcdn.net&_nc_ohc=TTiUYeaVyMwAX9jnSnf&oh=67084c55bc90a74788e9dc61aabfaa64&oe=5F9591B0",
            "username": "kasovera2"
        },
        "likes_count": 1,
        "answers": []
    },
    {
        "id": 17869924108308308,
        "created_at": 1550016978,
        "text": "Claro...gente ricas",
        "owner": {
            "id": "2230882685",
            "is_verified": false,
            "profile_pic_url": "https://instagram.fbga1-4.fna.fbcdn.net/v/t51.2885-19/s150x150/118594895_178908557008905_9091299655141436965_n.jpg?_nc_ht=instagram.fbga1-4.fna.fbcdn.net&_nc_ohc=q4nZF3ShAzsAX_iQubs&oh=d38bff284d8cf3a8ccd0d462f9c9b820&oe=5F953284",
            "username": "jorneth21"
        },
        "likes_count": 0,
        "answers": []
    },
    {
        "id": 17969329606213077,
        "created_at": 1550015220,
        "text": "Puros hijos de artistas",
        "owner": {
            "id": "1436303880",
            "is_verified": false,
            "profile_pic_url": "https://instagram.fbga1-4.fna.fbcdn.net/v/t51.2885-19/10576205_598438346944401_1117296062_a.jpg?_nc_ht=instagram.fbga1-4.fna.fbcdn.net&_nc_ohc=P9jGg5tvPkgAX-YFpzW&oh=ceb7e98701851ea49fb8791d1e7a3512&oe=5F96AEB2",
            "username": "isabel.desousa.98"
        },
        "likes_count": 0,
        "answers": []
    },
    {
        "id": 18017337838100767,
        "created_at": 1550015187,
        "text": "que Lastima que epk se fue de Venezuela espero vuelvan pronto @epk",
        "owner": {
            "id": "1526176869",
            "is_verified": false,
            "profile_pic_url": "https://instagram.fbga1-4.fna.fbcdn.net/v/t51.2885-19/s150x150/117123959_606894993598340_3963908630143007716_n.jpg?_nc_ht=instagram.fbga1-4.fna.fbcdn.net&_nc_ohc=V5ojVKVPHloAX9msrrW&oh=ce6fdc21d0dee421513229561c735ba2&oe=5F95DABE",
            "username": "casakardesing"
        },
        "likes_count": 2,
        "answers": []
    },
    {
        "id": 17851751428351010,
        "created_at": 1550014706,
        "text": "@epk inclusi\u00f3n compro y compro sigo la.metodoligia para poder participar y ninguna respuesta que sera!",
        "owner": {
            "id": "3728269818",
            "is_verified": false,
            "profile_pic_url": "https://instagram.fbga1-4.fna.fbcdn.net/v/t51.2885-19/s150x150/118883381_1908666452607075_7688993596233880155_n.jpg?_nc_ht=instagram.fbga1-4.fna.fbcdn.net&_nc_ohc=UHRjNsXJfQ8AX8-eSLt&oh=952936b9838e52689a2ba061443a935e&oe=5F974C8A",
            "username": "claugomez1126"
        },
        "likes_count": 1,
        "answers": []
    },
    {
        "id": 18005770945190346,
        "created_at": 1550014530,
        "text": "Solo ni\u00f1os ricos y nada de ni\u00f1os afrooooo\ud83d\ude4c\ud83d\ude4c",
        "owner": {
            "id": "1439661196",
            "is_verified": false,
            "profile_pic_url": "https://instagram.fbga1-4.fna.fbcdn.net/v/t51.2885-19/s150x150/33738030_798303730366869_6486890463805571072_n.jpg?_nc_ht=instagram.fbga1-4.fna.fbcdn.net&_nc_ohc=7oJxQhc1FwYAX_1fDRt&oh=ab5170ec4883f793ee4a1482620311fb&oe=5F9664EF",
            "username": "nora.grajales.96"
        },
        "likes_count": 8,
        "answers": []
    },
    {
        "id": 18023955364075385,
        "created_at": 1550013716,
        "text": "\ud83d\udc4f\ud83c\udffc\ud83d\udc4f\ud83c\udffc\ud83d\udc4f\ud83c\udffc\ud83d\udc4f\ud83c\udffc",
        "owner": {
            "id": "9896280",
            "is_verified": false,
            "profile_pic_url": "https://instagram.fbga1-4.fna.fbcdn.net/v/t51.2885-19/s150x150/39300576_951932918331458_8311739046158139392_n.jpg?_nc_ht=instagram.fbga1-4.fna.fbcdn.net&_nc_ohc=9f_-Lubas8UAX_QUKBI&oh=3b920c419f2a74c728296b9af10b36ef&oe=5F97E265",
            "username": "sjanna"
        },
        "likes_count": 0,
        "answers": []
    },
    {
        "id": 18017017705108903,
        "created_at": 1550013465,
        "text": "Solo beb\u00e9s blancos",
        "owner": {
            "id": "3403538718",
            "is_verified": false,
            "profile_pic_url": "https://instagram.fbga1-4.fna.fbcdn.net/v/t51.2885-19/s150x150/103921974_543881649613049_4283252025274608668_n.jpg?_nc_ht=instagram.fbga1-4.fna.fbcdn.net&_nc_ohc=cwbSjJg5T0QAX8UKlHu&oh=e6598ee09fa041e49e5612e441fda682&oe=5F96262B",
            "username": "daniela_1998tp"
        },
        "likes_count": 12,
        "answers": [
            {
                "id": 18016964218129881,
                "created_at": 1550015383,
                "text": "@daniela_1998tp muy cierto.",
                "owner": {
                    "id": "3672721307",
                    "profile_pic_url": "https://instagram.fbga1-4.fna.fbcdn.net/v/t51.2885-19/s150x150/91401281_510322609657443_4013432168272363520_n.jpg?_nc_ht=instagram.fbga1-4.fna.fbcdn.net&_nc_ohc=_hOZLaLrFbUAX_Pzv8T&oh=512d5f57185cbebd52405e1e5b65c81c&oe=5F96DB56",
                    "username": "lisancor21"
                },
                "likes_count": 0
            }
        ]
    },
    {
        "id": 17858452975329740,
        "created_at": 1550013323,
        "text": "Divinosss. \ud83d\udc4f\ud83c\udffb\ud83d\udc4f\ud83c\udffb\ud83d\udc4f\ud83c\udffb",
        "owner": {
            "id": "35886073",
            "is_verified": false,
            "profile_pic_url": "https://instagram.fbga1-4.fna.fbcdn.net/v/t51.2885-19/s150x150/40526679_304948606723295_1092455666523570176_n.jpg?_nc_ht=instagram.fbga1-4.fna.fbcdn.net&_nc_ohc=uF0j0OxiH8sAX-ONVYc&oh=89d91fdc9036e34b69ba44e6e9d396fe&oe=5F983116",
            "username": "carogaviria6"
        },
        "likes_count": 0,
        "answers": []
    },
    {
        "id": 17915798983302533,
        "created_at": 1550013242,
        "text": "Obvio ac\u00e1 solo gana ni\u00f1os ricos no un ni\u00f1o del com\u00fan\ud83d\ude22",
        "owner": {
            "id": "3256585414",
            "is_verified": false,
            "profile_pic_url": "https://instagram.fbga1-4.fna.fbcdn.net/v/t51.2885-19/s150x150/54513266_440570286752127_3284872124207988736_n.jpg?_nc_ht=instagram.fbga1-4.fna.fbcdn.net&_nc_ohc=MUjm6nYQE64AX_65C3E&oh=dd85190a3ba88ade70820a015b65257f&oe=5F961097",
            "username": "gladysmontoyamarin"
        },
        "likes_count": 21,
        "answers": [
            {
                "id": 18016926061104382,
                "created_at": 1550027701,
                "text": "@gladysmontoyamarin ni un un ni\u00f1o con condici\u00f3n \ud83d\ude13",
                "owner": {
                    "id": "7830132311",
                    "profile_pic_url": "https://instagram.fbga1-4.fna.fbcdn.net/v/t51.2885-19/s150x150/60271012_1955650917872520_8075763956548894720_n.jpg?_nc_ht=instagram.fbga1-4.fna.fbcdn.net&_nc_ohc=tWY7aRxx6I8AX_XWlHR&oh=866d6db7857fe368ea70814981527a26&oe=5F951D69",
                    "username": "ayudemosconamorsasu"
                },
                "likes_count": 1
            },
            {
                "id": 18006888118143592,
                "created_at": 1550025820,
                "text": "@gladysmontoyamarin Concuerdo...",
                "owner": {
                    "id": "355087345",
                    "profile_pic_url": "https://instagram.fbga1-4.fna.fbcdn.net/v/t51.2885-19/s150x150/100859059_1116009048768555_5975324266457989120_n.jpg?_nc_ht=instagram.fbga1-4.fna.fbcdn.net&_nc_ohc=LlCdz0lxFO0AX8wy7kq&oh=9cbb4b1ccd055bf43aa61263ab757289&oe=5F97FD37",
                    "username": "aledecali"
                },
                "likes_count": 0
            },
            {
                "id": 17915957656302302,
                "created_at": 1550112414,
                "text": "@gladysmontoyamarin ni un ni\u00f1o extranjero",
                "owner": {
                    "id": "7979601832",
                    "profile_pic_url": "https://instagram.fbga1-4.fna.fbcdn.net/v/t51.2885-19/s150x150/78794500_440349266858128_5389057541177081856_n.jpg?_nc_ht=instagram.fbga1-4.fna.fbcdn.net&_nc_ohc=T1XdSg73rSoAX_mzbF2&oh=8b77f2131e83ef38af256cada95cf2d6&oe=5F982D5F",
                    "username": "supermodel.lee"
                },
                "likes_count": 3
            }
        ]
    },
    {
        "id": 17972604493203406,
        "created_at": 1550013231,
        "text": "Que mi bebe sea epk",
        "owner": {
            "id": "9066166656",
            "is_verified": false,
            "profile_pic_url": "https://instagram.fkdt1-1.fna.fbcdn.net/v/t51.2885-19/44884218_345707102882519_2446069589734326272_n.jpg?_nc_ht=instagram.fkdt1-1.fna.fbcdn.net&_nc_ohc=RLYRR3IenIMAX87FHaz&oh=3c74df96b3e784fbd89a86f591a3846c&oe=5F96310F&ig_cache_key=YW5vbnltb3VzX3Byb2ZpbGVfcGlj.2",
            "username": "dianapcastillogarcia"
        },
        "likes_count": 0,
        "answers": []
    },
    {
        "id": 18006645340138892,
        "created_at": 1550013218,
        "text": "Yo quiero",
        "owner": {
            "id": "9066166656",
            "is_verified": false,
            "profile_pic_url": "https://instagram.fkdt1-1.fna.fbcdn.net/v/t51.2885-19/44884218_345707102882519_2446069589734326272_n.jpg?_nc_ht=instagram.fkdt1-1.fna.fbcdn.net&_nc_ohc=RLYRR3IenIMAX87FHaz&oh=3c74df96b3e784fbd89a86f591a3846c&oe=5F96310F&ig_cache_key=YW5vbnltb3VzX3Byb2ZpbGVfcGlj.2",
            "username": "dianapcastillogarcia"
        },
        "likes_count": 0,
        "answers": []
    },
    {
        "id": 18008491003082385,
        "created_at": 1550013093,
        "text": "\ud83e\udd29\ud83e\udd29\ud83e\udd29\ud83e\udd29",
        "owner": {
            "id": "193513386",
            "is_verified": true,
            "profile_pic_url": "https://instagram.fbga1-4.fna.fbcdn.net/v/t51.2885-19/s150x150/23101659_1522943334438010_4318393834338779136_n.jpg?_nc_ht=instagram.fbga1-4.fna.fbcdn.net&_nc_ohc=ZKq2Spk2eZgAX8ixx_L&oh=53a12df6b55ab457764a23c414b15d36&oe=5F962063",
            "username": "dianajanna"
        },
        "likes_count": 8,
        "answers": [
            {
                "id": 18001825318144414,
                "created_at": 1550013886,
                "text": "@dianajanna \ud83d\ude4c\ud83d\ude0a",
                "owner": {
                    "id": "208034677",
                    "is_verified": true,
                    "profile_pic_url": "https://instagram.fbga1-4.fna.fbcdn.net/v/t51.2885-19/s150x150/116713279_329296981536344_3404171181868667674_n.jpg?_nc_ht=instagram.fbga1-4.fna.fbcdn.net&_nc_ohc=e_8u8kf3ZDMAX9GL6vk&oh=cb797d66d56f5631c9bff6ad98af462e&oe=5F97C031",
                    "username": "epk"
                },
                "likes_count": 0
            }
        ]
    }
]