[
    {
        "id": 18054121204041212,
        "created_at": 1554950486,
        "text": "\u2764\ufe0f",
        "owner": {
            "id": "375760050",
            "is_verified": false,
            "profile_pic_url": "https://instagram.fbga1-4.fna.fbcdn.net/v/t51.2885-19/10597461_553919671386925_1025138751_a.jpg?_nc_ht=instagram.fbga1-4.fna.fbcdn.net&_nc_ohc=a6loL_lV2bEAX9Kgvj6&oh=a23b696efeb5be8954ee4cf57b40037e&oe=5F987CD6",
            "username": "mariatsamper"
        },
        "likes_count": 1,
        "answers": []
    },
    {
        "id": 17944201063274025,
        "created_at": 1554942050,
        "text": "K preciosura p mi princesa lastima k estoy lejos esperar k llegue \ud83d\ude14\ud83d\udc4d\ud83d\ude09",
        "owner": {
            "id": "4220591894",
            "is_verified": false,
            "profile_pic_url": "https://instagram.fbga1-4.fna.fbcdn.net/v/t51.2885-19/s150x150/119785683_372715420425377_5120637903384292475_n.jpg?_nc_ht=instagram.fbga1-4.fna.fbcdn.net&_nc_ohc=FUo_GVCX4bgAX-cn89C&oh=2abab0aef8ada023979a7723b52d3b18&oe=5F98388A",
            "username": "stellalachikita2016"
        },
        "likes_count": 2,
        "answers": [
            {
                "id": 17977464877232337,
                "created_at": 1554998037,
                "text": "@stellalachikita2016 Te esperamos stella! \u2764\ufe0f",
                "owner": {
                    "id": "208034677",
                    "is_verified": true,
                    "profile_pic_url": "https://instagram.fbga1-4.fna.fbcdn.net/v/t51.2885-19/s150x150/116713279_329296981536344_3404171181868667674_n.jpg?_nc_ht=instagram.fbga1-4.fna.fbcdn.net&_nc_ohc=e_8u8kf3ZDMAX9GL6vk&oh=cb797d66d56f5631c9bff6ad98af462e&oe=5F97C031",
                    "username": "epk"
                },
                "likes_count": 0
            }
        ]
    }
]