{
    "instaloader": {
        "node_type": "Post",
        "version": "4.5.3"
    },
    "node": {
        "__typename": "GraphVideo",
        "caption_is_edited": false,
        "commenting_disabled_for_viewer": false,
        "comments_disabled": false,
        "dash_info": {
            "is_dash_eligible": false,
            "number_of_qualities": 0,
            "video_dash_manifest": null
        },
        "dimensions": {
            "height": 1080,
            "width": 1080
        },
        "display_resources": [
            {
                "config_height": 640,
                "config_width": 640,
                "src": "https://instagram.fbga1-4.fna.fbcdn.net/v/t51.2885-15/sh0.08/e35/s640x640/64438241_320985298832776_3871087417259108410_n.jpg?_nc_ht=instagram.fbga1-4.fna.fbcdn.net&_nc_cat=104&_nc_ohc=jlOHucmwtDAAX_MHvZt&oh=14e071c58b4a7c8cd68d627d1d6ce961&oe=5F6F63DD"
            },
            {
                "config_height": 750,
                "config_width": 750,
                "src": "https://instagram.fbga1-4.fna.fbcdn.net/v/t51.2885-15/sh0.08/e35/s750x750/64438241_320985298832776_3871087417259108410_n.jpg?_nc_ht=instagram.fbga1-4.fna.fbcdn.net&_nc_cat=104&_nc_ohc=jlOHucmwtDAAX_MHvZt&oh=40319944c5c002c528d4bfc532a5ed8d&oe=5F6F515D"
            },
            {
                "config_height": 1080,
                "config_width": 1080,
                "src": "https://instagram.fbga1-4.fna.fbcdn.net/v/t51.2885-15/e35/64438241_320985298832776_3871087417259108410_n.jpg?_nc_ht=instagram.fbga1-4.fna.fbcdn.net&_nc_cat=104&_nc_ohc=jlOHucmwtDAAX_MHvZt&_nc_tp=18&oh=6ba17f12ecd0286e8e2974ca2ed50759&oe=5F6F85FA"
            }
        ],
        "display_url": "https://instagram.fbga1-4.fna.fbcdn.net/v/t51.2885-15/e35/64438241_320985298832776_3871087417259108410_n.jpg?_nc_ht=instagram.fbga1-4.fna.fbcdn.net&_nc_cat=104&_nc_ohc=jlOHucmwtDAAX_MHvZt&_nc_tp=18&oh=6ba17f12ecd0286e8e2974ca2ed50759&oe=5F6F85FA",
        "edge_media_preview_like": {
            "count": 219,
            "edges": []
        },
        "edge_media_to_caption": {
            "edges": [
                {
                    "node": {
                        "text": "\u00a1Se acerca el fin de semana! California trae looks espectaculares para ti y tus amigos.\n\n#EPKCalifornia2019\n\n#EPK #ModaInfantil #Ni\u00f1os #Ni\u00f1as #Kids #Tendencias #Fashion #SoyEPK #EPKmegusta #EPKmeencanta"
                    }
                }
            ]
        },
        "edge_media_to_comment": {
            "count": 3,
            "edges": [],
            "page_info": {
                "end_cursor": "",
                "has_next_page": true
            }
        },
        "edge_media_to_sponsor_user": {
            "edges": []
        },
        "edge_media_to_tagged_user": {
            "edges": []
        },
        "edge_web_media_to_related_media": {
            "edges": []
        },
        "encoding_status": null,
        "fact_check_information": null,
        "fact_check_overall_rating": null,
        "gating_info": null,
        "has_ranked_comments": false,
        "id": "2065426157483162552",
        "is_ad": false,
        "is_published": true,
        "is_video": true,
        "location": null,
        "media_preview": null,
        "owner": {
            "biography": "Bienvenido a la cuenta oficial de EPK. \nModa infantil en tendencia, un #LookEPK para cada ocasi\u00f3n.",
            "blocked_by_viewer": false,
            "business_category_name": "Personal Goods & General Merchandise Stores",
            "business_email": "info@epk.com",
            "category_enum": "CHILDRENS_CLOTHING_STORE",
            "connected_fb_page": null,
            "country_block": false,
            "edge_follow": {
                "count": 9
            },
            "edge_followed_by": {
                "count": 765277
            },
            "edge_mutual_followed_by": {
                "count": 0,
                "edges": []
            },
            "edge_related_profiles": {
                "edges": [
                    {
                        "node": {
                            "full_name": "Laurita Acun\u0303a",
                            "id": "54406925",
                            "is_private": false,
                            "is_verified": true,
                            "profile_pic_url": "https://instagram.fbga1-4.fna.fbcdn.net/v/t51.2885-19/s150x150/116752108_1674171839418913_6429239951265148496_n.jpg?_nc_ht=instagram.fbga1-4.fna.fbcdn.net&_nc_ohc=Yi5RcYZ42GQAX9woIMH&oh=3aee2283c678e7c804733fb566031d1b&oe=5F95D10B",
                            "username": "lauraacunaayala"
                        }
                    },
                    {
                        "node": {
                            "full_name": "Ve\u0301lez for Leather Lovers",
                            "id": "301076131",
                            "is_private": false,
                            "is_verified": true,
                            "profile_pic_url": "https://instagram.fbga1-4.fna.fbcdn.net/v/t51.2885-19/s150x150/119183881_167664594939091_7522221367920243819_n.jpg?_nc_ht=instagram.fbga1-4.fna.fbcdn.net&_nc_ohc=dsaqi9xuPHUAX-oJndT&oh=1d17588ed13a16e48eb85d29442911d6&oe=5F98761F",
                            "username": "velezforleatherlovers"
                        }
                    },
                    {
                        "node": {
                            "full_name": "Andrea Serna",
                            "id": "253203290",
                            "is_private": false,
                            "is_verified": true,
                            "profile_pic_url": "https://instagram.fbga1-4.fna.fbcdn.net/v/t51.2885-19/s150x150/13188134_1144364565581964_1724415350_a.jpg?_nc_ht=instagram.fbga1-4.fna.fbcdn.net&_nc_ohc=NPt2QdEgck8AX_6ovY8&oh=458da3396975775eb216db6cd0e0977b&oe=5F96A827",
                            "username": "andreasernafotos"
                        }
                    },
                    {
                        "node": {
                            "full_name": "Cata G\u00f3mez",
                            "id": "1191019715",
                            "is_private": false,
                            "is_verified": true,
                            "profile_pic_url": "https://instagram.fbga1-4.fna.fbcdn.net/v/t51.2885-19/s150x150/12142443_1511349362518491_1826099045_a.jpg?_nc_ht=instagram.fbga1-4.fna.fbcdn.net&_nc_ohc=9KdBSPFsUsAAX9jwMR_&oh=436a1955b45e0a74fc7215af04b12cce&oe=5F959060",
                            "username": "apuntesdecata"
                        }
                    },
                    {
                        "node": {
                            "full_name": "La Red Caracol",
                            "id": "457424330",
                            "is_private": false,
                            "is_verified": true,
                            "profile_pic_url": "https://instagram.fbga1-4.fna.fbcdn.net/v/t51.2885-19/s150x150/106063742_619560818917126_2931329653253372322_n.jpg?_nc_ht=instagram.fbga1-4.fna.fbcdn.net&_nc_ohc=i5FTJdlbjd0AX9Vs6hL&oh=e4268b2359ba9f1b0d94450fdd99830b&oe=5F968EA8",
                            "username": "laredcaracoltv"
                        }
                    },
                    {
                        "node": {
                            "full_name": "Daniella Alvarez",
                            "id": "256779097",
                            "is_private": false,
                            "is_verified": true,
                            "profile_pic_url": "https://instagram.fbga1-4.fna.fbcdn.net/v/t51.2885-19/s150x150/117302054_115660623577028_6681978611380119848_n.jpg?_nc_ht=instagram.fbga1-4.fna.fbcdn.net&_nc_ohc=v7NRwbHKUzMAX8ftz5J&oh=bc5006b0f70d7ed5e1007dbe6ee2ef9b&oe=5F9570C6",
                            "username": "danielaalvareztv"
                        }
                    },
                    {
                        "node": {
                            "full_name": "Jessica Cediel",
                            "id": "196174954",
                            "is_private": false,
                            "is_verified": true,
                            "profile_pic_url": "https://instagram.fbga1-4.fna.fbcdn.net/v/t51.2885-19/s150x150/119779346_211009543702486_8041850253770016049_n.jpg?_nc_ht=instagram.fbga1-4.fna.fbcdn.net&_nc_ohc=HNUjUi2JCv4AX9cZJmc&oh=a7b4a08d8aa3b0b86443b63c92eb1f73&oe=5F95B99F",
                            "username": "jessicacedielnet"
                        }
                    },
                    {
                        "node": {
                            "full_name": "Johana Bahamo\u0301n",
                            "id": "26936639",
                            "is_private": false,
                            "is_verified": true,
                            "profile_pic_url": "https://instagram.fbga1-4.fna.fbcdn.net/v/t51.2885-19/s150x150/106495505_391403931818438_1556212512374780832_n.jpg?_nc_ht=instagram.fbga1-4.fna.fbcdn.net&_nc_ohc=EAYZlOqaOWAAX_JHjpE&oh=de39fe9250035d50e4d127d308da0311&oe=5F97837D",
                            "username": "johana_bahamon_"
                        }
                    },
                    {
                        "node": {
                            "full_name": "BOSI",
                            "id": "232286468",
                            "is_private": false,
                            "is_verified": true,
                            "profile_pic_url": "https://instagram.fbga1-4.fna.fbcdn.net/v/t51.2885-19/s150x150/73512746_518727375344437_2571377219100213248_n.jpg?_nc_ht=instagram.fbga1-4.fna.fbcdn.net&_nc_ohc=0QM-bu6x3kYAX-KVUea&oh=08134978f23add8483a149b7d27d088f&oe=5F968923",
                            "username": "mybosi"
                        }
                    },
                    {
                        "node": {
                            "full_name": "Esprit Colombia",
                            "id": "7844403557",
                            "is_private": false,
                            "is_verified": true,
                            "profile_pic_url": "https://instagram.fbga1-4.fna.fbcdn.net/v/t51.2885-19/s150x150/39506738_2123610524528551_7104097317443076096_n.jpg?_nc_ht=instagram.fbga1-4.fna.fbcdn.net&_nc_ohc=0McSO99o11MAX8ocPho&oh=598ca1ef7978084cd3e77ab77ecba954&oe=5F96F317",
                            "username": "espritcolombia"
                        }
                    },
                    {
                        "node": {
                            "full_name": "Petit Bowtique",
                            "id": "649008006",
                            "is_private": false,
                            "is_verified": false,
                            "profile_pic_url": "https://instagram.fbga1-4.fna.fbcdn.net/v/t51.2885-19/s150x150/93795345_664012891087394_7802970753715929088_n.jpg?_nc_ht=instagram.fbga1-4.fna.fbcdn.net&_nc_ohc=ed2vt2EPjf0AX9iMtBK&oh=797fc47acf0fa33774494bd5daa69bf5&oe=5F97415B",
                            "username": "petit_bowtique"
                        }
                    },
                    {
                        "node": {
                            "full_name": "\ud83c\udf08Con amor Boutique infantil\u00ae\ud83e\udd84",
                            "id": "1013340274",
                            "is_private": false,
                            "is_verified": false,
                            "profile_pic_url": "https://instagram.fbga1-4.fna.fbcdn.net/v/t51.2885-19/s150x150/115809349_1251415978540978_2040151427953163845_n.jpg?_nc_ht=instagram.fbga1-4.fna.fbcdn.net&_nc_ohc=qy_guJC4_ksAX_XMsk7&oh=7f7cb6355a3d4dc7082665373f09e82e&oe=5F94E67E",
                            "username": "conamor_boutiqueinfantil"
                        }
                    }
                ]
            },
            "external_url": "http://www.epk.com/",
            "external_url_linkshimmed": "https://l.instagram.com/?u=http%3A%2F%2Fwww.epk.com%2F&e=ATMjiqyhbD5DYtgKDkSHbZe8WaKJEDksEOIGyL0HCZl4nFF2t4GBgFG9eYktp2j_nfYoiMEe1ed9EyOV&s=1",
            "followed_by_viewer": false,
            "follows_viewer": false,
            "full_name": "EPK",
            "has_ar_effects": false,
            "has_blocked_viewer": false,
            "has_channel": false,
            "has_clips": false,
            "has_guides": false,
            "has_requested_viewer": false,
            "highlight_reel_count": 9,
            "id": "208034677",
            "is_business_account": true,
            "is_joined_recently": false,
            "is_private": false,
            "is_verified": true,
            "overall_category_name": null,
            "profile_pic_url": "https://instagram.fbga1-4.fna.fbcdn.net/v/t51.2885-19/s150x150/116713279_329296981536344_3404171181868667674_n.jpg?_nc_ht=instagram.fbga1-4.fna.fbcdn.net&_nc_ohc=e_8u8kf3ZDMAX9GL6vk&oh=cb797d66d56f5631c9bff6ad98af462e&oe=5F97C031",
            "profile_pic_url_hd": "https://instagram.fbga1-4.fna.fbcdn.net/v/t51.2885-19/s320x320/116713279_329296981536344_3404171181868667674_n.jpg?_nc_ht=instagram.fbga1-4.fna.fbcdn.net&_nc_ohc=e_8u8kf3ZDMAX9GL6vk&oh=60bd6a90c3930edf10b1b6fc6f56f5da&oe=5F95C449",
            "requested_by_viewer": false,
            "restricted_by_viewer": null,
            "username": "epk"
        },
        "product_type": "feed",
        "shortcode": "Byp3iWqlXu4",
        "taken_at_timestamp": 1560438015,
        "thumbnail_resources": [
            {
                "config_height": 150,
                "config_width": 150,
                "src": "https://instagram.fbga1-4.fna.fbcdn.net/v/t51.2885-15/e35/s150x150/64438241_320985298832776_3871087417259108410_n.jpg?_nc_ht=instagram.fbga1-4.fna.fbcdn.net&_nc_cat=104&_nc_ohc=jlOHucmwtDAAX_MHvZt&_nc_tp=15&oh=2f2b1e4a38e8ceeace775bdcaac5a0df&oe=5F6F3B7C"
            },
            {
                "config_height": 240,
                "config_width": 240,
                "src": "https://instagram.fbga1-4.fna.fbcdn.net/v/t51.2885-15/e35/s240x240/64438241_320985298832776_3871087417259108410_n.jpg?_nc_ht=instagram.fbga1-4.fna.fbcdn.net&_nc_cat=104&_nc_ohc=jlOHucmwtDAAX_MHvZt&_nc_tp=15&oh=b33e4da4881a99dc4ba3d63d3566a423&oe=5F6F3F72"
            },
            {
                "config_height": 320,
                "config_width": 320,
                "src": "https://instagram.fbga1-4.fna.fbcdn.net/v/t51.2885-15/e35/s320x320/64438241_320985298832776_3871087417259108410_n.jpg?_nc_ht=instagram.fbga1-4.fna.fbcdn.net&_nc_cat=104&_nc_ohc=jlOHucmwtDAAX_MHvZt&_nc_tp=15&oh=4754a36eb34b924e0b9c7c1ade06e6a5&oe=5F6F360C"
            },
            {
                "config_height": 480,
                "config_width": 480,
                "src": "https://instagram.fbga1-4.fna.fbcdn.net/v/t51.2885-15/e35/s480x480/64438241_320985298832776_3871087417259108410_n.jpg?_nc_ht=instagram.fbga1-4.fna.fbcdn.net&_nc_cat=104&_nc_ohc=jlOHucmwtDAAX_MHvZt&_nc_tp=15&oh=84433e79bc29501398196a3919d35ddd&oe=5F6FB912"
            },
            {
                "config_height": 640,
                "config_width": 640,
                "src": "https://instagram.fbga1-4.fna.fbcdn.net/v/t51.2885-15/sh0.08/e35/s640x640/64438241_320985298832776_3871087417259108410_n.jpg?_nc_ht=instagram.fbga1-4.fna.fbcdn.net&_nc_cat=104&_nc_ohc=jlOHucmwtDAAX_MHvZt&oh=14e071c58b4a7c8cd68d627d1d6ce961&oe=5F6F63DD"
            }
        ],
        "thumbnail_src": "https://instagram.fbga1-4.fna.fbcdn.net/v/t51.2885-15/sh0.08/e35/s640x640/64438241_320985298832776_3871087417259108410_n.jpg?_nc_ht=instagram.fbga1-4.fna.fbcdn.net&_nc_cat=104&_nc_ohc=jlOHucmwtDAAX_MHvZt&oh=14e071c58b4a7c8cd68d627d1d6ce961&oe=5F6F63DD",
        "title": "",
        "tracking_token": "eyJ2ZXJzaW9uIjo1LCJwYXlsb2FkIjp7ImlzX2FuYWx5dGljc190cmFja2VkIjp0cnVlLCJ1dWlkIjoiOTNmMjdjNjVkZWMyNGQ1Yzk1Njc0NDJhYTA4ZjYwOGYyMDY1NDI2MTU3NDgzMTYyNTUyIn0sInNpZ25hdHVyZSI6IiJ9",
        "video_duration": 7.0,
        "video_url": "https://instagram.fbga1-4.fna.fbcdn.net/v/t50.2886-16/64675217_116098012745545_1921842679360655653_n.mp4?efg=eyJ2ZW5jb2RlX3RhZyI6InZ0c192b2RfdXJsZ2VuLjk2MC5mZWVkLmRlZmF1bHQiLCJxZV9ncm91cHMiOiJbXCJpZ193ZWJfZGVsaXZlcnlfdnRzX290ZlwiXSJ9&_nc_ht=instagram.fbga1-4.fna.fbcdn.net&_nc_cat=101&_nc_ohc=rFrcpct3rXEAX-rfPSQ&vs=17872891996380454_2884787953&_nc_vs=HBksFQAYJEdKSGQyZ05KRDg4c2wya0FBQ1VSZWdtOHdhc2Fia1lMQUFBRhUAAsgBABUAGCRHRDN4MXdNYk50c3JJM1lJQUlaejBHM1UtZFFBYmtZTEFBQUYVAgLIAQAoABgAGwAVAAAYABbMocazndO%2FPxUCKAJDMywXQBwAAAAAAAAYEmRhc2hfYmFzZWxpbmVfMV92MREAdeoHAA%3D%3D&oe=5F6F79C5&oh=7157725ad7c4b9fd8d998d7ef070cdbe",
        "video_view_count": 5295,
        "viewer_can_reshare": true,
        "viewer_has_liked": false,
        "viewer_has_saved": false,
        "viewer_has_saved_to_collection": false,
        "viewer_in_photo_of_you": false
    }
}