[
    {
        "id": 17997318679231680,
        "created_at": 1560278718,
        "text": "\u2764\ufe0f",
        "owner": {
            "id": "7173300368",
            "is_verified": false,
            "profile_pic_url": "https://instagram.fbga1-4.fna.fbcdn.net/v/t51.2885-19/s150x150/47585662_762731027415829_7031491427880140800_n.jpg?_nc_ht=instagram.fbga1-4.fna.fbcdn.net&_nc_ohc=rQk0675qYcUAX_6rEyp&oh=434561a32e7dbe0ba1303716750379b4&oe=5F97040B",
            "username": "jj.romel"
        },
        "likes_count": 0,
        "answers": []
    },
    {
        "id": 17842004557489967,
        "created_at": 1560185534,
        "text": "Tr\u00e8s joli",
        "owner": {
            "id": "566203863",
            "is_verified": false,
            "profile_pic_url": "https://instagram.fbga1-4.fna.fbcdn.net/v/t51.2885-19/s150x150/52347596_376397176290587_3321284594950471680_n.jpg?_nc_ht=instagram.fbga1-4.fna.fbcdn.net&_nc_ohc=KkWLILrcLkYAX83uAoA&oh=97fe22296fdae37b5795fca079cfe5a6&oe=5F951C2F",
            "username": "suzanneruffini"
        },
        "likes_count": 0,
        "answers": []
    },
    {
        "id": 18072428443037307,
        "created_at": 1560185532,
        "text": "Tr\u00e8s joli",
        "owner": {
            "id": "566203863",
            "is_verified": false,
            "profile_pic_url": "https://instagram.fbga1-4.fna.fbcdn.net/v/t51.2885-19/s150x150/52347596_376397176290587_3321284594950471680_n.jpg?_nc_ht=instagram.fbga1-4.fna.fbcdn.net&_nc_ohc=KkWLILrcLkYAX83uAoA&oh=97fe22296fdae37b5795fca079cfe5a6&oe=5F951C2F",
            "username": "suzanneruffini"
        },
        "likes_count": 0,
        "answers": []
    },
    {
        "id": 17890703098346082,
        "created_at": 1560052869,
        "text": "@maryiichalitha mire lo que le voy a comprar a isaaaa jaja \ud83d\ude0d",
        "owner": {
            "id": "964912900",
            "is_verified": false,
            "profile_pic_url": "https://instagram.fbga1-4.fna.fbcdn.net/v/t51.2885-19/s150x150/116707926_158913789071156_7715200856201489096_n.jpg?_nc_ht=instagram.fbga1-4.fna.fbcdn.net&_nc_ohc=nFm1GPPLNisAX-tPAf9&oh=86df313182cf0d0425615e77769eeb9e&oe=5F97E55A",
            "username": "julianaaa_aaa"
        },
        "likes_count": 0,
        "answers": []
    },
    {
        "id": 17890770940345027,
        "created_at": 1560050830,
        "text": ",\ud83d\ude0d\ud83e\udd29",
        "owner": {
            "id": "5514415130",
            "is_verified": false,
            "profile_pic_url": "https://instagram.fbga1-4.fna.fbcdn.net/v/t51.2885-19/s150x150/60017527_2459001580806383_8292348123515191296_n.jpg?_nc_ht=instagram.fbga1-4.fna.fbcdn.net&_nc_ohc=BlDF5_djU0kAX8YCWGt&oh=3bc7bd49224c10d6d1ae1d81659eee4c&oe=5F97396F",
            "username": "marthapjda"
        },
        "likes_count": 0,
        "answers": []
    },
    {
        "id": 18042625450134625,
        "created_at": 1560045597,
        "text": "Que videos tan lindos",
        "owner": {
            "id": "300619997",
            "is_verified": false,
            "profile_pic_url": "https://instagram.fbga1-4.fna.fbcdn.net/v/t51.2885-19/11313586_702762243158028_1545189721_a.jpg?_nc_ht=instagram.fbga1-4.fna.fbcdn.net&_nc_ohc=lenYEIuVT1MAX9Hp6qS&oh=78336c490c45e33818b33e02d4ff5335&oe=5F98481F",
            "username": "tabathajanna"
        },
        "likes_count": 0,
        "answers": []
    }
]