[
    {
        "id": 18024048811185806,
        "created_at": 1554214313,
        "text": "Hola @caliche_ceron , hemos estado gestionando tu caso. Nos encontramos a la espera de tus datos. Saludos!",
        "owner": {
            "id": "208034677",
            "is_verified": true,
            "profile_pic_url": "https://instagram.fbga1-4.fna.fbcdn.net/v/t51.2885-19/s150x150/116713279_329296981536344_3404171181868667674_n.jpg?_nc_ht=instagram.fbga1-4.fna.fbcdn.net&_nc_ohc=e_8u8kf3ZDMAX9GL6vk&oh=cb797d66d56f5631c9bff6ad98af462e&oe=5F97C031",
            "username": "epk"
        },
        "likes_count": 1,
        "answers": []
    },
    {
        "id": 17880299458325509,
        "created_at": 1554214188,
        "text": "Hola @kmejia65 , gracias por tus comentarios! Por favor env\u00edanos por mensaje directo tus datos completos y con gusto te ayudaremos. \u2665.",
        "owner": {
            "id": "208034677",
            "is_verified": true,
            "profile_pic_url": "https://instagram.fbga1-4.fna.fbcdn.net/v/t51.2885-19/s150x150/116713279_329296981536344_3404171181868667674_n.jpg?_nc_ht=instagram.fbga1-4.fna.fbcdn.net&_nc_ohc=e_8u8kf3ZDMAX9GL6vk&oh=cb797d66d56f5631c9bff6ad98af462e&oe=5F97C031",
            "username": "epk"
        },
        "likes_count": 0,
        "answers": []
    },
    {
        "id": 17973357448230859,
        "created_at": 1553881678,
        "text": "Nada peor que comprar en su web.  Imposible encontrar lo que uno quiere y cuando se encuentra no est\u00e1 en la talla que uno puso en el filtro de b\u00fasqueda.",
        "owner": {
            "id": "373471802",
            "is_verified": false,
            "profile_pic_url": "https://instagram.fbga1-4.fna.fbcdn.net/v/t51.2885-19/s150x150/104765438_2934247056674411_271307665870193436_n.jpg?_nc_ht=instagram.fbga1-4.fna.fbcdn.net&_nc_ohc=jsQfko4aU-AAX8UgQap&oh=4dcea7e3326ad9ac189274a4de1f5962&oe=5F95C1F8",
            "username": "caliche_ceron"
        },
        "likes_count": 1,
        "answers": [
            {
                "id": 18051594652038754,
                "created_at": 1553965183,
                "text": "@epk les envi\u00e9 los comentarios desde ayer en la ma\u00f1ana pero hasta ahora ni me han contactado.  Igual ya compr\u00e9 en otro lado, no pod\u00eda esperar hasta que Uds quieran vender",
                "owner": {
                    "id": "373471802",
                    "profile_pic_url": "https://instagram.fbga1-4.fna.fbcdn.net/v/t51.2885-19/s150x150/104765438_2934247056674411_271307665870193436_n.jpg?_nc_ht=instagram.fbga1-4.fna.fbcdn.net&_nc_ohc=jsQfko4aU-AAX8UgQap&oh=4dcea7e3326ad9ac189274a4de1f5962&oe=5F95C1F8",
                    "username": "caliche_ceron"
                },
                "likes_count": 0
            },
            {
                "id": 18041848129075940,
                "created_at": 1553965220,
                "text": "@kmejia65 ajjajajaja si.  Nada que hacer ah\u00ed.  Siempre dicen que la caja es un obsequio de ellos y que no est\u00e1n obligados a darla.",
                "owner": {
                    "id": "373471802",
                    "profile_pic_url": "https://instagram.fbga1-4.fna.fbcdn.net/v/t51.2885-19/s150x150/104765438_2934247056674411_271307665870193436_n.jpg?_nc_ht=instagram.fbga1-4.fna.fbcdn.net&_nc_ohc=jsQfko4aU-AAX8UgQap&oh=4dcea7e3326ad9ac189274a4de1f5962&oe=5F95C1F8",
                    "username": "caliche_ceron"
                },
                "likes_count": 0
            },
            {
                "id": 18014636092166618,
                "created_at": 1553903619,
                "text": "Hola @caliche_ceron , gracias por tus comentarios! Por favor env\u00edanos por mensaje directo tus datos completos y con gusto te ayudaremos a encontrar las mejores prendas para ti! \ud83d\ude03",
                "owner": {
                    "id": "208034677",
                    "profile_pic_url": "https://instagram.fbga1-4.fna.fbcdn.net/v/t51.2885-19/s150x150/116713279_329296981536344_3404171181868667674_n.jpg?_nc_ht=instagram.fbga1-4.fna.fbcdn.net&_nc_ohc=e_8u8kf3ZDMAX9GL6vk&oh=cb797d66d56f5631c9bff6ad98af462e&oe=5F97C031",
                    "username": "epk"
                },
                "likes_count": 2
            }
        ]
    }
]