[
    {
        "id": 17871386431389648,
        "created_at": 1560375788,
        "text": "Hola \ud83d\udc4b Es tan amable puedes entrar\u00e1 a mi perfil @anakarina.1712 y en el concurso me le puedes regalar el like gracias \ud83e\udd17 bendiciones \ud83d\ude4f\ud83c\udffb\nhttps://www.instagram.com/p/ByneBqnAYzn/?igshid=6ubupzgo022o",
        "owner": {
            "id": "1910986586",
            "is_verified": false,
            "profile_pic_url": "https://instagram.fbga1-4.fna.fbcdn.net/v/t51.2885-19/s150x150/106918781_2661473850767750_3800663594216972583_n.jpg?_nc_ht=instagram.fbga1-4.fna.fbcdn.net&_nc_ohc=hS8NzfZXgQMAX8SfdNg&oh=e0479d00ca2daf9bf50e71093b72ddcf&oe=5F98A93C",
            "username": "anakarina.1712"
        },
        "likes_count": 0,
        "answers": []
    }
]