[
    {
        "id": 18107082877176914,
        "created_at": 1592595120,
        "text": "Talla y Precio",
        "owner": {
            "id": "8896949581",
            "is_verified": false,
            "profile_pic_url": "https://instagram.fbga1-4.fna.fbcdn.net/v/t51.2885-19/s150x150/95568332_2611675995787331_6346806643702890496_n.jpg?_nc_ht=instagram.fbga1-4.fna.fbcdn.net&_nc_ohc=uCI7vwn14DsAX_osQe4&oh=9b1bd3ea477fc0ba3dda2d28dc416467&oe=5F976523",
            "username": "m.dirley"
        },
        "likes_count": 0,
        "answers": []
    },
    {
        "id": 17844525884158842,
        "created_at": 1590269417,
        "text": "Como hago para obtenerlo presio",
        "owner": {
            "id": "17569428192",
            "is_verified": false,
            "profile_pic_url": "https://instagram.fbga1-4.fna.fbcdn.net/v/t51.2885-19/s150x150/101445820_899979077165379_8710877250397929472_n.jpg?_nc_ht=instagram.fbga1-4.fna.fbcdn.net&_nc_ohc=srS2k7raf0sAX_RpD99&oh=062b62b6fa3f21eec34abd041397c287&oe=5F95AA3A",
            "username": "dianadiaz3667"
        },
        "likes_count": 0,
        "answers": []
    },
    {
        "id": 18065990056034513,
        "created_at": 1557512590,
        "text": "precio",
        "owner": {
            "id": "7041980914",
            "is_verified": false,
            "profile_pic_url": "https://instagram.fbga1-4.fna.fbcdn.net/v/t51.2885-19/s150x150/119937007_249080619735112_6982089072881520918_n.jpg?_nc_ht=instagram.fbga1-4.fna.fbcdn.net&_nc_ohc=ORB7wAJiA8IAX8hJRtM&oh=c6267b7c6206b3913d698ed397560ad5&oe=5F968F79",
            "username": "mayerlisfernandez03"
        },
        "likes_count": 0,
        "answers": [
            {
                "id": 18039104989091996,
                "created_at": 1557844028,
                "text": "@isabellacha20 \u00a1Hola! \u00a1Te invitamos a visitarnos en www.epk.com y descubrir todas las prendas que tenemos para ti! \u2764\ufe0f",
                "owner": {
                    "id": "208034677",
                    "is_verified": true,
                    "profile_pic_url": "https://instagram.fbga1-4.fna.fbcdn.net/v/t51.2885-19/s150x150/116713279_329296981536344_3404171181868667674_n.jpg?_nc_ht=instagram.fbga1-4.fna.fbcdn.net&_nc_ohc=e_8u8kf3ZDMAX9GL6vk&oh=cb797d66d56f5631c9bff6ad98af462e&oe=5F97C031",
                    "username": "epk"
                },
                "likes_count": 1
            }
        ]
    },
    {
        "id": 17880944299348779,
        "created_at": 1557449748,
        "text": "Mira @santizkatya",
        "owner": {
            "id": "9204578915",
            "is_verified": false,
            "profile_pic_url": "https://instagram.fbga1-4.fna.fbcdn.net/v/t51.2885-19/s150x150/93349435_579556152911388_5796420242716491776_n.jpg?_nc_ht=instagram.fbga1-4.fna.fbcdn.net&_nc_ohc=p6hTHCF3cmwAX8XjHJZ&oh=94bfd11c559fa0ba379123a77241c11f&oe=5F97FFD0",
            "username": "ktsantiz"
        },
        "likes_count": 0,
        "answers": []
    },
    {
        "id": 18027197152160562,
        "created_at": 1557440420,
        "text": "\ud83d\ude0d\ud83d\ude0d\ud83d\ude0d\ud83d\ude0d\ud83d\ude0d\ud83d\ude0d\ud83d\ude0d\ud83d\ude0d\ud83d\ude0d",
        "owner": {
            "id": "187216870",
            "is_verified": false,
            "profile_pic_url": "https://instagram.fbga1-4.fna.fbcdn.net/v/t51.2885-19/s150x150/11262895_726502054121979_1000183102_a.jpg?_nc_ht=instagram.fbga1-4.fna.fbcdn.net&_nc_ohc=Jy-h1uSxkRgAX-YY9gf&oh=f31c3b89234bce088152e47a8343121b&oe=5F9824F6",
            "username": "vepolo"
        },
        "likes_count": 1,
        "answers": []
    },
    {
        "id": 17897617024311645,
        "created_at": 1557408876,
        "text": "\ud83d\ude0d\ud83d\ude0d",
        "owner": {
            "id": "8407775126",
            "is_verified": false,
            "profile_pic_url": "https://instagram.fbga1-4.fna.fbcdn.net/v/t51.2885-19/s150x150/119962356_1040324519741428_8585527740296559020_n.jpg?_nc_ht=instagram.fbga1-4.fna.fbcdn.net&_nc_ohc=SKFy_HdI6nAAX_hIqPT&oh=93917426c89309b4b2c002a26f2ef795&oe=5F94FFE3",
            "username": "yamiledelgado02"
        },
        "likes_count": 1,
        "answers": []
    },
    {
        "id": 18018532033196115,
        "created_at": 1557408865,
        "text": "Hermosa en estilos y colores ,muy modernos y bellos",
        "owner": {
            "id": "8407775126",
            "is_verified": false,
            "profile_pic_url": "https://instagram.fbga1-4.fna.fbcdn.net/v/t51.2885-19/s150x150/119962356_1040324519741428_8585527740296559020_n.jpg?_nc_ht=instagram.fbga1-4.fna.fbcdn.net&_nc_ohc=SKFy_HdI6nAAX_hIqPT&oh=93917426c89309b4b2c002a26f2ef795&oe=5F94FFE3",
            "username": "yamiledelgado02"
        },
        "likes_count": 1,
        "answers": [
            {
                "id": 17852681494415971,
                "created_at": 1557439259,
                "text": "@yamiledelgado02 Gracis por preferirnos! \u2764\ufe0f",
                "owner": {
                    "id": "208034677",
                    "is_verified": true,
                    "profile_pic_url": "https://instagram.fbga1-4.fna.fbcdn.net/v/t51.2885-19/s150x150/116713279_329296981536344_3404171181868667674_n.jpg?_nc_ht=instagram.fbga1-4.fna.fbcdn.net&_nc_ohc=e_8u8kf3ZDMAX9GL6vk&oh=cb797d66d56f5631c9bff6ad98af462e&oe=5F97C031",
                    "username": "epk"
                },
                "likes_count": 0
            }
        ]
    },
    {
        "id": 18031753459155529,
        "created_at": 1557382773,
        "text": "La ropa est\u00e1 incre\u00edble, a mi hija le han regalado ropita sus t\u00edas que vienen de Costa Rica a M\u00e9xico... \ud83e\udd29\u2764\ufe0f una tienda en M\u00e9xico estar\u00eda genial \ud83c\uddf2\ud83c\uddfd",
        "owner": {
            "id": "209829554",
            "is_verified": false,
            "profile_pic_url": "https://instagram.fbga1-4.fna.fbcdn.net/v/t51.2885-19/s150x150/80104301_629311384541925_4891097052898918400_n.jpg?_nc_ht=instagram.fbga1-4.fna.fbcdn.net&_nc_ohc=JENupCrq73MAX9APvBg&oh=6e40021de480c204c2719c77dbf400fa&oe=5F95A087",
            "username": "magalymillan"
        },
        "likes_count": 1,
        "answers": []
    },
    {
        "id": 17995553296219928,
        "created_at": 1557352924,
        "text": "@llerenaelida para Yurivileisy.",
        "owner": {
            "id": "1144578143",
            "is_verified": false,
            "profile_pic_url": "https://instagram.fbga1-4.fna.fbcdn.net/v/t51.2885-19/s150x150/117598236_117351259887868_3800743328395922708_n.jpg?_nc_ht=instagram.fbga1-4.fna.fbcdn.net&_nc_ohc=oJBj7AvlE0cAX8QnYmK&oh=127a797db971f381598cd2fa31496235&oe=5F976DE2",
            "username": "sallylmiranda"
        },
        "likes_count": 1,
        "answers": []
    },
    {
        "id": 17929229107292668,
        "created_at": 1557344773,
        "text": "Tienen sucursal en maicao Colombia? @epk",
        "owner": {
            "id": "1588237807",
            "is_verified": false,
            "profile_pic_url": "https://instagram.fbga1-4.fna.fbcdn.net/v/t51.2885-19/s150x150/18879832_1932106297073594_8804216025135448064_a.jpg?_nc_ht=instagram.fbga1-4.fna.fbcdn.net&_nc_ohc=Um4qIUz790IAX_sjnYq&oh=1150e7e603be468a3723d95c23ab9722&oe=5F975DA6",
            "username": "dessipink"
        },
        "likes_count": 0,
        "answers": [
            {
                "id": 18041878939120264,
                "created_at": 1557346782,
                "text": "@dessipink Hola, puedes validar nuestras tiendas en toda Colombia ingresando al siguiente link: https://epk.com/pages/nuestras-tiendas\n\u00a1Saludos!",
                "owner": {
                    "id": "208034677",
                    "is_verified": true,
                    "profile_pic_url": "https://instagram.fbga1-4.fna.fbcdn.net/v/t51.2885-19/s150x150/116713279_329296981536344_3404171181868667674_n.jpg?_nc_ht=instagram.fbga1-4.fna.fbcdn.net&_nc_ohc=e_8u8kf3ZDMAX9GL6vk&oh=cb797d66d56f5631c9bff6ad98af462e&oe=5F97C031",
                    "username": "epk"
                },
                "likes_count": 0
            }
        ]
    },
    {
        "id": 18037158976092258,
        "created_at": 1557335037,
        "text": "\ud83e\udd29",
        "owner": {
            "id": "193513386",
            "is_verified": true,
            "profile_pic_url": "https://instagram.fbga1-4.fna.fbcdn.net/v/t51.2885-19/s150x150/23101659_1522943334438010_4318393834338779136_n.jpg?_nc_ht=instagram.fbga1-4.fna.fbcdn.net&_nc_ohc=ZKq2Spk2eZgAX8ixx_L&oh=53a12df6b55ab457764a23c414b15d36&oe=5F962063",
            "username": "dianajanna"
        },
        "likes_count": 2,
        "answers": []
    },
    {
        "id": 17851202680421739,
        "created_at": 1557332403,
        "text": "@marielena2213 para la beb\u00e9 de Heivi \u2764\ufe0f",
        "owner": {
            "id": "1475077924",
            "is_verified": false,
            "profile_pic_url": "https://instagram.fbga1-4.fna.fbcdn.net/v/t51.2885-19/s150x150/117310312_1064517147280048_2641697442197380789_n.jpg?_nc_ht=instagram.fbga1-4.fna.fbcdn.net&_nc_ohc=WQd_7cczL7oAX8ez6yV&oh=02a1348327bb34574f4a37350c320c49&oe=5F94C065",
            "username": "alixon_natalia_2"
        },
        "likes_count": 2,
        "answers": []
    },
    {
        "id": 17862541918380864,
        "created_at": 1557330040,
        "text": "Por que en Madrid Espa\u00f1a no hay tienda gracias....",
        "owner": {
            "id": "1717335106",
            "is_verified": false,
            "profile_pic_url": "https://instagram.fbga1-4.fna.fbcdn.net/v/t51.2885-19/s150x150/116156885_2692970900945301_9162836572982716610_n.jpg?_nc_ht=instagram.fbga1-4.fna.fbcdn.net&_nc_ohc=8hGpnWwwRmsAX-T5LEL&oh=91d5787dd1034f5a4d2a5d41a8b7c724&oe=5F96D060",
            "username": "isney.ba"
        },
        "likes_count": 1,
        "answers": [
            {
                "id": 18031144870144031,
                "created_at": 1557346815,
                "text": "@isney.ba Hola! somos EPK Colombia! puedes visualizar nuestras tiendas en el siguiente link: https://epk.com/pages/nuestras-tiendas. Saludos!",
                "owner": {
                    "id": "208034677",
                    "is_verified": true,
                    "profile_pic_url": "https://instagram.fbga1-4.fna.fbcdn.net/v/t51.2885-19/s150x150/116713279_329296981536344_3404171181868667674_n.jpg?_nc_ht=instagram.fbga1-4.fna.fbcdn.net&_nc_ohc=e_8u8kf3ZDMAX9GL6vk&oh=cb797d66d56f5631c9bff6ad98af462e&oe=5F97C031",
                    "username": "epk"
                },
                "likes_count": 1
            }
        ]
    },
    {
        "id": 18045780673111767,
        "created_at": 1557328856,
        "text": "\ud83d\ude0d\ud83d\ude0d",
        "owner": {
            "id": "269186310",
            "is_verified": false,
            "profile_pic_url": "https://instagram.fbga1-4.fna.fbcdn.net/v/t51.2885-19/s150x150/49618674_334698580705841_2412163953963565056_n.jpg?_nc_ht=instagram.fbga1-4.fna.fbcdn.net&_nc_ohc=8KNS4hTYZAAAX8xDPOn&oh=02ffa689bec45b01190c8ff5e5f9a9fd&oe=5F96C5D5",
            "username": "lenysgc"
        },
        "likes_count": 1,
        "answers": []
    }
]