[
    {
        "id": 17842998718449291,
        "created_at": 1557527493,
        "text": "Wow! \u2728",
        "owner": {
            "id": "6390974427",
            "is_verified": false,
            "profile_pic_url": "https://instagram.fbga1-4.fna.fbcdn.net/v/t51.2885-19/s150x150/53897342_2332555247012134_1477644319497125888_n.jpg?_nc_ht=instagram.fbga1-4.fna.fbcdn.net&_nc_ohc=IFoUNpg4KOoAX9a7_Dw&oh=88b4e6121f875bb3e81ee7ef31e0e220&oe=5F97B4C4",
            "username": "voiikids"
        },
        "likes_count": 0,
        "answers": []
    },
    {
        "id": 17975919601209399,
        "created_at": 1551745854,
        "text": "\ud83d\ude0d",
        "owner": {
            "id": "334585637",
            "is_verified": false,
            "profile_pic_url": "https://instagram.fbga1-4.fna.fbcdn.net/v/t51.2885-19/11313755_1619448234980254_2026265549_a.jpg?_nc_ht=instagram.fbga1-4.fna.fbcdn.net&_nc_ohc=6X1-O8EoJTgAX_o8TYY&oh=797a180b6ddbdbdfb71eb1324694ea14&oe=5F96445D",
            "username": "flatara"
        },
        "likes_count": 0,
        "answers": [
            {
                "id": 18026924266111015,
                "created_at": 1551901888,
                "text": "@flatara \ud83d\ude4c\ud83d\ude0a",
                "owner": {
                    "id": "208034677",
                    "is_verified": true,
                    "profile_pic_url": "https://instagram.fbga1-4.fna.fbcdn.net/v/t51.2885-19/s150x150/116713279_329296981536344_3404171181868667674_n.jpg?_nc_ht=instagram.fbga1-4.fna.fbcdn.net&_nc_ohc=e_8u8kf3ZDMAX9GL6vk&oh=cb797d66d56f5631c9bff6ad98af462e&oe=5F97C031",
                    "username": "epk"
                },
                "likes_count": 0
            }
        ]
    }
]