[
    {
        "id": 17853251125657062,
        "created_at": 1573699961,
        "text": "Precio",
        "owner": {
            "id": "1772736115",
            "is_verified": false,
            "profile_pic_url": "https://instagram.fbga1-4.fna.fbcdn.net/v/t51.2885-19/s150x150/35325663_390014998173248_8266002192826105856_n.jpg?_nc_ht=instagram.fbga1-4.fna.fbcdn.net&_nc_ohc=qlRuLWShTNkAX9scupc&oh=d6393d072f506511cf096ce517b44d7f&oe=5F973C58",
            "username": "ofir3479"
        },
        "likes_count": 0,
        "answers": []
    },
    {
        "id": 18075218770148703,
        "created_at": 1573300490,
        "text": "Buenos d\u00edas, tienen pantalones asi como el de la foto, en que Colores y en que tallas. Gracias",
        "owner": {
            "id": "4867756910",
            "is_verified": false,
            "profile_pic_url": "https://instagram.fbga1-4.fna.fbcdn.net/v/t51.2885-19/s150x150/23164545_1983440825266372_1507809403825291264_n.jpg?_nc_ht=instagram.fbga1-4.fna.fbcdn.net&_nc_ohc=33iqesAdF14AX8vByQm&oh=fcc3fe7ab854224f2974c5900518f894&oe=5F96394A",
            "username": "mafecitavalencia"
        },
        "likes_count": 0,
        "answers": []
    },
    {
        "id": 18063757570164313,
        "created_at": 1570235655,
        "text": "Buenas noches estoy interesada en el pantalos y la blusa como hago para el pedido",
        "owner": {
            "id": "1640266585",
            "is_verified": false,
            "profile_pic_url": "https://instagram.fbga1-4.fna.fbcdn.net/v/t51.2885-19/s150x150/41541891_705441833187941_2869973541770493952_n.jpg?_nc_ht=instagram.fbga1-4.fna.fbcdn.net&_nc_ohc=3TG5ersK53YAX8ez1CT&oh=8948f75d0162584b59fa475f55a3f739&oe=5F95D23B",
            "username": "natyrr0685"
        },
        "likes_count": 0,
        "answers": []
    },
    {
        "id": 17909923066344604,
        "created_at": 1566955811,
        "text": "Que precio y que tallas hay o manejan",
        "owner": {
            "id": "16081171258",
            "is_verified": false,
            "profile_pic_url": "https://instagram.fruh6-2.fna.fbcdn.net/v/t51.2885-19/44884218_345707102882519_2446069589734326272_n.jpg?_nc_ht=instagram.fruh6-2.fna.fbcdn.net&_nc_ohc=RLYRR3IenIMAX_PtmIm&oh=ce7d6fdcda29e13c808fa4bdecbc8e84&oe=5F96310F&ig_cache_key=YW5vbnltb3VzX3Byb2ZpbGVfcGlj.2",
            "username": "mimisaenz8"
        },
        "likes_count": 0,
        "answers": []
    },
    {
        "id": 18080522779074416,
        "created_at": 1564888562,
        "text": "@valisa1822",
        "owner": {
            "id": "12086541625",
            "is_verified": false,
            "profile_pic_url": "https://instagram.fbga1-4.fna.fbcdn.net/v/t51.2885-19/s150x150/82184923_689585025234729_97273722899257395_n.jpg?_nc_ht=instagram.fbga1-4.fna.fbcdn.net&_nc_ohc=vlhJ6BkE6gwAX8-Dy-t&oh=135d87c22b3c01b6c0448ea4a258bd30&oe=5F979CE3",
            "username": "cintia_cerpa"
        },
        "likes_count": 1,
        "answers": []
    },
    {
        "id": 17885933368377442,
        "created_at": 1564860375,
        "text": "\ud83d\ude0d\ud83d\ude0d",
        "owner": {
            "id": "16700112125",
            "is_verified": false,
            "profile_pic_url": "https://instagram.fbga1-4.fna.fbcdn.net/v/t51.2885-19/s150x150/66413785_700456960414491_4163253061487165440_n.jpg?_nc_ht=instagram.fbga1-4.fna.fbcdn.net&_nc_ohc=ZYMlTzRFXC8AX-QwL8v&oh=f506d17afc9a37aee74e2f8522647dea&oe=5F961D19",
            "username": "odalisramossalgado"
        },
        "likes_count": 1,
        "answers": []
    },
    {
        "id": 17985286384264633,
        "created_at": 1564800198,
        "text": "Q precio",
        "owner": {
            "id": "7493317338",
            "is_verified": false,
            "profile_pic_url": "https://instagram.fbga1-4.fna.fbcdn.net/v/t51.2885-19/s150x150/119456096_642529966645400_7484007157660370744_n.jpg?_nc_ht=instagram.fbga1-4.fna.fbcdn.net&_nc_ohc=hWC7Ptb1_cgAX84fZ9u&oh=396ae5a84fde8b71e3650aca2ecbc658&oe=5F987214",
            "username": "garsan7910"
        },
        "likes_count": 1,
        "answers": [
            {
                "id": 17851404802507611,
                "created_at": 1564858937,
                "text": "@garsan7910 te invitamos a visitarnos en nuestras tiendas o en epk.com y conocer nuestros maravillosos precios \ud83d\udc9c",
                "owner": {
                    "id": "208034677",
                    "is_verified": true,
                    "profile_pic_url": "https://instagram.fbga1-4.fna.fbcdn.net/v/t51.2885-19/s150x150/116713279_329296981536344_3404171181868667674_n.jpg?_nc_ht=instagram.fbga1-4.fna.fbcdn.net&_nc_ohc=e_8u8kf3ZDMAX9GL6vk&oh=cb797d66d56f5631c9bff6ad98af462e&oe=5F97C031",
                    "username": "epk"
                },
                "likes_count": 1
            }
        ]
    },
    {
        "id": 18053466883156684,
        "created_at": 1564788451,
        "text": "\ud83d\ude0d\ud83d\ude0d",
        "owner": {
            "id": "17290557100",
            "is_verified": false,
            "profile_pic_url": "https://instagram.fbga1-4.fna.fbcdn.net/v/t51.2885-19/s150x150/74610766_1196529183873017_2397629475396255744_n.jpg?_nc_ht=instagram.fbga1-4.fna.fbcdn.net&_nc_ohc=yPv9Qy_IVqwAX9zVZYy&oh=6438322c47364482c9c64216943dd9cd&oe=5F9611E9",
            "username": "vitoriaoficial_of"
        },
        "likes_count": 1,
        "answers": []
    }
]