[
    {
        "id": 17911100755288483,
        "created_at": 1552429735,
        "text": "@consuelo_paternina Gracias por pertenecer a nuestra familia! \u2764\ufe0f",
        "owner": {
            "id": "208034677",
            "is_verified": true,
            "profile_pic_url": "https://instagram.fbga1-4.fna.fbcdn.net/v/t51.2885-19/s150x150/116713279_329296981536344_3404171181868667674_n.jpg?_nc_ht=instagram.fbga1-4.fna.fbcdn.net&_nc_ohc=e_8u8kf3ZDMAX9GL6vk&oh=cb797d66d56f5631c9bff6ad98af462e&oe=5F97C031",
            "username": "epk"
        },
        "likes_count": 0,
        "answers": []
    },
    {
        "id": 17878872259315234,
        "created_at": 1552348684,
        "text": "\ud83d\ude09\ud83d\udc4d\ud83c\udffd",
        "owner": {
            "id": "5792982665",
            "is_verified": false,
            "profile_pic_url": "https://instagram.fbga1-4.fna.fbcdn.net/v/t51.2885-19/s150x150/66352983_439491760231922_132414120908554240_n.jpg?_nc_ht=instagram.fbga1-4.fna.fbcdn.net&_nc_ohc=W76hyFtQXw0AX99J3rF&oh=9925f4224cfd39dbcb50144e9e9e1eda&oe=5F95BD21",
            "username": "elybeita"
        },
        "likes_count": 1,
        "answers": []
    },
    {
        "id": 17966214847233136,
        "created_at": 1552266068,
        "text": "\ud83d\ude0a\ud83d\udc4d\ud83c\udffb",
        "owner": {
            "id": "1504463452",
            "is_verified": false,
            "profile_pic_url": "https://instagram.fbga1-4.fna.fbcdn.net/v/t51.2885-19/s150x150/43423312_359507701467209_9123069870294958080_n.jpg?_nc_ht=instagram.fbga1-4.fna.fbcdn.net&_nc_ohc=IaeB5Mg5MKYAX9tFayV&oh=1ff89ad5d5908cbd3865b893467c2f6f&oe=5F954572",
            "username": "smdiazza"
        },
        "likes_count": 1,
        "answers": []
    },
    {
        "id": 17849664811373939,
        "created_at": 1552247174,
        "text": "EPK me encanta...Ustedes son lo m\u00e1ximo...!!",
        "owner": {
            "id": "1609041127",
            "is_verified": false,
            "profile_pic_url": "https://instagram.fbga1-4.fna.fbcdn.net/v/t51.2885-19/10843788_1434775030130963_506313335_a.jpg?_nc_ht=instagram.fbga1-4.fna.fbcdn.net&_nc_ohc=AkxjeygH7lEAX-NbRZl&oh=4dcaafb53dcb19cb97485e9debb61f26&oe=5F9811E6",
            "username": "consuelo_paternina"
        },
        "likes_count": 1,
        "answers": []
    },
    {
        "id": 18008450806163147,
        "created_at": 1552234649,
        "text": "Amennnn",
        "owner": {
            "id": "1537108909",
            "is_verified": false,
            "profile_pic_url": "https://instagram.fbga1-4.fna.fbcdn.net/v/t51.2885-19/s150x150/18096015_1190252257787495_4123595704297848832_a.jpg?_nc_ht=instagram.fbga1-4.fna.fbcdn.net&_nc_ohc=60oUJcXjLkAAX_aa3SS&oh=6533d390e6439d8d31f6b3a88a3b0b85&oe=5F9681F5",
            "username": "amparomendoza36"
        },
        "likes_count": 1,
        "answers": []
    }
]