[
    {
        "id": 18006753175102086,
        "created_at": 1547403933,
        "text": "por favor pprecio ??",
        "owner": {
            "id": "4302627214",
            "is_verified": false,
            "profile_pic_url": "https://instagram.fbga1-4.fna.fbcdn.net/v/t51.2885-19/s150x150/107554396_939995279840136_4465562176487887515_n.jpg?_nc_ht=instagram.fbga1-4.fna.fbcdn.net&_nc_ohc=_HsgwO_XsGcAX84tfid&oh=252f7dd7488294bf8509f51b87a2b4c0&oe=5F981810",
            "username": "zharick_susej"
        },
        "likes_count": 0,
        "answers": [
            {
                "id": 18023080348027756,
                "created_at": 1547591886,
                "text": "@zharicksusejzerpagarcia hola! Descubre nuestros precios en epk.com. \u2764\ufe0f",
                "owner": {
                    "id": "208034677",
                    "is_verified": true,
                    "profile_pic_url": "https://instagram.fbga1-4.fna.fbcdn.net/v/t51.2885-19/s150x150/116713279_329296981536344_3404171181868667674_n.jpg?_nc_ht=instagram.fbga1-4.fna.fbcdn.net&_nc_ohc=e_8u8kf3ZDMAX9GL6vk&oh=cb797d66d56f5631c9bff6ad98af462e&oe=5F97C031",
                    "username": "epk"
                },
                "likes_count": 0
            }
        ]
    },
    {
        "id": 17855161405319444,
        "created_at": 1547216043,
        "text": "En que ciudad de Colombia queda la tienda",
        "owner": {
            "id": "1406106581",
            "is_verified": false,
            "profile_pic_url": "https://instagram.fbga1-4.fna.fbcdn.net/v/t51.2885-19/s150x150/106918778_284454152896656_6376358500600572104_n.jpg?_nc_ht=instagram.fbga1-4.fna.fbcdn.net&_nc_ohc=ImfG0gNVNjIAX_R96ne&oh=b74d1cdf35492289d217598237a3024b&oe=5F95ADEA",
            "username": "lilianaloor.3"
        },
        "likes_count": 0,
        "answers": [
            {
                "id": 18024152107027868,
                "created_at": 1547646893,
                "text": "@epk Medell\u00edn",
                "owner": {
                    "id": "1406106581",
                    "is_verified": false,
                    "profile_pic_url": "https://instagram.fbga1-4.fna.fbcdn.net/v/t51.2885-19/s150x150/106918778_284454152896656_6376358500600572104_n.jpg?_nc_ht=instagram.fbga1-4.fna.fbcdn.net&_nc_ohc=ImfG0gNVNjIAX_R96ne&oh=b74d1cdf35492289d217598237a3024b&oe=5F95ADEA",
                    "username": "lilianaloor.3"
                },
                "likes_count": 0
            },
            {
                "id": 18023098054027882,
                "created_at": 1547591875,
                "text": "@lilianaloor.3 hola!! Estamos en muchas ciudades de Colombia. En que ciudad se encuentra?",
                "owner": {
                    "id": "208034677",
                    "is_verified": true,
                    "profile_pic_url": "https://instagram.fbga1-4.fna.fbcdn.net/v/t51.2885-19/s150x150/116713279_329296981536344_3404171181868667674_n.jpg?_nc_ht=instagram.fbga1-4.fna.fbcdn.net&_nc_ohc=e_8u8kf3ZDMAX9GL6vk&oh=cb797d66d56f5631c9bff6ad98af462e&oe=5F97C031",
                    "username": "epk"
                },
                "likes_count": 0
            }
        ]
    },
    {
        "id": 17930011636248499,
        "created_at": 1547215291,
        "text": "\u2764\ufe0f",
        "owner": {
            "id": "5566762797",
            "is_verified": false,
            "profile_pic_url": "https://instagram.fbga1-4.fna.fbcdn.net/v/t51.2885-19/s150x150/43914283_2288250271247791_3388569062983335936_n.jpg?_nc_ht=instagram.fbga1-4.fna.fbcdn.net&_nc_ohc=XN80147b2E4AX_qd5SF&oh=09e68257565526bb73369367b5423cc8&oe=5F953F04",
            "username": "gomezroblespaulaandrea"
        },
        "likes_count": 0,
        "answers": [
            {
                "id": 17992764679144078,
                "created_at": 1547591989,
                "text": "@gomezroblespaulaandrea \u2764\ufe0f\ud83d\ude0a",
                "owner": {
                    "id": "208034677",
                    "is_verified": true,
                    "profile_pic_url": "https://instagram.fbga1-4.fna.fbcdn.net/v/t51.2885-19/s150x150/116713279_329296981536344_3404171181868667674_n.jpg?_nc_ht=instagram.fbga1-4.fna.fbcdn.net&_nc_ohc=e_8u8kf3ZDMAX9GL6vk&oh=cb797d66d56f5631c9bff6ad98af462e&oe=5F97C031",
                    "username": "epk"
                },
                "likes_count": 0
            }
        ]
    },
    {
        "id": 17990180650152220,
        "created_at": 1547180398,
        "text": "\ud83d\udc4f\ud83d\udc4f\ud83d\udd1d\ud83d\udd1d",
        "owner": {
            "id": "5591704486",
            "is_verified": false,
            "profile_pic_url": "https://instagram.fbga1-4.fna.fbcdn.net/v/t51.2885-19/s150x150/73414973_2699126533486737_8297744174396997632_n.jpg?_nc_ht=instagram.fbga1-4.fna.fbcdn.net&_nc_ohc=5Kj-4MtF1KEAX_-xoMJ&oh=f6e826fb3fe4fb545d8b94082647927c&oe=5F96DDEB",
            "username": "fashion_store_lm"
        },
        "likes_count": 0,
        "answers": [
            {
                "id": 17859879001312940,
                "created_at": 1547591857,
                "text": "@fashion_store_lm \u2764\ufe0f\u2764\ufe0f",
                "owner": {
                    "id": "208034677",
                    "is_verified": true,
                    "profile_pic_url": "https://instagram.fbga1-4.fna.fbcdn.net/v/t51.2885-19/s150x150/116713279_329296981536344_3404171181868667674_n.jpg?_nc_ht=instagram.fbga1-4.fna.fbcdn.net&_nc_ohc=e_8u8kf3ZDMAX9GL6vk&oh=cb797d66d56f5631c9bff6ad98af462e&oe=5F97C031",
                    "username": "epk"
                },
                "likes_count": 0
            }
        ]
    },
    {
        "id": 17983313539170886,
        "created_at": 1547165343,
        "text": "P",
        "owner": {
            "id": "3640174612",
            "is_verified": false,
            "profile_pic_url": "https://instagram.fbga1-4.fna.fbcdn.net/v/t51.2885-19/s150x150/118615796_147309293393082_121100189321407485_n.jpg?_nc_ht=instagram.fbga1-4.fna.fbcdn.net&_nc_ohc=_SkznJFFw4gAX9pRuRl&oh=4e318fe9ff8ac63c723b33ef288fb97c&oe=5F973620",
            "username": "aurajesusorozcoperdomo"
        },
        "likes_count": 1,
        "answers": []
    }
]