[
    {
        "id": 18053120092243469,
        "created_at": 1589856801,
        "text": "Me interesa. Est\u00e1 disponible",
        "owner": {
            "id": "1253929746",
            "is_verified": false,
            "profile_pic_url": "https://instagram.fbga1-4.fna.fbcdn.net/v/t51.2885-19/s150x150/22159445_121608225213819_638857139531546624_n.jpg?_nc_ht=instagram.fbga1-4.fna.fbcdn.net&_nc_ohc=JWtfdFJaVMkAX8YuBmI&oh=3cd4333a5aea66cd9c74a040510714ae&oe=5F96DB68",
            "username": "marcelagonzalez522"
        },
        "likes_count": 0,
        "answers": []
    },
    {
        "id": 18029895937122867,
        "created_at": 1553962194,
        "text": "@andrea_poveda12",
        "owner": {
            "id": "1455981141",
            "is_verified": false,
            "profile_pic_url": "https://instagram.fbga1-4.fna.fbcdn.net/v/t51.2885-19/s150x150/90089193_213588556388130_2688317981590552576_n.jpg?_nc_ht=instagram.fbga1-4.fna.fbcdn.net&_nc_ohc=85CyZtJ7IigAX-orXPI&oh=15aaadfcfd1eaff21d17ccc8ce9be13a&oe=5F969B5B",
            "username": "deynis_quintana"
        },
        "likes_count": 0,
        "answers": []
    },
    {
        "id": 17845016011397298,
        "created_at": 1553799536,
        "text": "Yo hice una compra de 4 prendas y no me dijeron nada del club baby \ud83d\udc94\ud83d\ude2d",
        "owner": {
            "id": "1714005044",
            "is_verified": false,
            "profile_pic_url": "https://instagram.fbga1-4.fna.fbcdn.net/v/t51.2885-19/s150x150/118696481_769421823804857_4543157834072720480_n.jpg?_nc_ht=instagram.fbga1-4.fna.fbcdn.net&_nc_ohc=LS30qVjIayQAX_law-F&oh=6005c1ebbdf4f4f646f6cae9ed4c3d75&oe=5F971ACD",
            "username": "aleja.444"
        },
        "likes_count": 0,
        "answers": [
            {
                "id": 17851681822386960,
                "created_at": 1554409251,
                "text": "Hola! @aleja.444 , Compartenos tus datos completos a clubbabyepk@epk.com y con gusto validaremos. saludos!",
                "owner": {
                    "id": "208034677",
                    "is_verified": true,
                    "profile_pic_url": "https://instagram.fbga1-4.fna.fbcdn.net/v/t51.2885-19/s150x150/116713279_329296981536344_3404171181868667674_n.jpg?_nc_ht=instagram.fbga1-4.fna.fbcdn.net&_nc_ohc=e_8u8kf3ZDMAX9GL6vk&oh=cb797d66d56f5631c9bff6ad98af462e&oe=5F97C031",
                    "username": "epk"
                },
                "likes_count": 0
            }
        ]
    },
    {
        "id": 18049316416058667,
        "created_at": 1553469404,
        "text": "@sergiozz",
        "owner": {
            "id": "329982525",
            "is_verified": false,
            "profile_pic_url": "https://instagram.fbga1-4.fna.fbcdn.net/v/t51.2885-19/s150x150/20582730_108159663220081_1359116970317840384_a.jpg?_nc_ht=instagram.fbga1-4.fna.fbcdn.net&_nc_ohc=oQW1hZW0kZ4AX8O_idZ&oh=eef56df679faa4a2ba87b0189cc5a9a8&oe=5F981750",
            "username": "leidy14o7"
        },
        "likes_count": 0,
        "answers": [
            {
                "id": 18047029021035562,
                "created_at": 1553609781,
                "text": "@leidy14o7 \u2764\ufe0f\ud83d\ude0a",
                "owner": {
                    "id": "208034677",
                    "is_verified": true,
                    "profile_pic_url": "https://instagram.fbga1-4.fna.fbcdn.net/v/t51.2885-19/s150x150/116713279_329296981536344_3404171181868667674_n.jpg?_nc_ht=instagram.fbga1-4.fna.fbcdn.net&_nc_ohc=e_8u8kf3ZDMAX9GL6vk&oh=cb797d66d56f5631c9bff6ad98af462e&oe=5F97C031",
                    "username": "epk"
                },
                "likes_count": 0
            }
        ]
    },
    {
        "id": 18048647260016675,
        "created_at": 1553462557,
        "text": "\u2764\ufe0f",
        "owner": {
            "id": "2925428329",
            "is_verified": false,
            "profile_pic_url": "https://instagram.fbga1-4.fna.fbcdn.net/v/t51.2885-19/s150x150/117326418_760568674783667_2539100981006900955_n.jpg?_nc_ht=instagram.fbga1-4.fna.fbcdn.net&_nc_ohc=ryY6gINa8UEAX_y9FIV&oh=d59b45bca5863c3f5413ae8f479bfcb5&oe=5F954023",
            "username": "mainterin31"
        },
        "likes_count": 0,
        "answers": [
            {
                "id": 17985446308201972,
                "created_at": 1553609783,
                "text": "@mainterin31 \ud83d\ude4c\ud83d\ude0a",
                "owner": {
                    "id": "208034677",
                    "is_verified": true,
                    "profile_pic_url": "https://instagram.fbga1-4.fna.fbcdn.net/v/t51.2885-19/s150x150/116713279_329296981536344_3404171181868667674_n.jpg?_nc_ht=instagram.fbga1-4.fna.fbcdn.net&_nc_ohc=e_8u8kf3ZDMAX9GL6vk&oh=cb797d66d56f5631c9bff6ad98af462e&oe=5F97C031",
                    "username": "epk"
                },
                "likes_count": 0
            }
        ]
    },
    {
        "id": 17848336846377024,
        "created_at": 1553460479,
        "text": "\ud83d\ude0d",
        "owner": {
            "id": "223012692",
            "is_verified": false,
            "profile_pic_url": "https://instagram.fbga1-4.fna.fbcdn.net/v/t51.2885-19/s150x150/16585643_411995239150507_7001362438457131008_a.jpg?_nc_ht=instagram.fbga1-4.fna.fbcdn.net&_nc_ohc=CoyHKcahFpAAX_ZaDkz&oh=12de0e70cabc7cfa8586e8233c437df0&oe=5F9796A9",
            "username": "eder_heras_private"
        },
        "likes_count": 0,
        "answers": [
            {
                "id": 17844135292399067,
                "created_at": 1553609788,
                "text": "@eder_heras \ud83d\ude0a\ud83d\ude4c\ud83d\ude4c",
                "owner": {
                    "id": "208034677",
                    "is_verified": true,
                    "profile_pic_url": "https://instagram.fbga1-4.fna.fbcdn.net/v/t51.2885-19/s150x150/116713279_329296981536344_3404171181868667674_n.jpg?_nc_ht=instagram.fbga1-4.fna.fbcdn.net&_nc_ohc=e_8u8kf3ZDMAX9GL6vk&oh=cb797d66d56f5631c9bff6ad98af462e&oe=5F97C031",
                    "username": "epk"
                },
                "likes_count": 0
            }
        ]
    },
    {
        "id": 18048298693045113,
        "created_at": 1553390545,
        "text": "8",
        "owner": {
            "id": "9170054600",
            "is_verified": false,
            "profile_pic_url": "https://instagram.fbga1-4.fna.fbcdn.net/v/t51.2885-19/s150x150/51107561_1002017309997193_5906320033390264320_n.jpg?_nc_ht=instagram.fbga1-4.fna.fbcdn.net&_nc_ohc=pfGoXpopx8oAX_xKgi8&oh=97d59e648ff8de331a5c9321a6b72b4d&oe=5F97BF3E",
            "username": "marybracamonte19822018"
        },
        "likes_count": 0,
        "answers": []
    },
    {
        "id": 18031469098109772,
        "created_at": 1553390127,
        "text": "\ud83d\udc4f",
        "owner": {
            "id": "4529089766",
            "is_verified": false,
            "profile_pic_url": "https://instagram.fbga1-4.fna.fbcdn.net/v/t51.2885-19/s150x150/19050953_1877338379187537_8508037262246674432_a.jpg?_nc_ht=instagram.fbga1-4.fna.fbcdn.net&_nc_ohc=ahsr0-FF6P0AX9fIQCV&oh=e075474f86c18ce9da3b8ec9297cde0d&oe=5F94E3DB",
            "username": "paula_galindezc"
        },
        "likes_count": 0,
        "answers": [
            {
                "id": 17891976916305633,
                "created_at": 1553609795,
                "text": "@paula_galindezc \ud83d\ude03\ud83d\ude03",
                "owner": {
                    "id": "208034677",
                    "is_verified": true,
                    "profile_pic_url": "https://instagram.fbga1-4.fna.fbcdn.net/v/t51.2885-19/s150x150/116713279_329296981536344_3404171181868667674_n.jpg?_nc_ht=instagram.fbga1-4.fna.fbcdn.net&_nc_ohc=e_8u8kf3ZDMAX9GL6vk&oh=cb797d66d56f5631c9bff6ad98af462e&oe=5F97C031",
                    "username": "epk"
                },
                "likes_count": 0
            }
        ]
    },
    {
        "id": 18047958286058977,
        "created_at": 1553386341,
        "text": "@malejamuriel",
        "owner": {
            "id": "4152996339",
            "is_verified": false,
            "profile_pic_url": "https://instagram.fbga1-4.fna.fbcdn.net/v/t51.2885-19/s150x150/49286425_279705766044992_4559465753048252416_n.jpg?_nc_ht=instagram.fbga1-4.fna.fbcdn.net&_nc_ohc=gdfMuZlgzgQAX8xt7B0&oh=1286d1029da43ea55e44f19601436257&oe=5F954509",
            "username": "jhongallegom"
        },
        "likes_count": 1,
        "answers": [
            {
                "id": 18021326449187739,
                "created_at": 1553609775,
                "text": "@jhongallegom \u2764\ufe0f\ud83d\ude0a",
                "owner": {
                    "id": "208034677",
                    "is_verified": true,
                    "profile_pic_url": "https://instagram.fbga1-4.fna.fbcdn.net/v/t51.2885-19/s150x150/116713279_329296981536344_3404171181868667674_n.jpg?_nc_ht=instagram.fbga1-4.fna.fbcdn.net&_nc_ohc=e_8u8kf3ZDMAX9GL6vk&oh=cb797d66d56f5631c9bff6ad98af462e&oe=5F97C031",
                    "username": "epk"
                },
                "likes_count": 0
            }
        ]
    },
    {
        "id": 18016009492145140,
        "created_at": 1553373471,
        "text": "@pompombk",
        "owner": {
            "id": "5750559",
            "is_verified": false,
            "profile_pic_url": "https://instagram.fbga1-4.fna.fbcdn.net/v/t51.2885-19/s150x150/67660858_372107040348395_8146463159805280256_n.jpg?_nc_ht=instagram.fbga1-4.fna.fbcdn.net&_nc_ohc=OVkH1dDbL_gAX-wCKXD&oh=a926a0b142d3d20846bfeb8d684b4440&oe=5F95436B",
            "username": "k1000a"
        },
        "likes_count": 0,
        "answers": [
            {
                "id": 17971081411242957,
                "created_at": 1553609800,
                "text": "@k1000a \ud83d\ude0a\ud83d\ude4c",
                "owner": {
                    "id": "208034677",
                    "is_verified": true,
                    "profile_pic_url": "https://instagram.fbga1-4.fna.fbcdn.net/v/t51.2885-19/s150x150/116713279_329296981536344_3404171181868667674_n.jpg?_nc_ht=instagram.fbga1-4.fna.fbcdn.net&_nc_ohc=e_8u8kf3ZDMAX9GL6vk&oh=cb797d66d56f5631c9bff6ad98af462e&oe=5F97C031",
                    "username": "epk"
                },
                "likes_count": 0
            }
        ]
    },
    {
        "id": 17882933803309828,
        "created_at": 1553372826,
        "text": "Quiero ser parte del club Baby  EPK que debo hacer por favor me responden ?",
        "owner": {
            "id": "3976712128",
            "is_verified": false,
            "profile_pic_url": "https://instagram.fbga1-4.fna.fbcdn.net/v/t51.2885-19/s150x150/119234217_255750062269170_2381931023722759037_n.jpg?_nc_ht=instagram.fbga1-4.fna.fbcdn.net&_nc_ohc=7upnpeB0xrAAX8Ru2TR&oh=793bee4c6af0ef8ab49da1af6c5da6ab&oe=5F97ADFF",
            "username": "claflosy"
        },
        "likes_count": 0,
        "answers": [
            {
                "id": 18024512383092105,
                "created_at": 1553609825,
                "text": "@florez4276 hola! Haz una compra de 2 prendas o m\u00e1s de la categor\u00eda beb\u00e9 y recibe tu formulario de inscripci\u00f3n \ud83d\udc9c",
                "owner": {
                    "id": "208034677",
                    "is_verified": true,
                    "profile_pic_url": "https://instagram.fbga1-4.fna.fbcdn.net/v/t51.2885-19/s150x150/116713279_329296981536344_3404171181868667674_n.jpg?_nc_ht=instagram.fbga1-4.fna.fbcdn.net&_nc_ohc=e_8u8kf3ZDMAX9GL6vk&oh=cb797d66d56f5631c9bff6ad98af462e&oe=5F97C031",
                    "username": "epk"
                },
                "likes_count": 1
            }
        ]
    },
    {
        "id": 18047899396010563,
        "created_at": 1553367964,
        "text": "Como se q estoy inscrito en club baabyepk?",
        "owner": {
            "id": "1787567415",
            "is_verified": false,
            "profile_pic_url": "https://instagram.fbga1-4.fna.fbcdn.net/v/t51.2885-19/s150x150/66800331_1328159744020692_8812266382986051584_n.jpg?_nc_ht=instagram.fbga1-4.fna.fbcdn.net&_nc_ohc=ZwEd6lvZVm0AX8Hqz3-&oh=a7fa337e294e559dd777a9d166f99390&oe=5F9728A4",
            "username": "marsehernandes"
        },
        "likes_count": 0,
        "answers": [
            {
                "id": 18022145956137864,
                "created_at": 1553609852,
                "text": "@marsehernandes hola! Envianos un correo a clubbabyepk@epk.com y te cont\u00e1remos! \u2764\ufe0f",
                "owner": {
                    "id": "208034677",
                    "is_verified": true,
                    "profile_pic_url": "https://instagram.fbga1-4.fna.fbcdn.net/v/t51.2885-19/s150x150/116713279_329296981536344_3404171181868667674_n.jpg?_nc_ht=instagram.fbga1-4.fna.fbcdn.net&_nc_ohc=e_8u8kf3ZDMAX9GL6vk&oh=cb797d66d56f5631c9bff6ad98af462e&oe=5F97C031",
                    "username": "epk"
                },
                "likes_count": 0
            }
        ]
    },
    {
        "id": 17972061292235543,
        "created_at": 1553367648,
        "text": "Que bien lindo todo all\u00e1 siempre compro para mis sobrinos y con esos descuentos geniales Par q mas",
        "owner": {
            "id": "1972242289",
            "is_verified": false,
            "profile_pic_url": "https://instagram.fbga1-4.fna.fbcdn.net/v/t51.2885-19/s150x150/95537381_2503106173283453_6823363248360783872_n.jpg?_nc_ht=instagram.fbga1-4.fna.fbcdn.net&_nc_ohc=25SY0sQGZ5gAX_1VfzS&oh=01c8365e0078c53e09aa0ea608243bbb&oe=5F94E1C0",
            "username": "cristina.carvajal1111"
        },
        "likes_count": 0,
        "answers": [
            {
                "id": 17844313840396824,
                "created_at": 1553609857,
                "text": "@cristina.carvajal1111 gracias \u2764\ufe0f\ud83d\ude0a",
                "owner": {
                    "id": "208034677",
                    "is_verified": true,
                    "profile_pic_url": "https://instagram.fbga1-4.fna.fbcdn.net/v/t51.2885-19/s150x150/116713279_329296981536344_3404171181868667674_n.jpg?_nc_ht=instagram.fbga1-4.fna.fbcdn.net&_nc_ohc=e_8u8kf3ZDMAX9GL6vk&oh=cb797d66d56f5631c9bff6ad98af462e&oe=5F97C031",
                    "username": "epk"
                },
                "likes_count": 0
            }
        ]
    },
    {
        "id": 18046609732003257,
        "created_at": 1553365047,
        "text": "Epk vuelve a \ud83c\uddfb\ud83c\uddea\ud83d\ude14\ud83d\ude14\ud83d\ude14 @epk",
        "owner": {
            "id": "2038088876",
            "is_verified": false,
            "profile_pic_url": "https://instagram.fbga1-4.fna.fbcdn.net/v/t51.2885-19/s150x150/58704291_990306484693952_1051802796044582912_n.jpg?_nc_ht=instagram.fbga1-4.fna.fbcdn.net&_nc_ohc=BYOzgA_Mya8AX_W_RyJ&oh=bafe1cbb09669f71d2a5b1b8b38ef02b&oe=5F96977F",
            "username": "mayerleyduarte"
        },
        "likes_count": 0,
        "answers": [
            {
                "id": 18023831173089159,
                "created_at": 1553610070,
                "text": "@epk Direci\u00f3n? Please\ud83d\ude4c",
                "owner": {
                    "id": "2038088876",
                    "is_verified": false,
                    "profile_pic_url": "https://instagram.fbga1-4.fna.fbcdn.net/v/t51.2885-19/s150x150/58704291_990306484693952_1051802796044582912_n.jpg?_nc_ht=instagram.fbga1-4.fna.fbcdn.net&_nc_ohc=BYOzgA_Mya8AX_W_RyJ&oh=bafe1cbb09669f71d2a5b1b8b38ef02b&oe=5F96977F",
                    "username": "mayerleyduarte"
                },
                "likes_count": 0
            },
            {
                "id": 17973117262233184,
                "created_at": 1553609878,
                "text": "@mayerleyduarte hola! Vis\u00edtanos en tu tienda EPK m\u00e1s cercana en C\u00facuta. Te esperamos \ud83d\udc9c",
                "owner": {
                    "id": "208034677",
                    "is_verified": true,
                    "profile_pic_url": "https://instagram.fbga1-4.fna.fbcdn.net/v/t51.2885-19/s150x150/116713279_329296981536344_3404171181868667674_n.jpg?_nc_ht=instagram.fbga1-4.fna.fbcdn.net&_nc_ohc=e_8u8kf3ZDMAX9GL6vk&oh=cb797d66d56f5631c9bff6ad98af462e&oe=5F97C031",
                    "username": "epk"
                },
                "likes_count": 1
            }
        ]
    },
    {
        "id": 18047314690038562,
        "created_at": 1553361728,
        "text": "Y se puede comprar en l\u00ednea ...y tambi\u00e9n participar\u00e1n club beby EPK ?",
        "owner": {
            "id": "1063192205",
            "is_verified": false,
            "profile_pic_url": "https://instagram.fbga1-4.fna.fbcdn.net/v/t51.2885-19/s150x150/81687207_2591795610918434_5619307254697164800_n.jpg?_nc_ht=instagram.fbga1-4.fna.fbcdn.net&_nc_ohc=86ROzsnlGP4AX_dVMPo&oh=6cad4da4b4e9bc2e7b24b30b1796d90c&oe=5F984B17",
            "username": "tathyvillalbabenitez"
        },
        "likes_count": 0,
        "answers": [
            {
                "id": 18039450883076606,
                "created_at": 1553609912,
                "text": "@tathyvillalbabenitez si!! Puedes hacer tu compra en linea y tambien te enviaremos tu formulario de inscripci\u00f3n. Saludos! \ud83d\ude03",
                "owner": {
                    "id": "208034677",
                    "is_verified": true,
                    "profile_pic_url": "https://instagram.fbga1-4.fna.fbcdn.net/v/t51.2885-19/s150x150/116713279_329296981536344_3404171181868667674_n.jpg?_nc_ht=instagram.fbga1-4.fna.fbcdn.net&_nc_ohc=e_8u8kf3ZDMAX9GL6vk&oh=cb797d66d56f5631c9bff6ad98af462e&oe=5F97C031",
                    "username": "epk"
                },
                "likes_count": 1
            }
        ]
    }
]