[
    {
        "id": 18113347525128138,
        "created_at": 1586313184,
        "text": "Buenas. En qu\u00e9 tallas viene y que costo",
        "owner": {
            "id": "1512673470",
            "is_verified": false,
            "profile_pic_url": "https://instagram.fbga1-4.fna.fbcdn.net/v/t51.2885-19/s150x150/101050231_253459649081890_8369821636953636864_n.jpg?_nc_ht=instagram.fbga1-4.fna.fbcdn.net&_nc_ohc=uXJzZRQbMywAX9vno7r&oh=4b2d7f759b0d94b4f6483de8fa10a4ac&oe=5F975409",
            "username": "landreagc"
        },
        "likes_count": 0,
        "answers": []
    },
    {
        "id": 17900599669404902,
        "created_at": 1575157713,
        "text": "Divino este conjunto",
        "owner": {
            "id": "1600033864",
            "is_verified": false,
            "profile_pic_url": "https://instagram.fbga1-4.fna.fbcdn.net/v/t51.2885-19/s150x150/119043414_366362271060509_1953365726126416207_n.jpg?_nc_ht=instagram.fbga1-4.fna.fbcdn.net&_nc_ohc=gm0QH_lcQfgAX-9S6BL&oh=be41a018bd42e8113df176bb53bf3d62&oe=5F980BF0",
            "username": "zafirasolano06"
        },
        "likes_count": 0,
        "answers": []
    },
    {
        "id": 18069322246143145,
        "created_at": 1568398899,
        "text": "Precio manejan tall 6",
        "owner": {
            "id": "1501447218",
            "is_verified": false,
            "profile_pic_url": "https://instagram.fbga1-4.fna.fbcdn.net/v/t51.2885-19/s150x150/16908342_398324657194382_3584764577813889024_a.jpg?_nc_ht=instagram.fbga1-4.fna.fbcdn.net&_nc_ohc=UW9_khDNCOQAX-9yDyR&oh=b87ab8df7199e033d72fe2a8e9c24278&oe=5F965D97",
            "username": "12_felizcorazon"
        },
        "likes_count": 0,
        "answers": []
    },
    {
        "id": 17991406369263445,
        "created_at": 1567813435,
        "text": "Precio",
        "owner": {
            "id": "1608025752",
            "is_verified": false,
            "profile_pic_url": "https://instagram.fbga1-4.fna.fbcdn.net/v/t51.2885-19/s150x150/26346981_147478265914383_1611073749199618048_n.jpg?_nc_ht=instagram.fbga1-4.fna.fbcdn.net&_nc_ohc=O7pFKEmBb2oAX-iQOI8&oh=18b769613104f9cc28a7cf704f174176&oe=5F97BA93",
            "username": "leimelany"
        },
        "likes_count": 0,
        "answers": []
    },
    {
        "id": 17975918749279404,
        "created_at": 1564363446,
        "text": "En q tienda fisica en barranquilla consigo este conjunto en la.pagina no esta",
        "owner": {
            "id": "607601232",
            "is_verified": false,
            "profile_pic_url": "https://instagram.fbga1-4.fna.fbcdn.net/v/t51.2885-19/s150x150/37244821_993999887443990_6030572659874463744_n.jpg?_nc_ht=instagram.fbga1-4.fna.fbcdn.net&_nc_ohc=qhE7enQ9il0AX9fRBQk&oh=4eb27ee8d8acbf04ec373003acbc3fe0&oe=5F95FDBB",
            "username": "johymedina"
        },
        "likes_count": 0,
        "answers": []
    },
    {
        "id": 17913549511317231,
        "created_at": 1563456322,
        "text": "@caritonieto25 el short",
        "owner": {
            "id": "1262822955",
            "is_verified": false,
            "profile_pic_url": "https://instagram.fbga1-4.fna.fbcdn.net/v/t51.2885-19/s150x150/118561221_247716633025432_7638749690293050008_n.jpg?_nc_ht=instagram.fbga1-4.fna.fbcdn.net&_nc_ohc=htlHcbxgUfwAX-_YzNh&oh=06d4c5afbdefc30d281e74d19ca2b2b9&oe=5F985DD1",
            "username": "aleja_sp07"
        },
        "likes_count": 1,
        "answers": []
    },
    {
        "id": 18037892170197686,
        "created_at": 1563145706,
        "text": "@gloriaeugeniamendez  mami mira\u2764\u2764",
        "owner": {
            "id": "1589395267",
            "is_verified": false,
            "profile_pic_url": "https://instagram.fbga1-4.fna.fbcdn.net/v/t51.2885-19/s150x150/38154925_444700719367410_2819848924079063040_n.jpg?_nc_ht=instagram.fbga1-4.fna.fbcdn.net&_nc_ohc=xONM_A3Dkq4AX___BgF&oh=da9ad8847bf2c164e7ea3e22848cdc47&oe=5F9848EB",
            "username": "victoriaom95"
        },
        "likes_count": 1,
        "answers": []
    },
    {
        "id": 17961951901303052,
        "created_at": 1563133491,
        "text": "\ud83d\udc9e\ud83d\ude0d\ud83d\udc4f\ud83d\ude4f\ud83d\udc4f\ud83d\udc4f",
        "owner": {
            "id": "8529998805",
            "is_verified": false,
            "profile_pic_url": "https://instagram.fbga1-4.fna.fbcdn.net/v/t51.2885-19/s150x150/69368022_443910722863078_5257595335345176576_n.jpg?_nc_ht=instagram.fbga1-4.fna.fbcdn.net&_nc_ohc=ESowEfezXlwAX8TJVr2&oh=f1cdd876c2e20bc2775527c667d6a276&oe=5F973968",
            "username": "claudiab2008"
        },
        "likes_count": 1,
        "answers": []
    },
    {
        "id": 17886916114374842,
        "created_at": 1563082902,
        "text": "Buenas noches de casualidad noanejan CAT\u00c1LOGO fisico gracias",
        "owner": {
            "id": "13133941829",
            "is_verified": false,
            "profile_pic_url": "https://instagram.fbga1-4.fna.fbcdn.net/v/t51.2885-19/s150x150/90971840_234431864408918_3358860422009585664_n.jpg?_nc_ht=instagram.fbga1-4.fna.fbcdn.net&_nc_ohc=xG4U1_lvD18AX-YoXWI&oh=2c0ad5c6ae032cc86fc22436c7d5a9d3&oe=5F969950",
            "username": "dayannaportugal"
        },
        "likes_count": 1,
        "answers": [
            {
                "id": 18083739628026092,
                "created_at": 1563120128,
                "text": "@dayannaportugal te invitamos a visitarnos o ingresar a epk.com y conocer nuestras prendas \ud83d\udc9c",
                "owner": {
                    "id": "208034677",
                    "is_verified": true,
                    "profile_pic_url": "https://instagram.fbga1-4.fna.fbcdn.net/v/t51.2885-19/s150x150/116713279_329296981536344_3404171181868667674_n.jpg?_nc_ht=instagram.fbga1-4.fna.fbcdn.net&_nc_ohc=e_8u8kf3ZDMAX9GL6vk&oh=cb797d66d56f5631c9bff6ad98af462e&oe=5F97C031",
                    "username": "epk"
                },
                "likes_count": 2
            }
        ]
    },
    {
        "id": 17899508845344680,
        "created_at": 1563076102,
        "text": "Linda precio",
        "owner": {
            "id": "9497682181",
            "is_verified": false,
            "profile_pic_url": "https://instagram.fbga1-4.fna.fbcdn.net/v/t51.2885-19/s150x150/119744086_342721197046478_741559198797851773_n.jpg?_nc_ht=instagram.fbga1-4.fna.fbcdn.net&_nc_ohc=Dyu-Mfma5lEAX_qYYdL&oh=bdafcda34931af8c0ae2acd214860b90&oe=5F9802E8",
            "username": "malucibeal"
        },
        "likes_count": 1,
        "answers": [
            {
                "id": 17886806248375135,
                "created_at": 1563120099,
                "text": "@malucibeal te invitamos a visitarnos en nuestras tiendas o epk.com para conocer nuestras ofertas y hermosas prendas \ud83d\udc9c",
                "owner": {
                    "id": "208034677",
                    "is_verified": true,
                    "profile_pic_url": "https://instagram.fbga1-4.fna.fbcdn.net/v/t51.2885-19/s150x150/116713279_329296981536344_3404171181868667674_n.jpg?_nc_ht=instagram.fbga1-4.fna.fbcdn.net&_nc_ohc=e_8u8kf3ZDMAX9GL6vk&oh=cb797d66d56f5631c9bff6ad98af462e&oe=5F97C031",
                    "username": "epk"
                },
                "likes_count": 0
            }
        ]
    },
    {
        "id": 17866159957432382,
        "created_at": 1563072293,
        "text": "\ud83d\udc4f",
        "owner": {
            "id": "2094031459",
            "is_verified": false,
            "profile_pic_url": "https://instagram.fbga1-4.fna.fbcdn.net/v/t51.2885-19/s150x150/16110629_387051884976913_405220960262684672_a.jpg?_nc_ht=instagram.fbga1-4.fna.fbcdn.net&_nc_ohc=6k1uANcB_e0AX_rxTa0&oh=79c86ce33d242d03de6374ce68d935a0&oe=5F96E7BB",
            "username": "ddiiaanneellaa"
        },
        "likes_count": 1,
        "answers": []
    },
    {
        "id": 17853466942472982,
        "created_at": 1563068622,
        "text": "Elegantisima conEPK",
        "owner": {
            "id": "8485694531",
            "is_verified": false,
            "profile_pic_url": "https://instagram.facc6-1.fna.fbcdn.net/v/t51.2885-19/44884218_345707102882519_2446069589734326272_n.jpg?_nc_ht=instagram.facc6-1.fna.fbcdn.net&_nc_ohc=RLYRR3IenIMAX8wzTHv&oh=72a4266a8b11704500ba45d4e5289309&oe=5F96310F&ig_cache_key=YW5vbnltb3VzX3Byb2ZpbGVfcGlj.2",
            "username": "etybitar26"
        },
        "likes_count": 1,
        "answers": []
    },
    {
        "id": 17860984954446237,
        "created_at": 1563067937,
        "text": "Espectacular esa pinta",
        "owner": {
            "id": "300619997",
            "is_verified": false,
            "profile_pic_url": "https://instagram.fbga1-4.fna.fbcdn.net/v/t51.2885-19/11313586_702762243158028_1545189721_a.jpg?_nc_ht=instagram.fbga1-4.fna.fbcdn.net&_nc_ohc=lenYEIuVT1MAX9Hp6qS&oh=78336c490c45e33818b33e02d4ff5335&oe=5F98481F",
            "username": "tabathajanna"
        },
        "likes_count": 1,
        "answers": []
    }
]