[
    {
        "id": 17852377171456800,
        "created_at": 1561047058,
        "text": "Hola el vestido rosado ya est\u00e1n en tiendas de Cali??",
        "owner": {
            "id": "276119298",
            "is_verified": false,
            "profile_pic_url": "https://instagram.fbga1-4.fna.fbcdn.net/v/t51.2885-19/s150x150/39591069_330818647689786_7334594571403264000_n.jpg?_nc_ht=instagram.fbga1-4.fna.fbcdn.net&_nc_ohc=Cupo5nzci8UAX84nuqw&oh=cbec3435ac02407ffb11fc6d316346c9&oe=5F979AAF",
            "username": "andreasalazar48"
        },
        "likes_count": 0,
        "answers": []
    },
    {
        "id": 17867448334396865,
        "created_at": 1560484183,
        "text": "@epk",
        "owner": {
            "id": "492384327",
            "is_verified": false,
            "profile_pic_url": "https://instagram.fbga1-4.fna.fbcdn.net/v/t51.2885-19/s150x150/79167960_2419444631706708_6035183921447043072_n.jpg?_nc_ht=instagram.fbga1-4.fna.fbcdn.net&_nc_ohc=KLiu4dvlWJQAX9qbwOd&oh=76052be9fc36aed29b5791c6fa0d1f08&oe=5F9514EF",
            "username": "angelicavscol"
        },
        "likes_count": 0,
        "answers": []
    },
    {
        "id": 18066786034076344,
        "created_at": 1560484177,
        "text": "Estoy haciendo una compra y me salia varias camisetas 7000 algo, y una camisa, ya las tenia en el carrito de compra y cuando voy a pagar sale otro precio.",
        "owner": {
            "id": "492384327",
            "is_verified": false,
            "profile_pic_url": "https://instagram.fbga1-4.fna.fbcdn.net/v/t51.2885-19/s150x150/79167960_2419444631706708_6035183921447043072_n.jpg?_nc_ht=instagram.fbga1-4.fna.fbcdn.net&_nc_ohc=KLiu4dvlWJQAX9qbwOd&oh=76052be9fc36aed29b5791c6fa0d1f08&oe=5F9514EF",
            "username": "angelicavscol"
        },
        "likes_count": 0,
        "answers": [
            {
                "id": 18077195812056139,
                "created_at": 1560777480,
                "text": "@angelicavscol Hola Angelica! Por favor compartenos tus datos completos por mensaje interno para verificar el caso. saludos! \u2764\ufe0f",
                "owner": {
                    "id": "208034677",
                    "is_verified": true,
                    "profile_pic_url": "https://instagram.fbga1-4.fna.fbcdn.net/v/t51.2885-19/s150x150/116713279_329296981536344_3404171181868667674_n.jpg?_nc_ht=instagram.fbga1-4.fna.fbcdn.net&_nc_ohc=e_8u8kf3ZDMAX9GL6vk&oh=cb797d66d56f5631c9bff6ad98af462e&oe=5F97C031",
                    "username": "epk"
                },
                "likes_count": 0
            }
        ]
    }
]