[
    {
        "id": 17951678818251680,
        "created_at": 1552703643,
        "text": "Buenas tardes, deseo inscribirme al Club Baby Epk, pero no he recibido el formulario para registrar a mi bb...Por favor podr\u00edan colaborarme. Gracias #ClubBabyEPK",
        "owner": {
            "id": "8669004679",
            "is_verified": false,
            "profile_pic_url": "https://instagram.fbga1-4.fna.fbcdn.net/v/t51.2885-19/s150x150/101639841_589699361950321_8433308091176452096_n.jpg?_nc_ht=instagram.fbga1-4.fna.fbcdn.net&_nc_ohc=VNaGdHH0FZwAX-TVwho&oh=23a900d2dadcaddc93d3e7e00cf8980f&oe=5F965FF4",
            "username": "etorres591"
        },
        "likes_count": 0,
        "answers": [
            {
                "id": 17918454601288020,
                "created_at": 1554409832,
                "text": "@etorres591 Hola! por favor escribenos tus datos completos a clubbabyepk@epk.com y con gusto validaremos tu satus en el club. saludos!",
                "owner": {
                    "id": "208034677",
                    "is_verified": true,
                    "profile_pic_url": "https://instagram.fbga1-4.fna.fbcdn.net/v/t51.2885-19/s150x150/116713279_329296981536344_3404171181868667674_n.jpg?_nc_ht=instagram.fbga1-4.fna.fbcdn.net&_nc_ohc=e_8u8kf3ZDMAX9GL6vk&oh=cb797d66d56f5631c9bff6ad98af462e&oe=5F97C031",
                    "username": "epk"
                },
                "likes_count": 0
            }
        ]
    },
    {
        "id": 17922708175285947,
        "created_at": 1552659859,
        "text": "Buenas tardes, deseo inscribirme al Club Baby Epk, pero no he recibido el formulario para registrar a mi bb...Por favor podr\u00edan colaborarme. Gracias #ClubBabyEPK",
        "owner": {
            "id": "6033884720",
            "is_verified": false,
            "profile_pic_url": "https://instagram.fbga1-4.fna.fbcdn.net/v/t51.2885-19/s150x150/79374453_544562229733875_7066092062373838848_n.jpg?_nc_ht=instagram.fbga1-4.fna.fbcdn.net&_nc_ohc=cPgOEiCyaLMAX_RZRFr&oh=19ef28dd40104268354e85c930bec159&oe=5F950F60",
            "username": "mari_yosseth"
        },
        "likes_count": 0,
        "answers": [
            {
                "id": 17851861873379274,
                "created_at": 1554409838,
                "text": "@mari_yosseth Hola! por favor escribenos tus datos completos a clubbabyepk@epk.com y con gusto validaremos tu satus en el club. saludos!",
                "owner": {
                    "id": "208034677",
                    "is_verified": true,
                    "profile_pic_url": "https://instagram.fbga1-4.fna.fbcdn.net/v/t51.2885-19/s150x150/116713279_329296981536344_3404171181868667674_n.jpg?_nc_ht=instagram.fbga1-4.fna.fbcdn.net&_nc_ohc=e_8u8kf3ZDMAX9GL6vk&oh=cb797d66d56f5631c9bff6ad98af462e&oe=5F97C031",
                    "username": "epk"
                },
                "likes_count": 0
            }
        ]
    },
    {
        "id": 18005188975173044,
        "created_at": 1552613182,
        "text": "Divina \ud83e\udd29",
        "owner": {
            "id": "3612412718",
            "is_verified": false,
            "profile_pic_url": "https://instagram.fbga1-4.fna.fbcdn.net/v/t51.2885-19/s150x150/43985623_1948888678530287_1220496991033753600_n.jpg?_nc_ht=instagram.fbga1-4.fna.fbcdn.net&_nc_ohc=oxjpATUQSXUAX9k8Cac&oh=c0c4b938880b9a3fbbac1f4d3a37509f&oe=5F96BFB5",
            "username": "bellocantillo"
        },
        "likes_count": 1,
        "answers": []
    },
    {
        "id": 17979097297214085,
        "created_at": 1552603828,
        "text": "Buenas tardes, deseo inscribirme al Club Baby Epk, pero no he recibido el formulario para registrar a mi bb...Por favor podr\u00edan colaborarme. Gracias #ClubBabyEPK",
        "owner": {
            "id": "3465080597",
            "is_verified": false,
            "profile_pic_url": "https://instagram.fbga1-4.fna.fbcdn.net/v/t51.2885-19/s150x150/13562144_805061299638530_784874107_a.jpg?_nc_ht=instagram.fbga1-4.fna.fbcdn.net&_nc_ohc=j7LFN0acHXIAX8d92pH&oh=6b92cc06d6be94e4bb56e700bad0d781&oe=5F96DD2D",
            "username": "carito_espinosa1127"
        },
        "likes_count": 0,
        "answers": [
            {
                "id": 17866431673357883,
                "created_at": 1554409847,
                "text": "@carito_espinosa1127 Hola! por favor escribenos tus datos completos a clubbabyepk@epk.com y con gusto validaremos tu satus en el club. saludos!",
                "owner": {
                    "id": "208034677",
                    "is_verified": true,
                    "profile_pic_url": "https://instagram.fbga1-4.fna.fbcdn.net/v/t51.2885-19/s150x150/116713279_329296981536344_3404171181868667674_n.jpg?_nc_ht=instagram.fbga1-4.fna.fbcdn.net&_nc_ohc=e_8u8kf3ZDMAX9GL6vk&oh=cb797d66d56f5631c9bff6ad98af462e&oe=5F97C031",
                    "username": "epk"
                },
                "likes_count": 0
            }
        ]
    },
    {
        "id": 17925885235302548,
        "created_at": 1552603237,
        "text": "\u2665\ufe0f",
        "owner": {
            "id": "269186310",
            "is_verified": false,
            "profile_pic_url": "https://instagram.fbga1-4.fna.fbcdn.net/v/t51.2885-19/s150x150/49618674_334698580705841_2412163953963565056_n.jpg?_nc_ht=instagram.fbga1-4.fna.fbcdn.net&_nc_ohc=8KNS4hTYZAAAX8xDPOn&oh=02ffa689bec45b01190c8ff5e5f9a9fd&oe=5F96C5D5",
            "username": "lenysgc"
        },
        "likes_count": 1,
        "answers": []
    },
    {
        "id": 18045662830047027,
        "created_at": 1552596944,
        "text": "@pompombk",
        "owner": {
            "id": "5750559",
            "is_verified": false,
            "profile_pic_url": "https://instagram.fbga1-4.fna.fbcdn.net/v/t51.2885-19/s150x150/67660858_372107040348395_8146463159805280256_n.jpg?_nc_ht=instagram.fbga1-4.fna.fbcdn.net&_nc_ohc=OVkH1dDbL_gAX-wCKXD&oh=a926a0b142d3d20846bfeb8d684b4440&oe=5F95436B",
            "username": "k1000a"
        },
        "likes_count": 1,
        "answers": []
    },
    {
        "id": 17844679651388058,
        "created_at": 1552594052,
        "text": "@lolitaescovar",
        "owner": {
            "id": "278756791",
            "is_verified": false,
            "profile_pic_url": "https://instagram.fbga1-4.fna.fbcdn.net/v/t51.2885-19/s150x150/90811411_143259063727700_5745490700909150208_n.jpg?_nc_ht=instagram.fbga1-4.fna.fbcdn.net&_nc_ohc=epgNTn-YwQYAX-zUMB2&oh=63892644dc97ce3edf856862f8e4c482&oe=5F94FCBE",
            "username": "anaordoneze"
        },
        "likes_count": 1,
        "answers": []
    }
]