[
    {
        "id": 18035552446055776,
        "created_at": 1550758279,
        "text": "\ud83d\udc99",
        "owner": {
            "id": "290063942",
            "is_verified": false,
            "profile_pic_url": "https://instagram.fbga1-4.fna.fbcdn.net/v/t51.2885-19/s150x150/12677580_1013500382022137_216583351_a.jpg?_nc_ht=instagram.fbga1-4.fna.fbcdn.net&_nc_ohc=uEJfIuvP3yoAX9rYtHY&oh=ffb22fa49734d56687d768e526ed398b&oe=5F97E3FD",
            "username": "piliamaris"
        },
        "likes_count": 0,
        "answers": []
    },
    {
        "id": 17845780177341168,
        "created_at": 1547397165,
        "text": "Desde que talla est\u00e1?",
        "owner": {
            "id": "3096698073",
            "is_verified": false,
            "profile_pic_url": "https://instagram.fbga1-4.fna.fbcdn.net/v/t51.2885-19/s150x150/118991891_646180586330241_8873786616352869464_n.jpg?_nc_ht=instagram.fbga1-4.fna.fbcdn.net&_nc_ohc=Vk9fnRlZQDAAX8V9wnU&oh=0d1857705f75c3b01ac95166350d869f&oe=5F964092",
            "username": "lauramariausmabetancur"
        },
        "likes_count": 1,
        "answers": [
            {
                "id": 18022105480005065,
                "created_at": 1547591783,
                "text": "@lauramariausmabetancur hola!! Tenemos este vestido en nuestras tallas de beb\u00e9, es decir 0 a 3 a\u00f1os \u2764\ufe0f",
                "owner": {
                    "id": "208034677",
                    "is_verified": true,
                    "profile_pic_url": "https://instagram.fbga1-4.fna.fbcdn.net/v/t51.2885-19/s150x150/116713279_329296981536344_3404171181868667674_n.jpg?_nc_ht=instagram.fbga1-4.fna.fbcdn.net&_nc_ohc=e_8u8kf3ZDMAX9GL6vk&oh=cb797d66d56f5631c9bff6ad98af462e&oe=5F97C031",
                    "username": "epk"
                },
                "likes_count": 0
            }
        ]
    },
    {
        "id": 17848079812333910,
        "created_at": 1547229369,
        "text": "Aun estan en descuento",
        "owner": {
            "id": "1309068044",
            "is_verified": false,
            "profile_pic_url": "https://instagram.fbga1-4.fna.fbcdn.net/v/t51.2885-19/s150x150/72119509_777775759350769_2737646415424520192_n.jpg?_nc_ht=instagram.fbga1-4.fna.fbcdn.net&_nc_ohc=ZJ-RS5JgJ2MAX8X4a6Z&oh=35e6d7b05368caa9eae3dea0a8d6e417&oe=5F981CAB",
            "username": "lelenforero04"
        },
        "likes_count": 1,
        "answers": [
            {
                "id": 17849562673331714,
                "created_at": 1547591795,
                "text": "@lelenforero04 si! Tenemos todo a $39.900. Te esperamos!!\u2764\ufe0f",
                "owner": {
                    "id": "208034677",
                    "is_verified": true,
                    "profile_pic_url": "https://instagram.fbga1-4.fna.fbcdn.net/v/t51.2885-19/s150x150/116713279_329296981536344_3404171181868667674_n.jpg?_nc_ht=instagram.fbga1-4.fna.fbcdn.net&_nc_ohc=e_8u8kf3ZDMAX9GL6vk&oh=cb797d66d56f5631c9bff6ad98af462e&oe=5F97C031",
                    "username": "epk"
                },
                "likes_count": 0
            }
        ]
    },
    {
        "id": 17958086989214898,
        "created_at": 1547228453,
        "text": "en cenezuela ya no hay epk?",
        "owner": {
            "id": "9132964442",
            "is_verified": false,
            "profile_pic_url": "https://instagram.fbga1-4.fna.fbcdn.net/v/t51.2885-19/s150x150/69313618_1197780137076604_8715525221055987712_n.jpg?_nc_ht=instagram.fbga1-4.fna.fbcdn.net&_nc_ohc=8c2g03hm8_4AX_Qbu3e&oh=7cc8fc515205464973e3be81bb70e618&oe=5F97CC7C",
            "username": "susan_susej"
        },
        "likes_count": 1,
        "answers": [
            {
                "id": 18023219104044690,
                "created_at": 1547591838,
                "text": "@susan_susej Hola! Somos la cuenta oficial de EPK Colombia. Gracias por su mensaje! \u2764\ufe0f",
                "owner": {
                    "id": "208034677",
                    "is_verified": true,
                    "profile_pic_url": "https://instagram.fbga1-4.fna.fbcdn.net/v/t51.2885-19/s150x150/116713279_329296981536344_3404171181868667674_n.jpg?_nc_ht=instagram.fbga1-4.fna.fbcdn.net&_nc_ohc=e_8u8kf3ZDMAX9GL6vk&oh=cb797d66d56f5631c9bff6ad98af462e&oe=5F97C031",
                    "username": "epk"
                },
                "likes_count": 1
            }
        ]
    }
]