[
    {
        "id": 17847419029696871,
        "created_at": 1571838705,
        "text": "Para Venezuela c\u00f3mo ser\u00eda el m\u00e9todo de comprar",
        "owner": {
            "id": "3422325254",
            "is_verified": false,
            "profile_pic_url": "https://instagram.fbga1-4.fna.fbcdn.net/v/t51.2885-19/s150x150/21576831_821037968078359_6709880982515744768_a.jpg?_nc_ht=instagram.fbga1-4.fna.fbcdn.net&_nc_ohc=SKrV-aOsyosAX9JKqeY&oh=001b15bd8b615a288dec6c77a98043d6&oe=5F95036F",
            "username": "dionelayoselin"
        },
        "likes_count": 0,
        "answers": []
    },
    {
        "id": 18095371576058207,
        "created_at": 1567497182,
        "text": "Pues la verdad a mi me ha ido excelente he pedido pago contra entrega y es lo m\u00e1ximo adem\u00e1s las prendas  son divinas y el domicilio es gratis gracias EPK",
        "owner": {
            "id": "4039337232",
            "is_verified": false,
            "profile_pic_url": "https://instagram.fbga1-4.fna.fbcdn.net/v/t51.2885-19/s150x150/81802602_197280658181675_7424614680745738240_n.jpg?_nc_ht=instagram.fbga1-4.fna.fbcdn.net&_nc_ohc=by6eF4atYowAX_ysgKH&oh=490eec5a95ae991f415780d2e3cc284f&oe=5F96C2B0",
            "username": "palacio_evelin"
        },
        "likes_count": 0,
        "answers": []
    },
    {
        "id": 17862346855396836,
        "created_at": 1558487891,
        "text": "Y como ver una la ropa",
        "owner": {
            "id": "3546954753",
            "is_verified": false,
            "profile_pic_url": "https://instagram.fbga1-4.fna.fbcdn.net/v/t51.2885-19/s150x150/21980301_1919952078222205_5929104675981754368_n.jpg?_nc_ht=instagram.fbga1-4.fna.fbcdn.net&_nc_ohc=neEGzxP5KFcAX9UoQcQ&oh=1b450a6fb1440a85b82d300cb5ac779f&oe=5F97BCE4",
            "username": "yajaira2629"
        },
        "likes_count": 0,
        "answers": [
            {
                "id": 17855331535421406,
                "created_at": 1558503612,
                "text": "@yajaira2629 hola yajaira! Te invitamos a visitarnos en Epk.com y descubrir todas las prendas que tenemos para ti! \u2764\ufe0f",
                "owner": {
                    "id": "208034677",
                    "is_verified": true,
                    "profile_pic_url": "https://instagram.fbga1-4.fna.fbcdn.net/v/t51.2885-19/s150x150/116713279_329296981536344_3404171181868667674_n.jpg?_nc_ht=instagram.fbga1-4.fna.fbcdn.net&_nc_ohc=e_8u8kf3ZDMAX9GL6vk&oh=cb797d66d56f5631c9bff6ad98af462e&oe=5F97C031",
                    "username": "epk"
                },
                "likes_count": 0
            }
        ]
    },
    {
        "id": 18041441992081635,
        "created_at": 1558477763,
        "text": "No recomiendo esta marca, tienen el peor servicio al cliente de la@vida",
        "owner": {
            "id": "229488996",
            "is_verified": false,
            "profile_pic_url": "https://instagram.fbga1-4.fna.fbcdn.net/v/t51.2885-19/10401670_1499864166895133_217721347_a.jpg?_nc_ht=instagram.fbga1-4.fna.fbcdn.net&_nc_ohc=k1RVjwb_h0cAX9KDlmY&oh=271b597d82bdf1f9d7a61caa435ec606&oe=5F95046F",
            "username": "gabrielaqd"
        },
        "likes_count": 1,
        "answers": [
            {
                "id": 17854922413419260,
                "created_at": 1558503578,
                "text": "@gabrielaqd Hola Gabriela! Gracias por contactarnos! Por favor cu\u00e9ntanos tu experiencia por mensaje interno y tambi\u00e9n comp\u00e1rtenos tus datos para poder ayudarte mas a fondo. Nuestros clientes son lo mas importante para nosotros \ud83d\udc9c",
                "owner": {
                    "id": "208034677",
                    "is_verified": true,
                    "profile_pic_url": "https://instagram.fbga1-4.fna.fbcdn.net/v/t51.2885-19/s150x150/116713279_329296981536344_3404171181868667674_n.jpg?_nc_ht=instagram.fbga1-4.fna.fbcdn.net&_nc_ohc=e_8u8kf3ZDMAX9GL6vk&oh=cb797d66d56f5631c9bff6ad98af462e&oe=5F97C031",
                    "username": "epk"
                },
                "likes_count": 0
            }
        ]
    }
]