[
    {
        "id": 17842035823764013,
        "created_at": 1571946661,
        "text": "Hermosisimo\ud83d\ude0d",
        "owner": {
            "id": "2565507860",
            "is_verified": false,
            "profile_pic_url": "https://instagram.fbga1-4.fna.fbcdn.net/v/t51.2885-19/s150x150/23164647_160970937831011_1673027136320962560_n.jpg?_nc_ht=instagram.fbga1-4.fna.fbcdn.net&_nc_ohc=-_gahYnj6XEAX-umw0b&oh=032f52990a6267d928299c1323a3afd8&oe=5F95CA00",
            "username": "gaviota1213"
        },
        "likes_count": 0,
        "answers": []
    },
    {
        "id": 17879142979322097,
        "created_at": 1553953083,
        "text": "Divinooo\ud83d\ude0d",
        "owner": {
            "id": "4689588096",
            "is_verified": false,
            "profile_pic_url": "https://instagram.fbga1-4.fna.fbcdn.net/v/t51.2885-19/s150x150/21147814_142349506365432_7809836310478192640_a.jpg?_nc_ht=instagram.fbga1-4.fna.fbcdn.net&_nc_ohc=m8nAPEUxlcYAX8d8NiY&oh=7eb329eaf807cd2d987928555c8c8cb1&oe=5F9680C6",
            "username": "dianaarrietamejia"
        },
        "likes_count": 1,
        "answers": []
    },
    {
        "id": 18051053023027009,
        "created_at": 1553920802,
        "text": "\ud83d\ude0d\ud83d\ude0d\ud83d\ude0d\ud83d\ude0d\ud83d\ude0d\ud83d\ude0d\ud83d\ude0d",
        "owner": {
            "id": "8136789",
            "is_verified": false,
            "profile_pic_url": "https://instagram.fbga1-4.fna.fbcdn.net/v/t51.2885-19/s150x150/70849536_2333884273594519_5190751152999759872_n.jpg?_nc_ht=instagram.fbga1-4.fna.fbcdn.net&_nc_ohc=1Sze2bCXerMAX8OjorT&oh=4f6faf37a59c26dbe1ac52ffadf1eceb&oe=5F94CB23",
            "username": "claudiamargarita"
        },
        "likes_count": 1,
        "answers": []
    },
    {
        "id": 18018739552144521,
        "created_at": 1553920395,
        "text": "Cual es el precio ?",
        "owner": {
            "id": "2060126152",
            "is_verified": false,
            "profile_pic_url": "https://instagram.fbga1-4.fna.fbcdn.net/v/t51.2885-19/s150x150/118892753_632026517457009_940233155679968297_n.jpg?_nc_ht=instagram.fbga1-4.fna.fbcdn.net&_nc_ohc=YTAbkE3dtkAAX-PWujb&oh=1d20c095cbd3bf7ec6fd36ac110840d0&oe=5F95AA11",
            "username": "misleidis_perez_"
        },
        "likes_count": 1,
        "answers": [
            {
                "id": 18050984347010453,
                "created_at": 1553962062,
                "text": "@misleidis_perez_ hola! Te invitamos a validar nuestra nueva colecci\u00f3n en www.epk.com!\u2764\ufe0f",
                "owner": {
                    "id": "208034677",
                    "is_verified": true,
                    "profile_pic_url": "https://instagram.fbga1-4.fna.fbcdn.net/v/t51.2885-19/s150x150/116713279_329296981536344_3404171181868667674_n.jpg?_nc_ht=instagram.fbga1-4.fna.fbcdn.net&_nc_ohc=e_8u8kf3ZDMAX9GL6vk&oh=cb797d66d56f5631c9bff6ad98af462e&oe=5F97C031",
                    "username": "epk"
                },
                "likes_count": 1
            }
        ]
    }
]