[
    {
        "id": 17915900266284856,
        "created_at": 1550287285,
        "text": "17 corazones rojos \u2764@jefreyleon @isy852 @cielo",
        "owner": {
            "id": "955657480",
            "is_verified": false,
            "profile_pic_url": "https://instagram.fbga1-4.fna.fbcdn.net/v/t51.2885-19/s150x150/101805780_2740103189593943_5591988465916114117_n.jpg?_nc_ht=instagram.fbga1-4.fna.fbcdn.net&_nc_ohc=H_gX1DUj2ckAX8lqxdB&oh=d58d992975f65d8ec25de35c9f677611&oe=5F95E7DE",
            "username": "nataliett13"
        },
        "likes_count": 0,
        "answers": []
    },
    {
        "id": 17995219522169252,
        "created_at": 1550287012,
        "text": "17 corazones rojos @luzandrea23 @ulale_ulale @cristiandavidav",
        "owner": {
            "id": "8104144703",
            "is_verified": false,
            "profile_pic_url": "https://instagram.fbga1-4.fna.fbcdn.net/v/t51.2885-19/s150x150/95417239_2685855425073298_7022225907817381888_n.jpg?_nc_ht=instagram.fbga1-4.fna.fbcdn.net&_nc_ohc=FOYL3nadnmAAX8LbDCb&oh=1101af26df58bd6d00f4524d2c7a1d3e&oe=5F967016",
            "username": "mom_and_ellie"
        },
        "likes_count": 2,
        "answers": []
    },
    {
        "id": 18002139949152191,
        "created_at": 1550270511,
        "text": "79  corazones",
        "owner": {
            "id": "1376179326",
            "is_verified": false,
            "profile_pic_url": "https://instagram.fbga1-4.fna.fbcdn.net/v/t51.2885-19/s150x150/93158548_239209730556445_8748249268373946368_n.jpg?_nc_ht=instagram.fbga1-4.fna.fbcdn.net&_nc_ohc=jPq5sVw5c3EAX-ev-KM&oh=38cac38810099f84a71df3af80d7470d&oe=5F94D00E",
            "username": "zaretdayana"
        },
        "likes_count": 0,
        "answers": []
    },
    {
        "id": 17933502874263634,
        "created_at": 1550270241,
        "text": "17 rojos, 14 blanco con flores , 14 rojo con grabado , 16 rojo estrellas",
        "owner": {
            "id": "4040395610",
            "is_verified": false,
            "profile_pic_url": "https://instagram.fbga1-4.fna.fbcdn.net/v/t51.2885-19/s150x150/103883019_566304180748869_7978448069731242548_n.jpg?_nc_ht=instagram.fbga1-4.fna.fbcdn.net&_nc_ohc=WZkdbJLnnOwAX-39mDk&oh=2535f6ae9cb593d5c2450c2f278efe73&oe=5F961DA4",
            "username": "eli_ej10"
        },
        "likes_count": 0,
        "answers": []
    },
    {
        "id": 18033850951001049,
        "created_at": 1550270192,
        "text": "17 CORAZONES \u2764",
        "owner": {
            "id": "5718616288",
            "is_verified": false,
            "profile_pic_url": "https://instagram.fbga1-4.fna.fbcdn.net/v/t51.2885-19/s150x150/101717358_183860216276429_4820372676839211008_n.jpg?_nc_ht=instagram.fbga1-4.fna.fbcdn.net&_nc_ohc=pjDACy0VFzsAX-Wd_Pe&oh=d9c3d10e65d35e2c4f26d8d06d86e456&oe=5F95044B",
            "username": "emilyisabella6723"
        },
        "likes_count": 0,
        "answers": []
    },
    {
        "id": 18009775771084702,
        "created_at": 1550270126,
        "text": "17 rojos",
        "owner": {
            "id": "4040395610",
            "is_verified": false,
            "profile_pic_url": "https://instagram.fbga1-4.fna.fbcdn.net/v/t51.2885-19/s150x150/103883019_566304180748869_7978448069731242548_n.jpg?_nc_ht=instagram.fbga1-4.fna.fbcdn.net&_nc_ohc=WZkdbJLnnOwAX-39mDk&oh=2535f6ae9cb593d5c2450c2f278efe73&oe=5F961DA4",
            "username": "eli_ej10"
        },
        "likes_count": 0,
        "answers": []
    },
    {
        "id": 17960516026231843,
        "created_at": 1550262734,
        "text": "Rojos fondo entero 17, rojos con grabado 14 19 rosa, 14 con puntos blancos, 14 blancos.",
        "owner": {
            "id": "2123683486",
            "is_verified": false,
            "profile_pic_url": "https://instagram.fbga1-4.fna.fbcdn.net/v/t51.2885-19/s150x150/118533935_3589793277784130_8303698706930969739_n.jpg?_nc_ht=instagram.fbga1-4.fna.fbcdn.net&_nc_ohc=QUUM9KSaT1sAX_lQFoz&oh=485403a46bea6d8e49ecca156e7ff22f&oe=5F984332",
            "username": "ancris61"
        },
        "likes_count": 0,
        "answers": []
    },
    {
        "id": 17999848066163795,
        "created_at": 1550257380,
        "text": "17 \u2764\ufe0f rojos @sofiajrod @daissyordonez @juliana4247",
        "owner": {
            "id": "1396700934",
            "is_verified": false,
            "profile_pic_url": "https://instagram.fbga1-4.fna.fbcdn.net/v/t51.2885-19/s150x150/93807594_174221163733807_7510092574409883648_n.jpg?_nc_ht=instagram.fbga1-4.fna.fbcdn.net&_nc_ohc=jCdHnatXZkEAX8LwYib&oh=cd5d8120a7ffb3aada9d62bf5f90ff0f&oe=5F97F035",
            "username": "dainnyjrod"
        },
        "likes_count": 0,
        "answers": []
    },
    {
        "id": 17902257997293735,
        "created_at": 1550248819,
        "text": "\ud83d\udc97\ud83d\udc96\ud83d\udc9f\ud83d\udc9e\ud83d\udc9d\ud83d\udc98\u2764\ud83d\udc9a\ud83d\udc9b\ud83d\udc99",
        "owner": {
            "id": "3922054278",
            "is_verified": false,
            "profile_pic_url": "https://instagram.fbga1-4.fna.fbcdn.net/v/t51.2885-19/s150x150/14240561_306828906357209_1127784330_a.jpg?_nc_ht=instagram.fbga1-4.fna.fbcdn.net&_nc_ohc=ylqeqpfHQgoAX_8RvfY&oh=33a53e2f091902b0ba40a60d2f396347&oe=5F974B76",
            "username": "marthacano10"
        },
        "likes_count": 0,
        "answers": []
    },
    {
        "id": 17961289036228710,
        "created_at": 1550247976,
        "text": "17 \u2764\ufe0f rojos @valbuenayeinalith @valbuena_parra14 @adcvp_",
        "owner": {
            "id": "4519254718",
            "is_verified": false,
            "profile_pic_url": "https://instagram.fbga1-4.fna.fbcdn.net/v/t51.2885-19/s150x150/79366251_569733163824109_8104275057561305088_n.jpg?_nc_ht=instagram.fbga1-4.fna.fbcdn.net&_nc_ohc=2b6-5Z8K5ecAX8O_ZFb&oh=1ed9d1812bafe07890fefb54b723a380&oe=5F94F513",
            "username": "emilyvalbuena"
        },
        "likes_count": 1,
        "answers": []
    },
    {
        "id": 18027716203076996,
        "created_at": 1550243712,
        "text": "17 corazones  rojos \ud83d\ude0d@marianaechavarria_  @_roxana_25 @natty677",
        "owner": {
            "id": "6202693006",
            "is_verified": false,
            "profile_pic_url": "https://instagram.fbga1-4.fna.fbcdn.net/v/t51.2885-19/s150x150/106138127_1042525656477919_2864160245899907831_n.jpg?_nc_ht=instagram.fbga1-4.fna.fbcdn.net&_nc_ohc=AarFvXOLIP4AX-Eouyg&oh=09c1a845786ef3bc9d39ddddea2b5ed7&oe=5F95A557",
            "username": "mailen2616"
        },
        "likes_count": 0,
        "answers": []
    },
    {
        "id": 18035420920022050,
        "created_at": 1550193177,
        "text": "Happy Valentines Day\u2764\ufe0f",
        "owner": {
            "id": "5610110323",
            "is_verified": false,
            "profile_pic_url": "https://instagram.fbga1-4.fna.fbcdn.net/v/t51.2885-19/s150x150/35263180_190184441691062_1873502513047535616_n.jpg?_nc_ht=instagram.fbga1-4.fna.fbcdn.net&_nc_ohc=XovNWea3TY4AX8QKV2f&oh=e07318888c95f279d6abdf0fd0b9e747&oe=5F97825B",
            "username": "edimassard"
        },
        "likes_count": 0,
        "answers": []
    },
    {
        "id": 18033085162033884,
        "created_at": 1550186538,
        "text": "\ud83d\ude0d\ud83d\ude0d\ud83d\ude0d",
        "owner": {
            "id": "193513386",
            "is_verified": true,
            "profile_pic_url": "https://instagram.fbga1-4.fna.fbcdn.net/v/t51.2885-19/s150x150/23101659_1522943334438010_4318393834338779136_n.jpg?_nc_ht=instagram.fbga1-4.fna.fbcdn.net&_nc_ohc=ZKq2Spk2eZgAX8ixx_L&oh=53a12df6b55ab457764a23c414b15d36&oe=5F962063",
            "username": "dianajanna"
        },
        "likes_count": 0,
        "answers": []
    },
    {
        "id": 17969650171212866,
        "created_at": 1550170644,
        "text": "17 corazones rojos @elianamhd @luzrociosarmiento03 @limarin45",
        "owner": {
            "id": "7945332339",
            "is_verified": false,
            "profile_pic_url": "https://instagram.fbga1-4.fna.fbcdn.net/v/t51.2885-19/s150x150/57119730_2144809458979863_1905210014620975104_n.jpg?_nc_ht=instagram.fbga1-4.fna.fbcdn.net&_nc_ohc=vHgL9LxprLcAX_mpwQ0&oh=52989f94988093ef28f14e205a8ad771&oe=5F96530E",
            "username": "dianapaolamarinrodriguez"
        },
        "likes_count": 0,
        "answers": []
    }
]