[
    {
        "id": 17866949968330468,
        "created_at": 1551890495,
        "text": "Estos vestidos entan disponibles en valledupar?",
        "owner": {
            "id": "1130466205",
            "is_verified": false,
            "profile_pic_url": "https://instagram.fbga1-4.fna.fbcdn.net/v/t51.2885-19/s150x150/96792083_2302251733404022_6060633578360799232_n.jpg?_nc_ht=instagram.fbga1-4.fna.fbcdn.net&_nc_ohc=7V3wQMt1fusAX9gUGcx&oh=20d80eb3592f61dc0d8fd56c5b70b59a&oe=5F94DA6E",
            "username": "lindyorozcob"
        },
        "likes_count": 0,
        "answers": [
            {
                "id": 18042105025019508,
                "created_at": 1551901849,
                "text": "@lindy2504 Hola! Si, te esperamos \u2764\ufe0f",
                "owner": {
                    "id": "208034677",
                    "is_verified": true,
                    "profile_pic_url": "https://instagram.fbga1-4.fna.fbcdn.net/v/t51.2885-19/s150x150/116713279_329296981536344_3404171181868667674_n.jpg?_nc_ht=instagram.fbga1-4.fna.fbcdn.net&_nc_ohc=e_8u8kf3ZDMAX9GL6vk&oh=cb797d66d56f5631c9bff6ad98af462e&oe=5F97C031",
                    "username": "epk"
                },
                "likes_count": 0
            }
        ]
    },
    {
        "id": 17860934221345638,
        "created_at": 1551828853,
        "text": "Bellos \ud83d\ude18",
        "owner": {
            "id": "4220591894",
            "is_verified": false,
            "profile_pic_url": "https://instagram.fbga1-4.fna.fbcdn.net/v/t51.2885-19/s150x150/119785683_372715420425377_5120637903384292475_n.jpg?_nc_ht=instagram.fbga1-4.fna.fbcdn.net&_nc_ohc=FUo_GVCX4bgAX-cn89C&oh=2abab0aef8ada023979a7723b52d3b18&oe=5F98388A",
            "username": "stellalachikita2016"
        },
        "likes_count": 0,
        "answers": [
            {
                "id": 18042370495007614,
                "created_at": 1551901856,
                "text": "@stellalachikita2016 gracias! \ud83d\udc9c",
                "owner": {
                    "id": "208034677",
                    "is_verified": true,
                    "profile_pic_url": "https://instagram.fbga1-4.fna.fbcdn.net/v/t51.2885-19/s150x150/116713279_329296981536344_3404171181868667674_n.jpg?_nc_ht=instagram.fbga1-4.fna.fbcdn.net&_nc_ohc=e_8u8kf3ZDMAX9GL6vk&oh=cb797d66d56f5631c9bff6ad98af462e&oe=5F97C031",
                    "username": "epk"
                },
                "likes_count": 0
            }
        ]
    },
    {
        "id": 18034539724074667,
        "created_at": 1551826980,
        "text": "Y lo nuevo para ni\u00f1os",
        "owner": {
            "id": "1620950504",
            "is_verified": false,
            "profile_pic_url": "https://instagram.fbga1-4.fna.fbcdn.net/v/t51.2885-19/s150x150/106006659_2874254872793868_4639791022870584693_n.jpg?_nc_ht=instagram.fbga1-4.fna.fbcdn.net&_nc_ohc=1KnomBna458AX-FEsTV&oh=2c1f17d69aba4115831c971e0ef000a1&oe=5F96D533",
            "username": "andreaarteagao"
        },
        "likes_count": 0,
        "answers": [
            {
                "id": 17998335448195023,
                "created_at": 1551901877,
                "text": "@andreaarteagao vis\u00edtanos en epk.com y encuentra muchas prendas para tu ni\u00f1o \u2764\ufe0f\u2764\ufe0f",
                "owner": {
                    "id": "208034677",
                    "is_verified": true,
                    "profile_pic_url": "https://instagram.fbga1-4.fna.fbcdn.net/v/t51.2885-19/s150x150/116713279_329296981536344_3404171181868667674_n.jpg?_nc_ht=instagram.fbga1-4.fna.fbcdn.net&_nc_ohc=e_8u8kf3ZDMAX9GL6vk&oh=cb797d66d56f5631c9bff6ad98af462e&oe=5F97C031",
                    "username": "epk"
                },
                "likes_count": 0
            }
        ]
    }
]