[
    {
        "id": 18035131738063613,
        "created_at": 1550758216,
        "text": "\ud83d\udc96\ud83c\udf37",
        "owner": {
            "id": "290063942",
            "is_verified": false,
            "profile_pic_url": "https://instagram.fbga1-4.fna.fbcdn.net/v/t51.2885-19/s150x150/12677580_1013500382022137_216583351_a.jpg?_nc_ht=instagram.fbga1-4.fna.fbcdn.net&_nc_ohc=uEJfIuvP3yoAX9rYtHY&oh=ffb22fa49734d56687d768e526ed398b&oe=5F97E3FD",
            "username": "piliamaris"
        },
        "likes_count": 0,
        "answers": []
    },
    {
        "id": 17913250510287970,
        "created_at": 1550329127,
        "text": "Informaci\u00f3n para inscribir a una ni\u00f1a para lucir sus prendas",
        "owner": {
            "id": "9392869477",
            "is_verified": false,
            "profile_pic_url": "https://instagram.fbga1-4.fna.fbcdn.net/v/t51.2885-19/s150x150/45423742_289056998389692_8819464241368006656_n.jpg?_nc_ht=instagram.fbga1-4.fna.fbcdn.net&_nc_ohc=uJxacD66nqsAX-xGU6-&oh=a0c868b7ca441894c22c211a40ec7220&oe=5F959A37",
            "username": "angelinatuberquias"
        },
        "likes_count": 0,
        "answers": []
    },
    {
        "id": 18029389876068981,
        "created_at": 1550321336,
        "text": "Hola hay tienda en Ibagu\u00e9???",
        "owner": {
            "id": "2273738023",
            "is_verified": false,
            "profile_pic_url": "https://instagram.fbga1-4.fna.fbcdn.net/v/t51.2885-19/s150x150/12301271_443347795864351_1695175113_a.jpg?_nc_ht=instagram.fbga1-4.fna.fbcdn.net&_nc_ohc=X1lyNaHJ0f0AX-GrvQv&oh=c5f13b40adb1fa952ce925c5478c621e&oe=5F963BDB",
            "username": "yoesjiher_"
        },
        "likes_count": 0,
        "answers": []
    }
]