[
    {
        "id": 18022631137239065,
        "created_at": 1569765648,
        "text": "Que cuesta as\u00ed como est\u00e1 en la foto gracias",
        "owner": {
            "id": "19123798134",
            "is_verified": false,
            "profile_pic_url": "https://instagram.fbga1-4.fna.fbcdn.net/v/t51.2885-19/s150x150/118472261_183755936495747_4434472923730438291_n.jpg?_nc_ht=instagram.fbga1-4.fna.fbcdn.net&_nc_ohc=_2gQsNnm5HIAX9BD0mU&oh=7285bd95179e06a50ecb6a9acc63468d&oe=5F94DA29",
            "username": "carol.4157"
        },
        "likes_count": 0,
        "answers": []
    },
    {
        "id": 17902670623348754,
        "created_at": 1564500489,
        "text": "Para papa y hijo cuanto vale todo",
        "owner": {
            "id": "7120831786",
            "is_verified": false,
            "profile_pic_url": "https://instagram.fbga1-4.fna.fbcdn.net/v/t51.2885-19/s150x150/68835799_586151331917432_5243207929342984192_n.jpg?_nc_ht=instagram.fbga1-4.fna.fbcdn.net&_nc_ohc=3gtvnh4n0BUAX-QdVMO&oh=fbc52a6568b52fe43e3342b3001072e1&oe=5F952420",
            "username": "danielitajacome1202"
        },
        "likes_count": 0,
        "answers": [
            {
                "id": 17875511869414588,
                "created_at": 1564579658,
                "text": "@danielitajacome1202 \u00a1Hola! \u00a1Te invitamos a visitarnos en www.epk.com y descubrir todas las prendas que tenemos para ti! \u2764\ufe0f",
                "owner": {
                    "id": "208034677",
                    "is_verified": true,
                    "profile_pic_url": "https://instagram.fbga1-4.fna.fbcdn.net/v/t51.2885-19/s150x150/116713279_329296981536344_3404171181868667674_n.jpg?_nc_ht=instagram.fbga1-4.fna.fbcdn.net&_nc_ohc=e_8u8kf3ZDMAX9GL6vk&oh=cb797d66d56f5631c9bff6ad98af462e&oe=5F97C031",
                    "username": "epk"
                },
                "likes_count": 0
            }
        ]
    },
    {
        "id": 17850670711515332,
        "created_at": 1564500458,
        "text": "Que precio  tiene",
        "owner": {
            "id": "7120831786",
            "is_verified": false,
            "profile_pic_url": "https://instagram.fbga1-4.fna.fbcdn.net/v/t51.2885-19/s150x150/68835799_586151331917432_5243207929342984192_n.jpg?_nc_ht=instagram.fbga1-4.fna.fbcdn.net&_nc_ohc=3gtvnh4n0BUAX-QdVMO&oh=fbc52a6568b52fe43e3342b3001072e1&oe=5F952420",
            "username": "danielitajacome1202"
        },
        "likes_count": 0,
        "answers": [
            {
                "id": 17844531604574228,
                "created_at": 1565290848,
                "text": "@danielitajacome1202 \u00a1Hola! \u00a1Te invitamos a visitarnos en www.epk.com y descubrir todas las prendas que tenemos para ti! \u2764\ufe0f",
                "owner": {
                    "id": "208034677",
                    "is_verified": true,
                    "profile_pic_url": "https://instagram.fbga1-4.fna.fbcdn.net/v/t51.2885-19/s150x150/116713279_329296981536344_3404171181868667674_n.jpg?_nc_ht=instagram.fbga1-4.fna.fbcdn.net&_nc_ohc=e_8u8kf3ZDMAX9GL6vk&oh=cb797d66d56f5631c9bff6ad98af462e&oe=5F97C031",
                    "username": "epk"
                },
                "likes_count": 0
            }
        ]
    },
    {
        "id": 18058284859139567,
        "created_at": 1564414386,
        "text": "\ud83d\udd1d\ud83d\udd1d\ud83d\udd1d\ud83d\udc4c",
        "owner": {
            "id": "11891411433",
            "is_verified": false,
            "profile_pic_url": "https://instagram.fbga1-4.fna.fbcdn.net/v/t51.2885-19/s150x150/97329899_901028490362737_1388980139919933440_n.jpg?_nc_ht=instagram.fbga1-4.fna.fbcdn.net&_nc_ohc=jgVTnZTDFTwAX-7YspK&oh=6ba71d9419a301eb96b03c2ad1df511a&oe=5F975882",
            "username": "isabellove2016"
        },
        "likes_count": 1,
        "answers": []
    },
    {
        "id": 17848015225525016,
        "created_at": 1564413039,
        "text": "A que numero me puedo comunicar",
        "owner": {
            "id": "7120831786",
            "is_verified": false,
            "profile_pic_url": "https://instagram.fbga1-4.fna.fbcdn.net/v/t51.2885-19/s150x150/68835799_586151331917432_5243207929342984192_n.jpg?_nc_ht=instagram.fbga1-4.fna.fbcdn.net&_nc_ohc=3gtvnh4n0BUAX-QdVMO&oh=fbc52a6568b52fe43e3342b3001072e1&oe=5F952420",
            "username": "danielitajacome1202"
        },
        "likes_count": 0,
        "answers": [
            {
                "id": 18086139901029158,
                "created_at": 1564433756,
                "text": "@danielitajacome1202 hola! Nuestro n\u00famero de servicio al cliente es 018000180804",
                "owner": {
                    "id": "208034677",
                    "is_verified": true,
                    "profile_pic_url": "https://instagram.fbga1-4.fna.fbcdn.net/v/t51.2885-19/s150x150/116713279_329296981536344_3404171181868667674_n.jpg?_nc_ht=instagram.fbga1-4.fna.fbcdn.net&_nc_ohc=e_8u8kf3ZDMAX9GL6vk&oh=cb797d66d56f5631c9bff6ad98af462e&oe=5F97C031",
                    "username": "epk"
                },
                "likes_count": 0
            }
        ]
    },
    {
        "id": 17875069438417342,
        "created_at": 1564413009,
        "text": "Tene envio para  oca\u00f1a que precio tiene",
        "owner": {
            "id": "7120831786",
            "is_verified": false,
            "profile_pic_url": "https://instagram.fbga1-4.fna.fbcdn.net/v/t51.2885-19/s150x150/68835799_586151331917432_5243207929342984192_n.jpg?_nc_ht=instagram.fbga1-4.fna.fbcdn.net&_nc_ohc=3gtvnh4n0BUAX-QdVMO&oh=fbc52a6568b52fe43e3342b3001072e1&oe=5F952420",
            "username": "danielitajacome1202"
        },
        "likes_count": 0,
        "answers": [
            {
                "id": 17919545722314322,
                "created_at": 1564433834,
                "text": "@danielitajacome1202 asi es! Te invitamos a visitarnos y realizar tu compra! Para compras mayores a $100.000 el env\u00edo es gratuito. El env\u00edo standard tiene un promedio de $4.500",
                "owner": {
                    "id": "208034677",
                    "is_verified": true,
                    "profile_pic_url": "https://instagram.fbga1-4.fna.fbcdn.net/v/t51.2885-19/s150x150/116713279_329296981536344_3404171181868667674_n.jpg?_nc_ht=instagram.fbga1-4.fna.fbcdn.net&_nc_ohc=e_8u8kf3ZDMAX9GL6vk&oh=cb797d66d56f5631c9bff6ad98af462e&oe=5F97C031",
                    "username": "epk"
                },
                "likes_count": 0
            }
        ]
    },
    {
        "id": 17901707263354279,
        "created_at": 1564400563,
        "text": "Y para ni\u00f1as y mam\u00e1s tambi\u00e9n",
        "owner": {
            "id": "306155539",
            "is_verified": false,
            "profile_pic_url": "https://instagram.fbga1-4.fna.fbcdn.net/v/t51.2885-19/s150x150/84352719_796897250795895_9049876798573117440_n.jpg?_nc_ht=instagram.fbga1-4.fna.fbcdn.net&_nc_ohc=jHFv-fHML1cAX87Nc0S&oh=17052651ce8141377089259760ceb685&oe=5F975824",
            "username": "zulmadefranco"
        },
        "likes_count": 0,
        "answers": [
            {
                "id": 17894771560366977,
                "created_at": 1564434102,
                "text": "@zulmadefranco Te invitamos a seguir atenta a nuestras campa\u00f1as Zulma para enterarte de m\u00e1s combinaciones!",
                "owner": {
                    "id": "208034677",
                    "is_verified": true,
                    "profile_pic_url": "https://instagram.fbga1-4.fna.fbcdn.net/v/t51.2885-19/s150x150/116713279_329296981536344_3404171181868667674_n.jpg?_nc_ht=instagram.fbga1-4.fna.fbcdn.net&_nc_ohc=e_8u8kf3ZDMAX9GL6vk&oh=cb797d66d56f5631c9bff6ad98af462e&oe=5F97C031",
                    "username": "epk"
                },
                "likes_count": 2
            }
        ]
    },
    {
        "id": 18052351414146331,
        "created_at": 1564362823,
        "text": "Precio",
        "owner": {
            "id": "2110074559",
            "is_verified": false,
            "profile_pic_url": "https://instagram.fscl11-2.fna.fbcdn.net/v/t51.2885-19/44884218_345707102882519_2446069589734326272_n.jpg?_nc_ht=instagram.fscl11-2.fna.fbcdn.net&_nc_ohc=RLYRR3IenIMAX8CrcHm&oh=1b233051339461788a4c07a807c2297f&oe=5F96310F&ig_cache_key=YW5vbnltb3VzX3Byb2ZpbGVfcGlj.2",
            "username": "luz_neidy_cifuentes"
        },
        "likes_count": 0,
        "answers": [
            {
                "id": 18087678937037369,
                "created_at": 1564404369,
                "text": "@luz_neidy_cifuentes \u00a1Hola! \u00a1Te invitamos a visitarnos en www.epk.com y descubrir todas las prendas que tenemos para ti! \u2764\ufe0f",
                "owner": {
                    "id": "208034677",
                    "is_verified": true,
                    "profile_pic_url": "https://instagram.fbga1-4.fna.fbcdn.net/v/t51.2885-19/s150x150/116713279_329296981536344_3404171181868667674_n.jpg?_nc_ht=instagram.fbga1-4.fna.fbcdn.net&_nc_ohc=e_8u8kf3ZDMAX9GL6vk&oh=cb797d66d56f5631c9bff6ad98af462e&oe=5F97C031",
                    "username": "epk"
                },
                "likes_count": 0
            }
        ]
    },
    {
        "id": 17965081012304512,
        "created_at": 1564357762,
        "text": "Tiene en vio para vzla",
        "owner": {
            "id": "1780526003",
            "is_verified": false,
            "profile_pic_url": "https://instagram.fbga1-4.fna.fbcdn.net/v/t51.2885-19/s150x150/24332405_1975495772706084_2470912926114906112_n.jpg?_nc_ht=instagram.fbga1-4.fna.fbcdn.net&_nc_ohc=9e0aO7lkNJ0AX9Xuwkr&oh=9ba3d83772f3de12c3a9d201579432c5&oe=5F955EE6",
            "username": "dila_moreno9"
        },
        "likes_count": 0,
        "answers": [
            {
                "id": 17853857647489724,
                "created_at": 1564404412,
                "text": "@dila_moreno9 Hola Dila, tu tienda m\u00e1s cercana se encuentra en C\u00facuta. Te esperamos!",
                "owner": {
                    "id": "208034677",
                    "is_verified": true,
                    "profile_pic_url": "https://instagram.fbga1-4.fna.fbcdn.net/v/t51.2885-19/s150x150/116713279_329296981536344_3404171181868667674_n.jpg?_nc_ht=instagram.fbga1-4.fna.fbcdn.net&_nc_ohc=e_8u8kf3ZDMAX9GL6vk&oh=cb797d66d56f5631c9bff6ad98af462e&oe=5F97C031",
                    "username": "epk"
                },
                "likes_count": 1
            }
        ]
    },
    {
        "id": 17860314718461923,
        "created_at": 1564356882,
        "text": "Hola tienen pago contra entrega para Bogot\u00e1??????",
        "owner": {
            "id": "2346013624",
            "is_verified": false,
            "profile_pic_url": "https://instagram.fbga1-4.fna.fbcdn.net/v/t51.2885-19/s150x150/116909855_627436858167940_3912978938573032622_n.jpg?_nc_ht=instagram.fbga1-4.fna.fbcdn.net&_nc_ohc=ixISNfLrhOMAX999cEw&oh=6e4173c4353fede7e2a9e3797a80b343&oe=5F96322E",
            "username": "patticomorales"
        },
        "likes_count": 0,
        "answers": [
            {
                "id": 17890366873372524,
                "created_at": 1564404394,
                "text": "@patticomorales Hola, a\u00fan no manejamos contra entrega. Puedes realizar tus pagos v\u00eda PSE, Baloto, efecty! Te esperamos!",
                "owner": {
                    "id": "208034677",
                    "is_verified": true,
                    "profile_pic_url": "https://instagram.fbga1-4.fna.fbcdn.net/v/t51.2885-19/s150x150/116713279_329296981536344_3404171181868667674_n.jpg?_nc_ht=instagram.fbga1-4.fna.fbcdn.net&_nc_ohc=e_8u8kf3ZDMAX9GL6vk&oh=cb797d66d56f5631c9bff6ad98af462e&oe=5F97C031",
                    "username": "epk"
                },
                "likes_count": 1
            }
        ]
    }
]