[
    {
        "id": 18117188350036733,
        "created_at": 1574915237,
        "text": "Hola disculpa que precio tiene el vestido",
        "owner": {
            "id": "1601335521",
            "is_verified": false,
            "profile_pic_url": "https://instagram.fbga1-4.fna.fbcdn.net/v/t51.2885-19/s150x150/51635272_949382688600685_9139792583159971840_n.jpg?_nc_ht=instagram.fbga1-4.fna.fbcdn.net&_nc_ohc=awi06aNFkzsAX_Ddgyc&oh=43a3bdb920bae5ce713380de41b2e49b&oe=5F97627F",
            "username": "avrill_21"
        },
        "likes_count": 0,
        "answers": []
    },
    {
        "id": 17847747580476089,
        "created_at": 1560785218,
        "text": "Hola buen d\u00eda precio de Ecuador por favor",
        "owner": {
            "id": "1541571830",
            "is_verified": false,
            "profile_pic_url": "https://instagram.fbga1-4.fna.fbcdn.net/v/t51.2885-19/s150x150/92716194_911856149236503_8623178283116134400_n.jpg?_nc_ht=instagram.fbga1-4.fna.fbcdn.net&_nc_ohc=lu8fqpDvm0EAX-Bgk7m&oh=d7c762377be58160121a7ec399140a00&oe=5F978178",
            "username": "flor.rodriguez1"
        },
        "likes_count": 0,
        "answers": []
    },
    {
        "id": 17871327778386550,
        "created_at": 1559875410,
        "text": "@johanamendozaduarte miree",
        "owner": {
            "id": "1643875556",
            "is_verified": false,
            "profile_pic_url": "https://instagram.fbga1-4.fna.fbcdn.net/v/t51.2885-19/s150x150/74394205_526797611449020_4303285591090397184_n.jpg?_nc_ht=instagram.fbga1-4.fna.fbcdn.net&_nc_ohc=h1VqQReEZlEAX8LMVFH&oh=e0cfb8f15e11c6e66ce3a1fa88a2d3fe&oe=5F97CAC2",
            "username": "johanna22velca"
        },
        "likes_count": 0,
        "answers": []
    },
    {
        "id": 18055924150107021,
        "created_at": 1559793474,
        "text": "Que precio?",
        "owner": {
            "id": "1927819942",
            "is_verified": false,
            "profile_pic_url": "https://instagram.fbga1-4.fna.fbcdn.net/v/t51.2885-19/s150x150/46313857_362042967685436_722311394929672192_n.jpg?_nc_ht=instagram.fbga1-4.fna.fbcdn.net&_nc_ohc=AG_Nw14j5T8AX8hbzST&oh=e8589ff8207c7a34734352b04b700db6&oe=5F96846C",
            "username": "caro2co"
        },
        "likes_count": 0,
        "answers": []
    },
    {
        "id": 18068041090045939,
        "created_at": 1558665677,
        "text": "HERMOSAS\ud83d\ude0dme encanta epk\ud83d\ude18",
        "owner": {
            "id": "10621821742",
            "is_verified": false,
            "profile_pic_url": "https://instagram.fbga1-4.fna.fbcdn.net/v/t51.2885-19/s150x150/50810236_2625311320842804_7255074969904742400_n.jpg?_nc_ht=instagram.fbga1-4.fna.fbcdn.net&_nc_ohc=lujgIIPVhwsAX-NAgpj&oh=327d7de70e07133bcd572e292089af43&oe=5F958C24",
            "username": "durakajdg15230516"
        },
        "likes_count": 2,
        "answers": [
            {
                "id": 17873383036372438,
                "created_at": 1558707139,
                "text": "@durley_blanco Gracias por preferirnos Durley! \u2764\ufe0f",
                "owner": {
                    "id": "208034677",
                    "is_verified": true,
                    "profile_pic_url": "https://instagram.fbga1-4.fna.fbcdn.net/v/t51.2885-19/s150x150/116713279_329296981536344_3404171181868667674_n.jpg?_nc_ht=instagram.fbga1-4.fna.fbcdn.net&_nc_ohc=e_8u8kf3ZDMAX9GL6vk&oh=cb797d66d56f5631c9bff6ad98af462e&oe=5F97C031",
                    "username": "epk"
                },
                "likes_count": 1
            }
        ]
    },
    {
        "id": 18041697469091336,
        "created_at": 1558663753,
        "text": "\ud83d\udc96Un ramillete de hermosas princesas!!!! \ud83c\udf39\ud83c\udf39\ud83c\udf39",
        "owner": {
            "id": "8380153989",
            "is_verified": false,
            "profile_pic_url": "https://instagram.fbga1-4.fna.fbcdn.net/v/t51.2885-19/s150x150/37908756_290299771555612_134691832259936256_n.jpg?_nc_ht=instagram.fbga1-4.fna.fbcdn.net&_nc_ohc=nV5NNZngR9cAX-76JLZ&oh=464e4d9797de9abe36fb2de4853647f6&oe=5F94F660",
            "username": "bigotonestienda"
        },
        "likes_count": 1,
        "answers": []
    },
    {
        "id": 17862694324392536,
        "created_at": 1558660662,
        "text": "Buenas noches, una pregunta en el Centro comercial plaza de las Am\u00e9ricas de Bogot\u00e1, ya se encuentra ese vestido. Gracias",
        "owner": {
            "id": "1278429610",
            "is_verified": false,
            "profile_pic_url": "https://instagram.fbga1-4.fna.fbcdn.net/v/t51.2885-19/s150x150/39749572_1151622181643132_1425017329304993792_n.jpg?_nc_ht=instagram.fbga1-4.fna.fbcdn.net&_nc_ohc=HE7LpJCr_OgAX9yT7l_&oh=77728c620368f57b319dc28c71b4b11d&oe=5F96FC4B",
            "username": "qdirley"
        },
        "likes_count": 2,
        "answers": [
            {
                "id": 18069879319023900,
                "created_at": 1558707176,
                "text": "@qdirley Hola Dirley! Te invitamos a visitarnos ya que nuestro inventario es muy din\u00e1mico! Te esperamos \u2764\ufe0f",
                "owner": {
                    "id": "208034677",
                    "is_verified": true,
                    "profile_pic_url": "https://instagram.fbga1-4.fna.fbcdn.net/v/t51.2885-19/s150x150/116713279_329296981536344_3404171181868667674_n.jpg?_nc_ht=instagram.fbga1-4.fna.fbcdn.net&_nc_ohc=e_8u8kf3ZDMAX9GL6vk&oh=cb797d66d56f5631c9bff6ad98af462e&oe=5F97C031",
                    "username": "epk"
                },
                "likes_count": 0
            }
        ]
    }
]