[
    {
        "id": 18140212591006393,
        "created_at": 1588043364,
        "text": "Hola buenas noche, me regalan por favor el precio",
        "owner": {
            "id": "4478323807",
            "is_verified": false,
            "profile_pic_url": "https://instagram.fbga1-4.fna.fbcdn.net/v/t51.2885-19/s150x150/18096604_1940305306244768_766832343020208128_a.jpg?_nc_ht=instagram.fbga1-4.fna.fbcdn.net&_nc_ohc=QIXy2JGOUigAX9k5flc&oh=09ae3a2d2635ea090b681ad38a2a8c26&oe=5F9760C2",
            "username": "andreaburgos705"
        },
        "likes_count": 0,
        "answers": []
    },
    {
        "id": 17852764690508887,
        "created_at": 1565580942,
        "text": "Precio",
        "owner": {
            "id": "14284328780",
            "is_verified": false,
            "profile_pic_url": "https://instagram.fbga1-4.fna.fbcdn.net/v/t51.2885-19/s150x150/61360165_436283783601025_1240394981810634752_n.jpg?_nc_ht=instagram.fbga1-4.fna.fbcdn.net&_nc_ohc=adQhyfAJQ54AX9en-ol&oh=284ab1103e8a63ee39b172b0bb27a63c&oe=5F95405E",
            "username": "kellyjhoanasimanca"
        },
        "likes_count": 0,
        "answers": [
            {
                "id": 17970704557302221,
                "created_at": 1565617554,
                "text": "@kellyjhoanasimanca \u00a1Hola! \u00a1Te invitamos a visitarnos en www.epk.com y descubrir todas las prendas que tenemos para ti! \u2764\ufe0f",
                "owner": {
                    "id": "208034677",
                    "is_verified": true,
                    "profile_pic_url": "https://instagram.fbga1-4.fna.fbcdn.net/v/t51.2885-19/s150x150/116713279_329296981536344_3404171181868667674_n.jpg?_nc_ht=instagram.fbga1-4.fna.fbcdn.net&_nc_ohc=e_8u8kf3ZDMAX9GL6vk&oh=cb797d66d56f5631c9bff6ad98af462e&oe=5F97C031",
                    "username": "epk"
                },
                "likes_count": 1
            }
        ]
    },
    {
        "id": 17867400919446220,
        "created_at": 1565489311,
        "text": "Me encanta",
        "owner": {
            "id": "192075908",
            "is_verified": false,
            "profile_pic_url": "https://instagram.fbga1-4.fna.fbcdn.net/v/t51.2885-19/s150x150/78784460_1406739339485096_3689619220728905728_n.jpg?_nc_ht=instagram.fbga1-4.fna.fbcdn.net&_nc_ohc=j1EkmyJzQgsAX8FR1R9&oh=171c5929d6c55609985222b12e1f2ec6&oe=5F9508CE",
            "username": "luisachaca"
        },
        "likes_count": 1,
        "answers": [
            {
                "id": 18090975460007389,
                "created_at": 1565617567,
                "text": "@luisachaca Gracias por preferirnos!",
                "owner": {
                    "id": "208034677",
                    "is_verified": true,
                    "profile_pic_url": "https://instagram.fbga1-4.fna.fbcdn.net/v/t51.2885-19/s150x150/116713279_329296981536344_3404171181868667674_n.jpg?_nc_ht=instagram.fbga1-4.fna.fbcdn.net&_nc_ohc=e_8u8kf3ZDMAX9GL6vk&oh=cb797d66d56f5631c9bff6ad98af462e&oe=5F97C031",
                    "username": "epk"
                },
                "likes_count": 0
            }
        ]
    },
    {
        "id": 17853493894509325,
        "created_at": 1565484208,
        "text": "Que bello!!!! Por que se fueron de Venezuela! !!!!! Los extra\u00f1o!!!!!!",
        "owner": {
            "id": "221433953",
            "is_verified": false,
            "profile_pic_url": "https://instagram.fbga1-4.fna.fbcdn.net/v/t51.2885-19/10683907_278560849019536_1243586661_a.jpg?_nc_ht=instagram.fbga1-4.fna.fbcdn.net&_nc_ohc=BzvLt3DsPt0AX-nZ5PO&oh=9a9f4dd55d79bf71f2f349e417d4d2c7&oe=5F968C6E",
            "username": "iaimeer"
        },
        "likes_count": 0,
        "answers": [
            {
                "id": 18071931205104326,
                "created_at": 1565550526,
                "text": "@iaimeer hola! Tu tienda mas cercana se encuentra en C\u00facuta! Te esperamos \ud83d\udc9c",
                "owner": {
                    "id": "208034677",
                    "is_verified": true,
                    "profile_pic_url": "https://instagram.fbga1-4.fna.fbcdn.net/v/t51.2885-19/s150x150/116713279_329296981536344_3404171181868667674_n.jpg?_nc_ht=instagram.fbga1-4.fna.fbcdn.net&_nc_ohc=e_8u8kf3ZDMAX9GL6vk&oh=cb797d66d56f5631c9bff6ad98af462e&oe=5F97C031",
                    "username": "epk"
                },
                "likes_count": 0
            }
        ]
    }
]