[
    {
        "id": 17880334186347501,
        "created_at": 1557348994,
        "text": "\ud83d\udc4d",
        "owner": {
            "id": "2149234156",
            "is_verified": false,
            "profile_pic_url": "https://instagram.fbga1-4.fna.fbcdn.net/v/t51.2885-19/s150x150/68877587_2375376342722786_6965835426762326016_n.jpg?_nc_ht=instagram.fbga1-4.fna.fbcdn.net&_nc_ohc=3TS1NE57GXIAX9LGCPr&oh=445144ba430e6d64a90990809ac588eb&oe=5F97F52A",
            "username": "yaya_7982"
        },
        "likes_count": 1,
        "answers": []
    },
    {
        "id": 17845067179439582,
        "created_at": 1557206601,
        "text": "@luiimorales94651",
        "owner": {
            "id": "12161846969",
            "is_verified": false,
            "profile_pic_url": "https://instagram.fbga1-4.fna.fbcdn.net/v/t51.2885-19/s150x150/79249430_526057168119784_8561357971261489152_n.jpg?_nc_ht=instagram.fbga1-4.fna.fbcdn.net&_nc_ohc=DR_3s6Bv7csAX88N-Jg&oh=7ebe1696f1b079e37c02e35f0054b384&oe=5F96E258",
            "username": "david.hairs"
        },
        "likes_count": 1,
        "answers": []
    },
    {
        "id": 18064541455028700,
        "created_at": 1557197746,
        "text": "\ud83d\udd1d\ud83d\udd1d\ud83d\udd1d",
        "owner": {
            "id": "55905041",
            "is_verified": false,
            "profile_pic_url": "https://instagram.fbga1-4.fna.fbcdn.net/v/t51.2885-19/s150x150/10731618_1204043246288869_1815120425_a.jpg?_nc_ht=instagram.fbga1-4.fna.fbcdn.net&_nc_ohc=q17Shb2XjRUAX8Z3Kg2&oh=2786028bd69dcf3ef8d6791900308992&oe=5F977A72",
            "username": "isabellacuello"
        },
        "likes_count": 1,
        "answers": []
    },
    {
        "id": 17891324881325965,
        "created_at": 1557192019,
        "text": "Me encanta la idea",
        "owner": {
            "id": "300619997",
            "is_verified": false,
            "profile_pic_url": "https://instagram.fbga1-4.fna.fbcdn.net/v/t51.2885-19/11313586_702762243158028_1545189721_a.jpg?_nc_ht=instagram.fbga1-4.fna.fbcdn.net&_nc_ohc=lenYEIuVT1MAX9Hp6qS&oh=78336c490c45e33818b33e02d4ff5335&oe=5F98481F",
            "username": "tabathajanna"
        },
        "likes_count": 1,
        "answers": []
    },
    {
        "id": 17929003672291940,
        "created_at": 1557190779,
        "text": "Un s\u00faper concurso! \ud83d\udc4d\ud83d\udc4d\ud83d\udc4d",
        "owner": {
            "id": "323517886",
            "is_verified": false,
            "profile_pic_url": "https://instagram.fbga1-4.fna.fbcdn.net/v/t51.2885-19/s150x150/91916331_2618379051607251_5017737908832960512_n.jpg?_nc_ht=instagram.fbga1-4.fna.fbcdn.net&_nc_ohc=79SpucXNTrAAX86ToW0&oh=79d4811436e771bcc3db87b43492dce2&oe=5F96E132",
            "username": "bycristianrojas"
        },
        "likes_count": 1,
        "answers": []
    },
    {
        "id": 18030326617145395,
        "created_at": 1557189685,
        "text": "que mal que Venezuela  ya no  cuente con esa tienda",
        "owner": {
            "id": "3659665424",
            "is_verified": false,
            "profile_pic_url": "https://instagram.fbga1-4.fna.fbcdn.net/v/t51.2885-19/s150x150/79245087_514709249147221_4529274400700104704_n.jpg?_nc_ht=instagram.fbga1-4.fna.fbcdn.net&_nc_ohc=KI37igL3FjMAX9LNP-s&oh=f1f1a5ef6f642de3a5e48603e28741fb&oe=5F96773E",
            "username": "roxmar_eme"
        },
        "likes_count": 0,
        "answers": []
    },
    {
        "id": 18046064380108519,
        "created_at": 1557187179,
        "text": "\ud83d\ude0d\ud83d\ude0d\ud83d\ude0d",
        "owner": {
            "id": "193513386",
            "is_verified": true,
            "profile_pic_url": "https://instagram.fbga1-4.fna.fbcdn.net/v/t51.2885-19/s150x150/23101659_1522943334438010_4318393834338779136_n.jpg?_nc_ht=instagram.fbga1-4.fna.fbcdn.net&_nc_ohc=ZKq2Spk2eZgAX8ixx_L&oh=53a12df6b55ab457764a23c414b15d36&oe=5F962063",
            "username": "dianajanna"
        },
        "likes_count": 1,
        "answers": []
    }
]