[
    {
        "id": 17844327236275172,
        "created_at": 1594156437,
        "text": "Y que precio tiene",
        "owner": {
            "id": "31353387016",
            "is_verified": false,
            "profile_pic_url": "https://instagram.fbga1-4.fna.fbcdn.net/v/t51.2885-19/s150x150/91617522_2620261008249817_851915937211744256_n.jpg?_nc_ht=instagram.fbga1-4.fna.fbcdn.net&_nc_ohc=SXFGNrVg2IkAX9Gs44U&oh=6ab5800a72314cf7bc919d6ccef866bf&oe=5F94FFAA",
            "username": "sandramilenagilsaraz"
        },
        "likes_count": 0,
        "answers": []
    },
    {
        "id": 17881510420662825,
        "created_at": 1594156429,
        "text": "Esta camisa tipo polo la tienes talla 5A",
        "owner": {
            "id": "31353387016",
            "is_verified": false,
            "profile_pic_url": "https://instagram.fbga1-4.fna.fbcdn.net/v/t51.2885-19/s150x150/91617522_2620261008249817_851915937211744256_n.jpg?_nc_ht=instagram.fbga1-4.fna.fbcdn.net&_nc_ohc=SXFGNrVg2IkAX9Gs44U&oh=6ab5800a72314cf7bc919d6ccef866bf&oe=5F94FFAA",
            "username": "sandramilenagilsaraz"
        },
        "likes_count": 0,
        "answers": []
    },
    {
        "id": 17846036054223462,
        "created_at": 1594156407,
        "text": "Hola buenas tardes",
        "owner": {
            "id": "31353387016",
            "is_verified": false,
            "profile_pic_url": "https://instagram.fbga1-4.fna.fbcdn.net/v/t51.2885-19/s150x150/91617522_2620261008249817_851915937211744256_n.jpg?_nc_ht=instagram.fbga1-4.fna.fbcdn.net&_nc_ohc=SXFGNrVg2IkAX9Gs44U&oh=6ab5800a72314cf7bc919d6ccef866bf&oe=5F94FFAA",
            "username": "sandramilenagilsaraz"
        },
        "likes_count": 0,
        "answers": []
    }
]