[
    {
        "id": 17920100587264809,
        "created_at": 1546823748,
        "text": "Tall 16 lo tienen",
        "owner": {
            "id": "2036990105",
            "is_verified": false,
            "profile_pic_url": "https://instagram.fbga1-4.fna.fbcdn.net/v/t51.2885-19/s150x150/120133195_319590719341029_1810921232249855415_n.jpg?_nc_ht=instagram.fbga1-4.fna.fbcdn.net&_nc_ohc=O0OwioaF564AX9539hJ&oh=577d196cff038a48b9621030f47acdda&oe=5F977839",
            "username": "mariakamila1040"
        },
        "likes_count": 0,
        "answers": [
            {
                "id": 17996937277092631,
                "created_at": 1546987360,
                "text": "@mariakamila1040 @mariakamila1040 hola!! Nuestras tallas son de 0 a 12. Gracias por tu mensaje!",
                "owner": {
                    "id": "208034677",
                    "is_verified": true,
                    "profile_pic_url": "https://instagram.fbga1-4.fna.fbcdn.net/v/t51.2885-19/s150x150/116713279_329296981536344_3404171181868667674_n.jpg?_nc_ht=instagram.fbga1-4.fna.fbcdn.net&_nc_ohc=e_8u8kf3ZDMAX9GL6vk&oh=cb797d66d56f5631c9bff6ad98af462e&oe=5F97C031",
                    "username": "epk"
                },
                "likes_count": 0
            }
        ]
    },
    {
        "id": 17919974386267715,
        "created_at": 1546802053,
        "text": "S\u00faper lindo! Amo este atuendo!\ud83c\udf80",
        "owner": {
            "id": "8943660581",
            "is_verified": false,
            "profile_pic_url": "https://instagram.fbga1-4.fna.fbcdn.net/v/t51.2885-19/s150x150/84182958_191800618577064_562663530642276352_n.jpg?_nc_ht=instagram.fbga1-4.fna.fbcdn.net&_nc_ohc=7xFEXR9yZ5cAX85BRFF&oh=ff2560e89d63de3c2e7d50e8acf07ba0&oe=5F9824A8",
            "username": "camsie_18"
        },
        "likes_count": 0,
        "answers": [
            {
                "id": 17960787400207204,
                "created_at": 1546987367,
                "text": "@baby_cams18 gracias!",
                "owner": {
                    "id": "208034677",
                    "is_verified": true,
                    "profile_pic_url": "https://instagram.fbga1-4.fna.fbcdn.net/v/t51.2885-19/s150x150/116713279_329296981536344_3404171181868667674_n.jpg?_nc_ht=instagram.fbga1-4.fna.fbcdn.net&_nc_ohc=e_8u8kf3ZDMAX9GL6vk&oh=cb797d66d56f5631c9bff6ad98af462e&oe=5F97C031",
                    "username": "epk"
                },
                "likes_count": 0
            }
        ]
    },
    {
        "id": 17919736474271889,
        "created_at": 1546789028,
        "text": "Quiero saber si en cucuta hay ekp",
        "owner": {
            "id": "1210248049",
            "is_verified": false,
            "profile_pic_url": "https://instagram.fbga1-4.fna.fbcdn.net/v/t51.2885-19/s150x150/75595334_1278729382327899_3717366096735502336_n.jpg?_nc_ht=instagram.fbga1-4.fna.fbcdn.net&_nc_ohc=Al3jO2fq4U4AX-UqHlA&oh=df5cea587f850de9ac1a90a6a4b4f1ca&oe=5F9A711D",
            "username": "08_mary"
        },
        "likes_count": 0,
        "answers": [
            {
                "id": 17986900534160114,
                "created_at": 1546987916,
                "text": "@epk muchas gracias.. si ire",
                "owner": {
                    "id": "1210248049",
                    "is_verified": false,
                    "profile_pic_url": "https://instagram.fbga1-4.fna.fbcdn.net/v/t51.2885-19/s150x150/75595334_1278729382327899_3717366096735502336_n.jpg?_nc_ht=instagram.fbga1-4.fna.fbcdn.net&_nc_ohc=Al3jO2fq4U4AX-UqHlA&oh=df5cea587f850de9ac1a90a6a4b4f1ca&oe=5F9A711D",
                    "username": "08_mary"
                },
                "likes_count": 0
            },
            {
                "id": 17927688163262834,
                "created_at": 1546987384,
                "text": "@08_mary hola! Si! Estamos en C\u00facuta Centro y en Ventura Plaza. Te esperamos!! \u2764\ufe0f",
                "owner": {
                    "id": "208034677",
                    "is_verified": true,
                    "profile_pic_url": "https://instagram.fbga1-4.fna.fbcdn.net/v/t51.2885-19/s150x150/116713279_329296981536344_3404171181868667674_n.jpg?_nc_ht=instagram.fbga1-4.fna.fbcdn.net&_nc_ohc=e_8u8kf3ZDMAX9GL6vk&oh=cb797d66d56f5631c9bff6ad98af462e&oe=5F97C031",
                    "username": "epk"
                },
                "likes_count": 0
            }
        ]
    },
    {
        "id": 18018959914004284,
        "created_at": 1546712543,
        "text": "\ud83d\ude0d\u2764\ufe0f",
        "owner": {
            "id": "309486877",
            "is_verified": false,
            "profile_pic_url": "https://instagram.fbga1-4.fna.fbcdn.net/v/t51.2885-19/s150x150/12224146_1518466371811953_2045705011_a.jpg?_nc_ht=instagram.fbga1-4.fna.fbcdn.net&_nc_ohc=uxfGmHudcpYAX_v2vWx&oh=fd6ae65617cd68a357fb9f318bbbd835&oe=5F9926FF",
            "username": "rafivergara13"
        },
        "likes_count": 0,
        "answers": [
            {
                "id": 17857292221314436,
                "created_at": 1546987395,
                "text": "@rafivergara13 \u2764\ufe0f\u2764\ufe0f",
                "owner": {
                    "id": "208034677",
                    "is_verified": true,
                    "profile_pic_url": "https://instagram.fbga1-4.fna.fbcdn.net/v/t51.2885-19/s150x150/116713279_329296981536344_3404171181868667674_n.jpg?_nc_ht=instagram.fbga1-4.fna.fbcdn.net&_nc_ohc=e_8u8kf3ZDMAX9GL6vk&oh=cb797d66d56f5631c9bff6ad98af462e&oe=5F97C031",
                    "username": "epk"
                },
                "likes_count": 0
            }
        ]
    }
]