[
    {
        "id": 17902922974342614,
        "created_at": 1563832436,
        "text": "Por fa muestren los complementos para este vestido",
        "owner": {
            "id": "564372494",
            "is_verified": false,
            "profile_pic_url": "https://instagram.fbga1-4.fna.fbcdn.net/v/t51.2885-19/11257081_392269954301394_716749770_a.jpg?_nc_ht=instagram.fbga1-4.fna.fbcdn.net&_nc_ohc=UmOnDB0HixMAX9sbCvq&oh=c0fec4361c89f03777be68035dff6ab1&oe=5F9897CC",
            "username": "karyrzm"
        },
        "likes_count": 0,
        "answers": []
    },
    {
        "id": 17875323838408428,
        "created_at": 1563747688,
        "text": "@jennicitad me encanta este",
        "owner": {
            "id": "2988658137",
            "is_verified": false,
            "profile_pic_url": "https://instagram.fbga1-4.fna.fbcdn.net/v/t51.2885-19/s150x150/94392945_1139670589727499_833927879736688640_n.jpg?_nc_ht=instagram.fbga1-4.fna.fbcdn.net&_nc_ohc=7slWGKSTE_AAX_oiGOl&oh=0b756445d9376d769cc43673b8e5055a&oe=5F956674",
            "username": "mariac593"
        },
        "likes_count": 0,
        "answers": []
    },
    {
        "id": 17857575562453658,
        "created_at": 1561985408,
        "text": "Hermoso cuanto cuesta",
        "owner": {
            "id": "1965096449",
            "is_verified": false,
            "profile_pic_url": "https://instagram.fbga1-4.fna.fbcdn.net/v/t51.2885-19/s150x150/11265340_1484977818461396_1681262202_a.jpg?_nc_ht=instagram.fbga1-4.fna.fbcdn.net&_nc_ohc=HxyfQFy6KmMAX8PC-PQ&oh=ff0013d0e708a4c2880a389dbab50e1a&oe=5F95382B",
            "username": "elimora2333"
        },
        "likes_count": 0,
        "answers": []
    },
    {
        "id": 17966388289263128,
        "created_at": 1559147311,
        "text": "Hola buen d\u00eda tienes disponible talla 10 precio por fa",
        "owner": {
            "id": "6870851167",
            "is_verified": false,
            "profile_pic_url": "https://instagram.fbga1-4.fna.fbcdn.net/v/t51.2885-19/s150x150/57226672_2897411403633008_7617326599142113280_n.jpg?_nc_ht=instagram.fbga1-4.fna.fbcdn.net&_nc_ohc=w4bthHTRZfQAX8oiTtm&oh=c04eb81b6cb5c7bd5264ec720f557a63&oe=5F970D86",
            "username": "leviher1526"
        },
        "likes_count": 0,
        "answers": []
    },
    {
        "id": 18058544347077183,
        "created_at": 1558131047,
        "text": "Que hermosa",
        "owner": {
            "id": "1318043641",
            "is_verified": false,
            "profile_pic_url": "https://instagram.fbga1-4.fna.fbcdn.net/v/t51.2885-19/s150x150/31680548_1456025481175651_2806399611948761088_n.jpg?_nc_ht=instagram.fbga1-4.fna.fbcdn.net&_nc_ohc=vYeyiNsGuu8AX_5ojBZ&oh=3e231365c33c3092861dd881fe3a42c6&oe=5F9703A2",
            "username": "betty.lopez"
        },
        "likes_count": 2,
        "answers": []
    },
    {
        "id": 17962752229263396,
        "created_at": 1558126050,
        "text": "Lindo me Gusta para m\u00ed",
        "owner": {
            "id": "5825444156",
            "is_verified": false,
            "profile_pic_url": "https://instagram.fbga1-4.fna.fbcdn.net/v/t51.2885-19/s150x150/118505748_777661456398192_3312814940474605618_n.jpg?_nc_ht=instagram.fbga1-4.fna.fbcdn.net&_nc_ohc=39wz-W77704AX_4-7Uw&oh=b5d78228ff97628b0f485eb92e53ceb9&oe=5F96C87D",
            "username": "dannao2311"
        },
        "likes_count": 2,
        "answers": []
    },
    {
        "id": 18048479521109794,
        "created_at": 1558111808,
        "text": "Hay disponible en la tienda de Riohacha?",
        "owner": {
            "id": "2420572072",
            "is_verified": false,
            "profile_pic_url": "https://instagram.fbga1-4.fna.fbcdn.net/v/t51.2885-19/s150x150/67122833_2475755902486002_8626236484514480128_n.jpg?_nc_ht=instagram.fbga1-4.fna.fbcdn.net&_nc_ohc=1-1xjG_OLcAAX9Hqqpx&oh=a80fe7488b5cd34513d0f0320d82cac5&oe=5F96C735",
            "username": "orlyperaza"
        },
        "likes_count": 0,
        "answers": [
            {
                "id": 17985072154244283,
                "created_at": 1558124644,
                "text": "@orlyperaza \u00a1Hola! \u00a1Te invitamos a visitarnos en nuestra tienda o en www.epk.com y descubrir todas las prendas que tenemos para ti! \u2764\ufe0f",
                "owner": {
                    "id": "208034677",
                    "is_verified": true,
                    "profile_pic_url": "https://instagram.fbga1-4.fna.fbcdn.net/v/t51.2885-19/s150x150/116713279_329296981536344_3404171181868667674_n.jpg?_nc_ht=instagram.fbga1-4.fna.fbcdn.net&_nc_ohc=e_8u8kf3ZDMAX9GL6vk&oh=cb797d66d56f5631c9bff6ad98af462e&oe=5F97C031",
                    "username": "epk"
                },
                "likes_count": 1
            },
            {
                "id": 17889917401327881,
                "created_at": 1558111844,
                "text": "@epk a que precio",
                "owner": {
                    "id": "2420572072",
                    "is_verified": false,
                    "profile_pic_url": "https://instagram.fbga1-4.fna.fbcdn.net/v/t51.2885-19/s150x150/67122833_2475755902486002_8626236484514480128_n.jpg?_nc_ht=instagram.fbga1-4.fna.fbcdn.net&_nc_ohc=1-1xjG_OLcAAX9Hqqpx&oh=a80fe7488b5cd34513d0f0320d82cac5&oe=5F96C735",
                    "username": "orlyperaza"
                },
                "likes_count": 0
            }
        ]
    },
    {
        "id": 18048573787108420,
        "created_at": 1558060899,
        "text": "Hermoso",
        "owner": {
            "id": "5681929995",
            "is_verified": false,
            "profile_pic_url": "https://instagram.fbga1-4.fna.fbcdn.net/v/t51.2885-19/s150x150/19625035_1457141984328915_88736124574367744_a.jpg?_nc_ht=instagram.fbga1-4.fna.fbcdn.net&_nc_ohc=ztou1dfyoA0AX8mDVyE&oh=0388fad732756d5dcfd66cd46d4e0c1f&oe=5F951D27",
            "username": "miriamagredop"
        },
        "likes_count": 2,
        "answers": []
    },
    {
        "id": 18036673039132037,
        "created_at": 1558054110,
        "text": "Hermoso vestido!!!",
        "owner": {
            "id": "375760050",
            "is_verified": false,
            "profile_pic_url": "https://instagram.fbga1-4.fna.fbcdn.net/v/t51.2885-19/10597461_553919671386925_1025138751_a.jpg?_nc_ht=instagram.fbga1-4.fna.fbcdn.net&_nc_ohc=a6loL_lV2bEAX9Kgvj6&oh=a23b696efeb5be8954ee4cf57b40037e&oe=5F987CD6",
            "username": "mariatsamper"
        },
        "likes_count": 1,
        "answers": []
    },
    {
        "id": 18034140283176623,
        "created_at": 1558052648,
        "text": "Hola, me gustar\u00eda saber si en Bogot\u00e1 hay un outlet epk?",
        "owner": {
            "id": "4484628936",
            "is_verified": false,
            "profile_pic_url": "https://instagram.fbga1-4.fna.fbcdn.net/v/t51.2885-19/s150x150/118341576_1640037092836847_9130708154644913262_n.jpg?_nc_ht=instagram.fbga1-4.fna.fbcdn.net&_nc_ohc=-NT_3fPOhcEAX82WRhE&oh=2b38ebef284152e6bdf9fcee3127098d&oe=5F9543BD",
            "username": "hemilyvielma"
        },
        "likes_count": 0,
        "answers": [
            {
                "id": 17900154388314047,
                "created_at": 1558108005,
                "text": "@vielrojs As\u00ed es! puedes encontrarlo en C.C Outlet factory! Av. Las Americas! Te esperamos!",
                "owner": {
                    "id": "208034677",
                    "is_verified": true,
                    "profile_pic_url": "https://instagram.fbga1-4.fna.fbcdn.net/v/t51.2885-19/s150x150/116713279_329296981536344_3404171181868667674_n.jpg?_nc_ht=instagram.fbga1-4.fna.fbcdn.net&_nc_ohc=e_8u8kf3ZDMAX9GL6vk&oh=cb797d66d56f5631c9bff6ad98af462e&oe=5F97C031",
                    "username": "epk"
                },
                "likes_count": 0
            }
        ]
    },
    {
        "id": 17947730932280315,
        "created_at": 1558027235,
        "text": "Divino que precio tiene",
        "owner": {
            "id": "312462563",
            "is_verified": false,
            "profile_pic_url": "https://instagram.fbga1-4.fna.fbcdn.net/v/t51.2885-19/s150x150/1171110_957509830991781_1205110443_a.jpg?_nc_ht=instagram.fbga1-4.fna.fbcdn.net&_nc_ohc=mnoS9KoISvYAX8lrQC7&oh=bc2b661af6aabfe7efee4c0f49d2b6cc&oe=5F97D09D",
            "username": "dcaro_16"
        },
        "likes_count": 0,
        "answers": [
            {
                "id": 17889777727333401,
                "created_at": 1558107917,
                "text": "@dcaro_16 \u00a1Hola! \u00a1Te invitamos a visitarnos en www.epk.com y descubrir todas las prendas que tenemos para ti! \u2764\ufe0f",
                "owner": {
                    "id": "208034677",
                    "is_verified": true,
                    "profile_pic_url": "https://instagram.fbga1-4.fna.fbcdn.net/v/t51.2885-19/s150x150/116713279_329296981536344_3404171181868667674_n.jpg?_nc_ht=instagram.fbga1-4.fna.fbcdn.net&_nc_ohc=e_8u8kf3ZDMAX9GL6vk&oh=cb797d66d56f5631c9bff6ad98af462e&oe=5F97C031",
                    "username": "epk"
                },
                "likes_count": 0
            }
        ]
    },
    {
        "id": 17882103343352560,
        "created_at": 1558025080,
        "text": "Esta hermoso",
        "owner": {
            "id": "5916349138",
            "is_verified": false,
            "profile_pic_url": "https://instagram.fbga1-4.fna.fbcdn.net/v/t51.2885-19/s150x150/68717352_428568838008752_714485191422246912_n.jpg?_nc_ht=instagram.fbga1-4.fna.fbcdn.net&_nc_ohc=UeSku76IJmEAX9FPz8_&oh=44fd9d667fadfd177c5f0c80370109a2&oe=5F95D3BA",
            "username": "linatamayoperez"
        },
        "likes_count": 1,
        "answers": []
    },
    {
        "id": 17896713697318163,
        "created_at": 1558022600,
        "text": "Hermoso vestido\ud83d\ude0d",
        "owner": {
            "id": "1431278400",
            "is_verified": false,
            "profile_pic_url": "https://instagram.fbga1-4.fna.fbcdn.net/v/t51.2885-19/s150x150/100089459_250735359370875_7814041890914828288_n.jpg?_nc_ht=instagram.fbga1-4.fna.fbcdn.net&_nc_ohc=J8Je_6LEJWEAX9sL6ca&oh=001c8285b3aec26731d0a4746817ac7a&oe=5F97FB61",
            "username": "nidiangarita"
        },
        "likes_count": 4,
        "answers": [
            {
                "id": 17855814196416480,
                "created_at": 1558022624,
                "text": "@nidiangarita gracias por preferirnos \ud83e\udde1",
                "owner": {
                    "id": "208034677",
                    "is_verified": true,
                    "profile_pic_url": "https://instagram.fbga1-4.fna.fbcdn.net/v/t51.2885-19/s150x150/116713279_329296981536344_3404171181868667674_n.jpg?_nc_ht=instagram.fbga1-4.fna.fbcdn.net&_nc_ohc=e_8u8kf3ZDMAX9GL6vk&oh=cb797d66d56f5631c9bff6ad98af462e&oe=5F97C031",
                    "username": "epk"
                },
                "likes_count": 2
            }
        ]
    }
]