[
    {
        "id": 17960825179234576,
        "created_at": 1550540060,
        "text": "@naylanezco de esta hab\u00eda ?",
        "owner": {
            "id": "710033099",
            "is_verified": false,
            "profile_pic_url": "https://instagram.fbga1-4.fna.fbcdn.net/v/t51.2885-19/s150x150/120165562_661933717781075_3711791844500908960_n.jpg?_nc_ht=instagram.fbga1-4.fna.fbcdn.net&_nc_ohc=Wb-XLPkWBhQAX-AmYr5&oh=84ce787e562b415127611e577e089afe&oe=5F980BC5",
            "username": "olganezco1"
        },
        "likes_count": 0,
        "answers": [
            {
                "id": 18035089417015867,
                "created_at": 1550540294,
                "text": "@olganezco no lo vi",
                "owner": {
                    "id": "523581191",
                    "is_verified": false,
                    "profile_pic_url": "https://instagram.fbga1-4.fna.fbcdn.net/v/t51.2885-19/s150x150/104162826_571383243579268_4023217487168987961_n.jpg?_nc_ht=instagram.fbga1-4.fna.fbcdn.net&_nc_ohc=SlvOfz8W0TcAX_X-VC0&oh=cbbb58bf2ea0d170482efc53114656bb&oe=5F97FCB7",
                    "username": "epeler_by_naylanezco"
                },
                "likes_count": 0
            }
        ]
    },
    {
        "id": 17990580424176671,
        "created_at": 1546990097,
        "text": "Necesito uno talla 12\ud83d\ude2d en bogota",
        "owner": {
            "id": "502381371",
            "is_verified": false,
            "profile_pic_url": "https://instagram.fbga1-4.fna.fbcdn.net/v/t51.2885-19/s150x150/13402440_1736919533232027_756470368_a.jpg?_nc_ht=instagram.fbga1-4.fna.fbcdn.net&_nc_ohc=r6ysGp4egaEAX8m0EtF&oh=64d4e2923eb0ee0f80a456344de4dd4e&oe=5F98AFBB",
            "username": "mafetovar1"
        },
        "likes_count": 0,
        "answers": []
    },
    {
        "id": 17856977980314633,
        "created_at": 1546972068,
        "text": "\ud83d\udc96",
        "owner": {
            "id": "340515033",
            "is_verified": false,
            "profile_pic_url": "https://instagram.fbga1-4.fna.fbcdn.net/v/t51.2885-19/s150x150/57585167_330530277630705_5865055293280354304_n.jpg?_nc_ht=instagram.fbga1-4.fna.fbcdn.net&_nc_ohc=I5sQP0m35ZoAX8ynReG&oh=1c5524c90d78455d3f0b48fa38eb8a31&oe=5F9A83AF",
            "username": "adrianazapatajimenez"
        },
        "likes_count": 0,
        "answers": [
            {
                "id": 17940949774245994,
                "created_at": 1546987703,
                "text": "@adrianazapatajimenez \ud83e\udde1\ud83e\udde1",
                "owner": {
                    "id": "208034677",
                    "is_verified": true,
                    "profile_pic_url": "https://instagram.fbga1-4.fna.fbcdn.net/v/t51.2885-19/s150x150/116713279_329296981536344_3404171181868667674_n.jpg?_nc_ht=instagram.fbga1-4.fna.fbcdn.net&_nc_ohc=e_8u8kf3ZDMAX9GL6vk&oh=cb797d66d56f5631c9bff6ad98af462e&oe=5F97C031",
                    "username": "epk"
                },
                "likes_count": 1
            }
        ]
    },
    {
        "id": 18018374932037840,
        "created_at": 1546738294,
        "text": "Y cu\u00e1nto cuesta , tienen m\u00e1s",
        "owner": {
            "id": "9740095463",
            "is_verified": false,
            "profile_pic_url": "https://instagram.fbga1-4.fna.fbcdn.net/v/t51.2885-19/s150x150/118693759_600062960882926_7974333861367138705_n.jpg?_nc_ht=instagram.fbga1-4.fna.fbcdn.net&_nc_ohc=YtD1rgpwbKQAX8ZfV65&oh=7f97d45a1004903ac6f49e3a1289f8b0&oe=5F9AFEF6",
            "username": "manuelagonzales91"
        },
        "likes_count": 0,
        "answers": [
            {
                "id": 18020698981061843,
                "created_at": 1546987720,
                "text": "@manuelagonzales91 hola! Entra a epk.com y descubre nuestros precios. Feliz d\u00eda \u2764\ufe0f",
                "owner": {
                    "id": "208034677",
                    "is_verified": true,
                    "profile_pic_url": "https://instagram.fbga1-4.fna.fbcdn.net/v/t51.2885-19/s150x150/116713279_329296981536344_3404171181868667674_n.jpg?_nc_ht=instagram.fbga1-4.fna.fbcdn.net&_nc_ohc=e_8u8kf3ZDMAX9GL6vk&oh=cb797d66d56f5631c9bff6ad98af462e&oe=5F97C031",
                    "username": "epk"
                },
                "likes_count": 0
            }
        ]
    },
    {
        "id": 18019352575025953,
        "created_at": 1546738278,
        "text": "Me encanta asta que talla est\u00e1 disponible",
        "owner": {
            "id": "9740095463",
            "is_verified": false,
            "profile_pic_url": "https://instagram.fbga1-4.fna.fbcdn.net/v/t51.2885-19/s150x150/118693759_600062960882926_7974333861367138705_n.jpg?_nc_ht=instagram.fbga1-4.fna.fbcdn.net&_nc_ohc=YtD1rgpwbKQAX8ZfV65&oh=7f97d45a1004903ac6f49e3a1289f8b0&oe=5F9AFEF6",
            "username": "manuelagonzales91"
        },
        "likes_count": 1,
        "answers": [
            {
                "id": 18019749046039347,
                "created_at": 1546987674,
                "text": "@manuelagonzales91 hola! Hasta la talla 12! Te esperamos \u2764\ufe0f",
                "owner": {
                    "id": "208034677",
                    "is_verified": true,
                    "profile_pic_url": "https://instagram.fbga1-4.fna.fbcdn.net/v/t51.2885-19/s150x150/116713279_329296981536344_3404171181868667674_n.jpg?_nc_ht=instagram.fbga1-4.fna.fbcdn.net&_nc_ohc=e_8u8kf3ZDMAX9GL6vk&oh=cb797d66d56f5631c9bff6ad98af462e&oe=5F97C031",
                    "username": "epk"
                },
                "likes_count": 0
            }
        ]
    },
    {
        "id": 17987512951157047,
        "created_at": 1546696331,
        "text": "Aca en Barranquilla se puede conseguir y que precio tiene",
        "owner": {
            "id": "6115443865",
            "is_verified": false,
            "profile_pic_url": "https://instagram.fbga1-4.fna.fbcdn.net/v/t51.2885-19/s150x150/105534349_372503197073829_8371661323332107608_n.jpg?_nc_ht=instagram.fbga1-4.fna.fbcdn.net&_nc_ohc=8ZEdE9iMwdYAX9hJGTi&oh=d08bc16c108c19c950611ba6d5321486&oe=5F978488",
            "username": "khadijaperdomom"
        },
        "likes_count": 0,
        "answers": [
            {
                "id": 18020290537002903,
                "created_at": 1546987734,
                "text": "@khadijaperdomom si! Descubre nuestros precios en epk.com \u2764\ufe0f",
                "owner": {
                    "id": "208034677",
                    "is_verified": true,
                    "profile_pic_url": "https://instagram.fbga1-4.fna.fbcdn.net/v/t51.2885-19/s150x150/116713279_329296981536344_3404171181868667674_n.jpg?_nc_ht=instagram.fbga1-4.fna.fbcdn.net&_nc_ohc=e_8u8kf3ZDMAX9GL6vk&oh=cb797d66d56f5631c9bff6ad98af462e&oe=5F97C031",
                    "username": "epk"
                },
                "likes_count": 0
            }
        ]
    },
    {
        "id": 17842762537336967,
        "created_at": 1546661433,
        "text": "Hay para ni\u00f1os?",
        "owner": {
            "id": "483847311",
            "is_verified": false,
            "profile_pic_url": "https://instagram.fbga1-4.fna.fbcdn.net/v/t51.2885-19/s150x150/23594561_186542118576492_874618000467034112_n.jpg?_nc_ht=instagram.fbga1-4.fna.fbcdn.net&_nc_ohc=bLZChg2yyugAX_iOtip&oh=0a8db1b9a6b80d803677f8da747e7b46&oe=5F98D865",
            "username": "tforeroo"
        },
        "likes_count": 0,
        "answers": [
            {
                "id": 17996807965081255,
                "created_at": 1546987752,
                "text": "@tforeroo tenemos vestidos de ba\u00f1o para ni\u00f1os y ni\u00f1as! Te esperamos \ud83e\udde1",
                "owner": {
                    "id": "208034677",
                    "is_verified": true,
                    "profile_pic_url": "https://instagram.fbga1-4.fna.fbcdn.net/v/t51.2885-19/s150x150/116713279_329296981536344_3404171181868667674_n.jpg?_nc_ht=instagram.fbga1-4.fna.fbcdn.net&_nc_ohc=e_8u8kf3ZDMAX9GL6vk&oh=cb797d66d56f5631c9bff6ad98af462e&oe=5F97C031",
                    "username": "epk"
                },
                "likes_count": 1
            }
        ]
    },
    {
        "id": 17981350789175630,
        "created_at": 1546659881,
        "text": "Precio",
        "owner": {
            "id": "6979033433",
            "is_verified": false,
            "profile_pic_url": "https://instagram.fbga1-4.fna.fbcdn.net/v/t51.2885-19/s150x150/107070982_1487141201458461_1208744633578836296_n.jpg?_nc_ht=instagram.fbga1-4.fna.fbcdn.net&_nc_ohc=au4ttKxtD9YAX9-yv1H&oh=3fb6767204f497c1caae4dc25f3c1805&oe=5F9B190F",
            "username": "rosimariaaraujo2"
        },
        "likes_count": 0,
        "answers": [
            {
                "id": 17995007170142924,
                "created_at": 1546987770,
                "text": "@rosimariaaraujo2 hola! Entra a epk.com y encuentra nuestros precios. Saludos! \ud83d\ude0a",
                "owner": {
                    "id": "208034677",
                    "is_verified": true,
                    "profile_pic_url": "https://instagram.fbga1-4.fna.fbcdn.net/v/t51.2885-19/s150x150/116713279_329296981536344_3404171181868667674_n.jpg?_nc_ht=instagram.fbga1-4.fna.fbcdn.net&_nc_ohc=e_8u8kf3ZDMAX9GL6vk&oh=cb797d66d56f5631c9bff6ad98af462e&oe=5F97C031",
                    "username": "epk"
                },
                "likes_count": 0
            }
        ]
    },
    {
        "id": 18015463714067229,
        "created_at": 1546653466,
        "text": "Hasta q talla",
        "owner": {
            "id": "1559988893",
            "is_verified": false,
            "profile_pic_url": "https://instagram.fbga1-4.fna.fbcdn.net/v/t51.2885-19/s150x150/94022021_655580415262472_4543251963743043584_n.jpg?_nc_ht=instagram.fbga1-4.fna.fbcdn.net&_nc_ohc=hRicBF1rSBcAX__fZlv&oh=62146b3042cab42e242a9a2acbd0e47f&oe=5F9872F2",
            "username": "claudiapatriciamunozperez"
        },
        "likes_count": 0,
        "answers": [
            {
                "id": 17921555944269014,
                "created_at": 1546987786,
                "text": "@claudiapatriciamunozperez hola! Hasta la talla 12. Te esperamos! \ud83d\ude0a",
                "owner": {
                    "id": "208034677",
                    "is_verified": true,
                    "profile_pic_url": "https://instagram.fbga1-4.fna.fbcdn.net/v/t51.2885-19/s150x150/116713279_329296981536344_3404171181868667674_n.jpg?_nc_ht=instagram.fbga1-4.fna.fbcdn.net&_nc_ohc=e_8u8kf3ZDMAX9GL6vk&oh=cb797d66d56f5631c9bff6ad98af462e&oe=5F97C031",
                    "username": "epk"
                },
                "likes_count": 0
            }
        ]
    },
    {
        "id": 18027901129001282,
        "created_at": 1546627360,
        "text": "Y para ni\u00f1o camiseta de ba\u00f1o",
        "owner": {
            "id": "1586812488",
            "is_verified": false,
            "profile_pic_url": "https://instagram.fbga1-4.fna.fbcdn.net/v/t51.2885-19/s150x150/37508020_301149754002970_3704392813010485248_n.jpg?_nc_ht=instagram.fbga1-4.fna.fbcdn.net&_nc_ohc=M8HZuZ6xYsIAX-v-D6d&oh=eb54db0abd391e2fc931c5b98eabc522&oe=5F984441",
            "username": "jenniolb"
        },
        "likes_count": 0,
        "answers": [
            {
                "id": 18018959764014443,
                "created_at": 1546987830,
                "text": "@jenniolb si tenemos camiseta de ba\u00f1o para ni\u00f1os! Te esperamos! \u2764\ufe0f",
                "owner": {
                    "id": "208034677",
                    "is_verified": true,
                    "profile_pic_url": "https://instagram.fbga1-4.fna.fbcdn.net/v/t51.2885-19/s150x150/116713279_329296981536344_3404171181868667674_n.jpg?_nc_ht=instagram.fbga1-4.fna.fbcdn.net&_nc_ohc=e_8u8kf3ZDMAX9GL6vk&oh=cb797d66d56f5631c9bff6ad98af462e&oe=5F97C031",
                    "username": "epk"
                },
                "likes_count": 0
            },
            {
                "id": 17989012243157084,
                "created_at": 1547045249,
                "text": "@epk en Barranquilla y soledad que tienda por fa?",
                "owner": {
                    "id": "1586812488",
                    "is_verified": false,
                    "profile_pic_url": "https://instagram.fbga1-4.fna.fbcdn.net/v/t51.2885-19/s150x150/37508020_301149754002970_3704392813010485248_n.jpg?_nc_ht=instagram.fbga1-4.fna.fbcdn.net&_nc_ohc=M8HZuZ6xYsIAX-v-D6d&oh=eb54db0abd391e2fc931c5b98eabc522&oe=5F984441",
                    "username": "jenniolb"
                },
                "likes_count": 0
            }
        ]
    },
    {
        "id": 18003650719103223,
        "created_at": 1546625219,
        "text": "@jairdaniel43",
        "owner": {
            "id": "7308154304",
            "is_verified": false,
            "profile_pic_url": "https://instagram.fbga1-4.fna.fbcdn.net/v/t51.2885-19/s150x150/84183479_916261158789183_4713225131273486336_n.jpg?_nc_ht=instagram.fbga1-4.fna.fbcdn.net&_nc_ohc=IzqKJGT3kuoAX9qNsGc&oh=9026e028aaa79ef73a01b3e6e5b7ad55&oe=5F98368A",
            "username": "elenapayares55"
        },
        "likes_count": 0,
        "answers": [
            {
                "id": 18014627398066644,
                "created_at": 1546626357,
                "text": "@elenapayares55 para la pony",
                "owner": {
                    "id": "7308154304",
                    "is_verified": false,
                    "profile_pic_url": "https://instagram.fbga1-4.fna.fbcdn.net/v/t51.2885-19/s150x150/84183479_916261158789183_4713225131273486336_n.jpg?_nc_ht=instagram.fbga1-4.fna.fbcdn.net&_nc_ohc=IzqKJGT3kuoAX9qNsGc&oh=9026e028aaa79ef73a01b3e6e5b7ad55&oe=5F98368A",
                    "username": "elenapayares55"
                },
                "likes_count": 0
            },
            {
                "id": 17865103027305810,
                "created_at": 1546987842,
                "text": "@elenapayares55 \u2764\ufe0f\u2764\ufe0f",
                "owner": {
                    "id": "208034677",
                    "is_verified": true,
                    "profile_pic_url": "https://instagram.fbga1-4.fna.fbcdn.net/v/t51.2885-19/s150x150/116713279_329296981536344_3404171181868667674_n.jpg?_nc_ht=instagram.fbga1-4.fna.fbcdn.net&_nc_ohc=e_8u8kf3ZDMAX9GL6vk&oh=cb797d66d56f5631c9bff6ad98af462e&oe=5F97C031",
                    "username": "epk"
                },
                "likes_count": 0
            }
        ]
    },
    {
        "id": 18020508694008395,
        "created_at": 1546596175,
        "text": "Donde puedo comprar este traje de ba\u00f1o por favor?",
        "owner": {
            "id": "593965767",
            "is_verified": false,
            "profile_pic_url": "https://instagram.fbga1-4.fna.fbcdn.net/v/t51.2885-19/s150x150/36758125_214826116036615_8090631067448377344_n.jpg?_nc_ht=instagram.fbga1-4.fna.fbcdn.net&_nc_ohc=8GnEfhxLa-UAX9jGu8p&oh=74ce5ca6faebc6bdbc71785ae2ac3e8f&oe=5F98B6E1",
            "username": "carolinapinto16"
        },
        "likes_count": 0,
        "answers": [
            {
                "id": 17846955397336693,
                "created_at": 1546987862,
                "text": "@carolinapinto16 en tu tienda epk m\u00e1s cercana o en epk.com! Te esperamos\ud83d\ude4c\ud83d\ude0a",
                "owner": {
                    "id": "208034677",
                    "is_verified": true,
                    "profile_pic_url": "https://instagram.fbga1-4.fna.fbcdn.net/v/t51.2885-19/s150x150/116713279_329296981536344_3404171181868667674_n.jpg?_nc_ht=instagram.fbga1-4.fna.fbcdn.net&_nc_ohc=e_8u8kf3ZDMAX9GL6vk&oh=cb797d66d56f5631c9bff6ad98af462e&oe=5F97C031",
                    "username": "epk"
                },
                "likes_count": 0
            }
        ]
    },
    {
        "id": 17992224172136175,
        "created_at": 1546560203,
        "text": "Hola me gustaria saber como mi hija puede hacer casting para sus campa\u00f1as. Gracias",
        "owner": {
            "id": "1998847794",
            "is_verified": false,
            "profile_pic_url": "https://instagram.fbga1-4.fna.fbcdn.net/v/t51.2885-19/s150x150/119383540_764705347423005_698892181594356701_n.jpg?_nc_ht=instagram.fbga1-4.fna.fbcdn.net&_nc_ohc=7tKrpkABTAsAX-bCCj7&oh=777696285d5489af7cb86edb43c33909&oe=5F97EB69",
            "username": "a_ssandoval"
        },
        "likes_count": 0,
        "answers": [
            {
                "id": 17982430960168562,
                "created_at": 1546987886,
                "text": "@adrisandovals Hola! En el segundo semestre del a\u00f1o abriremos el concurso de modelo epk. Te esperamos! \u2764\ufe0f",
                "owner": {
                    "id": "208034677",
                    "is_verified": true,
                    "profile_pic_url": "https://instagram.fbga1-4.fna.fbcdn.net/v/t51.2885-19/s150x150/116713279_329296981536344_3404171181868667674_n.jpg?_nc_ht=instagram.fbga1-4.fna.fbcdn.net&_nc_ohc=e_8u8kf3ZDMAX9GL6vk&oh=cb797d66d56f5631c9bff6ad98af462e&oe=5F97C031",
                    "username": "epk"
                },
                "likes_count": 1
            },
            {
                "id": 17923760785262886,
                "created_at": 1547866295,
                "text": "@epk hola, desde que edad aplica el casting. Gracias",
                "owner": {
                    "id": "2286016149",
                    "is_verified": false,
                    "profile_pic_url": "https://instagram.fbga1-4.fna.fbcdn.net/v/t51.2885-19/s150x150/116797806_925841471263357_610161285820123004_n.jpg?_nc_ht=instagram.fbga1-4.fna.fbcdn.net&_nc_ohc=jAetsm9LnXQAX-7h1ct&oh=1cd9a2e69418f4cefa0d1d97ff00b168&oe=5F9889A5",
                    "username": "ximena1salazar"
                },
                "likes_count": 0
            },
            {
                "id": 17844032785340629,
                "created_at": 1546987967,
                "text": "@epk Gracias!!!",
                "owner": {
                    "id": "1998847794",
                    "is_verified": false,
                    "profile_pic_url": "https://instagram.fbga1-4.fna.fbcdn.net/v/t51.2885-19/s150x150/119383540_764705347423005_698892181594356701_n.jpg?_nc_ht=instagram.fbga1-4.fna.fbcdn.net&_nc_ohc=7tKrpkABTAsAX-bCCj7&oh=777696285d5489af7cb86edb43c33909&oe=5F97EB69",
                    "username": "a_ssandoval"
                },
                "likes_count": 0
            }
        ]
    },
    {
        "id": 17844798931335934,
        "created_at": 1546555011,
        "text": "\u2764\ufe0f",
        "owner": {
            "id": "9542419473",
            "is_verified": false,
            "profile_pic_url": "https://instagram.ffln2-1.fna.fbcdn.net/v/t51.2885-19/44884218_345707102882519_2446069589734326272_n.jpg?_nc_ht=instagram.ffln2-1.fna.fbcdn.net&_nc_ohc=FvRIGkb-0bMAX9hw9Gp&oh=2afc9336dbcaf3a307092581fdeef15b&oe=5F9A258F&ig_cache_key=YW5vbnltb3VzX3Byb2ZpbGVfcGlj.2",
            "username": "lilianaher290930"
        },
        "likes_count": 0,
        "answers": [
            {
                "id": 17956222993219948,
                "created_at": 1546987890,
                "text": "@lilianaher290930 \ud83d\ude0a\u2764\ufe0f",
                "owner": {
                    "id": "208034677",
                    "is_verified": true,
                    "profile_pic_url": "https://instagram.fbga1-4.fna.fbcdn.net/v/t51.2885-19/s150x150/116713279_329296981536344_3404171181868667674_n.jpg?_nc_ht=instagram.fbga1-4.fna.fbcdn.net&_nc_ohc=e_8u8kf3ZDMAX9GL6vk&oh=cb797d66d56f5631c9bff6ad98af462e&oe=5F97C031",
                    "username": "epk"
                },
                "likes_count": 0
            }
        ]
    },
    {
        "id": 17897302690286761,
        "created_at": 1546534752,
        "text": "Precio",
        "owner": {
            "id": "2127071548",
            "is_verified": false,
            "profile_pic_url": "https://instagram.fbga1-4.fna.fbcdn.net/v/t51.2885-19/s150x150/16464084_1825422861031057_629074148924063744_a.jpg?_nc_ht=instagram.fbga1-4.fna.fbcdn.net&_nc_ohc=KIBGVos7aYoAX_q42Cw&oh=0e45a11e05c4d46faaa00f225c11e302&oe=5F98FD31",
            "username": "lachichigomez"
        },
        "likes_count": 0,
        "answers": [
            {
                "id": 17954905639223551,
                "created_at": 1546987905,
                "text": "@lachichigomez hola! Entra a epk.com y descubre nuestros precios. Saludos!",
                "owner": {
                    "id": "208034677",
                    "is_verified": true,
                    "profile_pic_url": "https://instagram.fbga1-4.fna.fbcdn.net/v/t51.2885-19/s150x150/116713279_329296981536344_3404171181868667674_n.jpg?_nc_ht=instagram.fbga1-4.fna.fbcdn.net&_nc_ohc=e_8u8kf3ZDMAX9GL6vk&oh=cb797d66d56f5631c9bff6ad98af462e&oe=5F97C031",
                    "username": "epk"
                },
                "likes_count": 0
            }
        ]
    },
    {
        "id": 17900015770303976,
        "created_at": 1546533879,
        "text": "\ud83c\udf8a\ud83c\udf8a",
        "owner": {
            "id": "7359690251",
            "is_verified": false,
            "profile_pic_url": "https://instagram.fbga1-4.fna.fbcdn.net/v/t51.2885-19/s150x150/29414540_836487229874174_6330904449980039168_n.jpg?_nc_ht=instagram.fbga1-4.fna.fbcdn.net&_nc_ohc=VZMLeK9sbbsAX_stDNS&oh=1dea1ae876fb7ba752f43f1c5dc8ccd7&oe=5F9ADFD2",
            "username": "herreramaderatania"
        },
        "likes_count": 0,
        "answers": [
            {
                "id": 17956866988210865,
                "created_at": 1546987912,
                "text": "@herreramaderatania \ud83d\ude0a\ud83d\ude0a",
                "owner": {
                    "id": "208034677",
                    "is_verified": true,
                    "profile_pic_url": "https://instagram.fbga1-4.fna.fbcdn.net/v/t51.2885-19/s150x150/116713279_329296981536344_3404171181868667674_n.jpg?_nc_ht=instagram.fbga1-4.fna.fbcdn.net&_nc_ohc=e_8u8kf3ZDMAX9GL6vk&oh=cb797d66d56f5631c9bff6ad98af462e&oe=5F97C031",
                    "username": "epk"
                },
                "likes_count": 0
            }
        ]
    },
    {
        "id": 17943929920238492,
        "created_at": 1546533181,
        "text": "\ud83d\ude0d\ud83d\ude0d\u2764\ufe0f\u2764\ufe0f",
        "owner": {
            "id": "309486877",
            "is_verified": false,
            "profile_pic_url": "https://instagram.fbga1-4.fna.fbcdn.net/v/t51.2885-19/s150x150/12224146_1518466371811953_2045705011_a.jpg?_nc_ht=instagram.fbga1-4.fna.fbcdn.net&_nc_ohc=uxfGmHudcpYAX_v2vWx&oh=fd6ae65617cd68a357fb9f318bbbd835&oe=5F9926FF",
            "username": "rafivergara13"
        },
        "likes_count": 0,
        "answers": [
            {
                "id": 17927356939262063,
                "created_at": 1546987915,
                "text": "@rafivergara13 \ud83d\ude0a\u2764\ufe0f",
                "owner": {
                    "id": "208034677",
                    "is_verified": true,
                    "profile_pic_url": "https://instagram.fbga1-4.fna.fbcdn.net/v/t51.2885-19/s150x150/116713279_329296981536344_3404171181868667674_n.jpg?_nc_ht=instagram.fbga1-4.fna.fbcdn.net&_nc_ohc=e_8u8kf3ZDMAX9GL6vk&oh=cb797d66d56f5631c9bff6ad98af462e&oe=5F97C031",
                    "username": "epk"
                },
                "likes_count": 0
            }
        ]
    },
    {
        "id": 17845049686333597,
        "created_at": 1546532814,
        "text": "Y el de ni\u00f1o \ud83d\ude22",
        "owner": {
            "id": "1441895257",
            "is_verified": false,
            "profile_pic_url": "https://instagram.fbga1-4.fna.fbcdn.net/v/t51.2885-19/s150x150/120098162_3402708649782658_921691151448660117_n.jpg?_nc_ht=instagram.fbga1-4.fna.fbcdn.net&_nc_ohc=_yKi7UL2qiIAX_aktJY&oh=db1539a428b23afbacae29d8e6fe1806&oe=5F9A0F11",
            "username": "laddy_dy"
        },
        "likes_count": 0,
        "answers": [
            {
                "id": 17946759865225415,
                "created_at": 1546987942,
                "text": "@laddy_cepeda hola! Encuentra nuestros vestidos de ba\u00f1o para ni\u00f1o en epk.com o en tu tienda epk m\u00e1s cercana. Saludos!! \ud83d\udc9c\ud83d\udc9c",
                "owner": {
                    "id": "208034677",
                    "is_verified": true,
                    "profile_pic_url": "https://instagram.fbga1-4.fna.fbcdn.net/v/t51.2885-19/s150x150/116713279_329296981536344_3404171181868667674_n.jpg?_nc_ht=instagram.fbga1-4.fna.fbcdn.net&_nc_ohc=e_8u8kf3ZDMAX9GL6vk&oh=cb797d66d56f5631c9bff6ad98af462e&oe=5F97C031",
                    "username": "epk"
                },
                "likes_count": 0
            }
        ]
    },
    {
        "id": 17985845737165478,
        "created_at": 1546532741,
        "text": "Ok\u2764\ufe0f\u2764\ufe0f\ud83e\udd17",
        "owner": {
            "id": "5898725133",
            "is_verified": false,
            "profile_pic_url": "https://instagram.fbga1-4.fna.fbcdn.net/v/t51.2885-19/s150x150/107972466_323033495756106_6687464533303229658_n.jpg?_nc_ht=instagram.fbga1-4.fna.fbcdn.net&_nc_ohc=otpE0rtKO_wAX9mfkZs&oh=e7216177ae180ed613411e02bde06570&oe=5F97AED6",
            "username": "moni_mejia04"
        },
        "likes_count": 0,
        "answers": [
            {
                "id": 17899350787287046,
                "created_at": 1546987945,
                "text": "@moni_mejia04 \u2764\ufe0f",
                "owner": {
                    "id": "208034677",
                    "is_verified": true,
                    "profile_pic_url": "https://instagram.fbga1-4.fna.fbcdn.net/v/t51.2885-19/s150x150/116713279_329296981536344_3404171181868667674_n.jpg?_nc_ht=instagram.fbga1-4.fna.fbcdn.net&_nc_ohc=e_8u8kf3ZDMAX9GL6vk&oh=cb797d66d56f5631c9bff6ad98af462e&oe=5F97C031",
                    "username": "epk"
                },
                "likes_count": 0
            }
        ]
    },
    {
        "id": 17990008705134562,
        "created_at": 1546532298,
        "text": "\ud83d\udc9c\ud83d\udc9c",
        "owner": {
            "id": "214406433",
            "is_verified": false,
            "profile_pic_url": "https://instagram.fbga1-4.fna.fbcdn.net/v/t51.2885-19/s150x150/13557240_269265516783129_1737811773_a.jpg?_nc_ht=instagram.fbga1-4.fna.fbcdn.net&_nc_ohc=5u8qCm0jqpwAX9jOuok&oh=ab59639ae4c6b6737765d515aeaceb15&oe=5F9A498B",
            "username": "gisellelosada"
        },
        "likes_count": 1,
        "answers": [
            {
                "id": 18005326201111475,
                "created_at": 1546987695,
                "text": "@gisellelosada \ud83e\udde1\ud83d\ude0a",
                "owner": {
                    "id": "208034677",
                    "is_verified": true,
                    "profile_pic_url": "https://instagram.fbga1-4.fna.fbcdn.net/v/t51.2885-19/s150x150/116713279_329296981536344_3404171181868667674_n.jpg?_nc_ht=instagram.fbga1-4.fna.fbcdn.net&_nc_ohc=e_8u8kf3ZDMAX9GL6vk&oh=cb797d66d56f5631c9bff6ad98af462e&oe=5F97C031",
                    "username": "epk"
                },
                "likes_count": 0
            }
        ]
    }
]