[
    {
        "id": 18035456536040659,
        "created_at": 1548843999,
        "text": "Porque se fueron de vzla amo su ropa tengo mucha",
        "owner": {
            "id": "10019379346",
            "is_verified": false,
            "profile_pic_url": "https://instagram.fbga1-4.fna.fbcdn.net/v/t51.2885-19/s150x150/67138066_1677422085735639_6480575272742551552_n.jpg?_nc_ht=instagram.fbga1-4.fna.fbcdn.net&_nc_ohc=NFQZOtBRmKgAX9B3fVN&oh=525467b8184bf4298abacbaf4dcc7e59&oe=5F96309C",
            "username": "reina_alexita"
        },
        "likes_count": 0,
        "answers": []
    },
    {
        "id": 18020545858075765,
        "created_at": 1548727533,
        "text": "El m\u00e1s churro ! \ud83e\udd70",
        "owner": {
            "id": "3656529184",
            "is_verified": false,
            "profile_pic_url": "https://instagram.fbga1-4.fna.fbcdn.net/v/t51.2885-19/s150x150/13256607_264295883956931_1119345758_a.jpg?_nc_ht=instagram.fbga1-4.fna.fbcdn.net&_nc_ohc=My2lWFShMbcAX-7OaYA&oh=57b6dd48e4533c51a7d5f3e0af2ea9f2&oe=5F986F9C",
            "username": "miletarasilva82"
        },
        "likes_count": 1,
        "answers": [
            {
                "id": 17962532827219639,
                "created_at": 1548777385,
                "text": "@miletarasilva82 \u2764\ufe0f\u2764\ufe0f",
                "owner": {
                    "id": "208034677",
                    "is_verified": true,
                    "profile_pic_url": "https://instagram.fbga1-4.fna.fbcdn.net/v/t51.2885-19/s150x150/116713279_329296981536344_3404171181868667674_n.jpg?_nc_ht=instagram.fbga1-4.fna.fbcdn.net&_nc_ohc=e_8u8kf3ZDMAX9GL6vk&oh=cb797d66d56f5631c9bff6ad98af462e&oe=5F97C031",
                    "username": "epk"
                },
                "likes_count": 1
            }
        ]
    },
    {
        "id": 18012533407098107,
        "created_at": 1548715698,
        "text": "\ud83d\udc96 \ud83d\ude0d\ud83d\ude0a\ud83e\udd17 mi Pr\u00edncipe azul",
        "owner": {
            "id": "334585637",
            "is_verified": false,
            "profile_pic_url": "https://instagram.fbga1-4.fna.fbcdn.net/v/t51.2885-19/11313755_1619448234980254_2026265549_a.jpg?_nc_ht=instagram.fbga1-4.fna.fbcdn.net&_nc_ohc=6X1-O8EoJTgAX_o8TYY&oh=797a180b6ddbdbdfb71eb1324694ea14&oe=5F96445D",
            "username": "flatara"
        },
        "likes_count": 2,
        "answers": [
            {
                "id": 17928094339265088,
                "created_at": 1548777380,
                "text": "@flatara \ud83d\ude0a\ud83d\udc9c",
                "owner": {
                    "id": "208034677",
                    "is_verified": true,
                    "profile_pic_url": "https://instagram.fbga1-4.fna.fbcdn.net/v/t51.2885-19/s150x150/116713279_329296981536344_3404171181868667674_n.jpg?_nc_ht=instagram.fbga1-4.fna.fbcdn.net&_nc_ohc=e_8u8kf3ZDMAX9GL6vk&oh=cb797d66d56f5631c9bff6ad98af462e&oe=5F97C031",
                    "username": "epk"
                },
                "likes_count": 0
            }
        ]
    }
]