[
    {
        "id": 17844793606556670,
        "created_at": 1564533774,
        "text": "_model le gusta",
        "owner": {
            "id": "14585912059",
            "is_verified": false,
            "profile_pic_url": "https://instagram.fbga1-4.fna.fbcdn.net/v/t51.2885-19/s150x150/109695470_645628909714814_2640778800750654563_n.jpg?_nc_ht=instagram.fbga1-4.fna.fbcdn.net&_nc_ohc=JtQijc30EiMAX-wrKjU&oh=ec85ce8828a5ffd14cac5f37a433890a&oe=5F97CB53",
            "username": "isabelamazorra_model"
        },
        "likes_count": 1,
        "answers": []
    },
    {
        "id": 18058186399186569,
        "created_at": 1564530111,
        "text": "\ud83d\ude0d\ud83d\ude0d\ud83d\ude0d",
        "owner": {
            "id": "43121285",
            "is_verified": false,
            "profile_pic_url": "https://instagram.fbga1-4.fna.fbcdn.net/v/t51.2885-19/10890910_1643865629230793_1236752170_a.jpg?_nc_ht=instagram.fbga1-4.fna.fbcdn.net&_nc_ohc=6akzfUnujtUAX-qImqf&oh=786e1d5e140a503988cf35f043bca9d3&oe=5F9786F7",
            "username": "catalinaelisafernandez"
        },
        "likes_count": 1,
        "answers": []
    }
]