[
    {
        "id": 18033197407047875,
        "created_at": 1550234492,
        "text": "Disponible en talla 8?",
        "owner": {
            "id": "1380102729",
            "is_verified": false,
            "profile_pic_url": "https://instagram.fbga1-4.fna.fbcdn.net/v/t51.2885-19/10684180_913578522028091_553432630_a.jpg?_nc_ht=instagram.fbga1-4.fna.fbcdn.net&_nc_ohc=g9v_Sj5GCvIAX-mHuzV&oh=176ca7454bb8b3f4db0182dab014bb5e&oe=5F96C4B2",
            "username": "lilianaorozco601"
        },
        "likes_count": 0,
        "answers": []
    },
    {
        "id": 18008933965125196,
        "created_at": 1548979668,
        "text": "Me gust mucho tr odoro miamoso",
        "owner": {
            "id": "8557351040",
            "is_verified": false,
            "profile_pic_url": "https://instagram.fbga1-4.fna.fbcdn.net/v/t51.2885-19/s150x150/74525295_558721728258308_3252596656159326208_n.jpg?_nc_ht=instagram.fbga1-4.fna.fbcdn.net&_nc_ohc=uVhwUJe0ZAUAX8R7M5B&oh=44d8ac3e601449772e615d476a05a54c&oe=5F96720E",
            "username": "vargascaballerosaray"
        },
        "likes_count": 1,
        "answers": []
    },
    {
        "id": 18012544564117646,
        "created_at": 1548927323,
        "text": "Precio y tallas por favor",
        "owner": {
            "id": "5361249457",
            "is_verified": false,
            "profile_pic_url": "https://instagram.fbga1-4.fna.fbcdn.net/v/t51.2885-19/s150x150/118782949_233173158114452_7654495699998779592_n.jpg?_nc_ht=instagram.fbga1-4.fna.fbcdn.net&_nc_ohc=pPJ2fpOrGbYAX8DHleo&oh=cc9640b6beeef4113cdd70612377be7d&oe=5F97BA12",
            "username": "__bibg94"
        },
        "likes_count": 0,
        "answers": []
    },
    {
        "id": 17937739948247332,
        "created_at": 1548911524,
        "text": "\ud83c\udf37\ud83d\udc8b\ud83d\udc7c",
        "owner": {
            "id": "2186302395",
            "is_verified": false,
            "profile_pic_url": "https://instagram.fbga1-4.fna.fbcdn.net/v/t51.2885-19/s150x150/119580366_2773791142888723_6359062753975513752_n.jpg?_nc_ht=instagram.fbga1-4.fna.fbcdn.net&_nc_ohc=9DJYcqWvT_MAX_nwN7J&oh=79e6e00c0650754381dec66e438366d8&oe=5F962443",
            "username": "maria_g_rios"
        },
        "likes_count": 0,
        "answers": []
    },
    {
        "id": 18027602341048387,
        "created_at": 1548901726,
        "text": "\ud83d\udc97\ud83d\udc97\ud83d\udc97",
        "owner": {
            "id": "55905041",
            "is_verified": false,
            "profile_pic_url": "https://instagram.fbga1-4.fna.fbcdn.net/v/t51.2885-19/s150x150/10731618_1204043246288869_1815120425_a.jpg?_nc_ht=instagram.fbga1-4.fna.fbcdn.net&_nc_ohc=q17Shb2XjRUAX8Z3Kg2&oh=2786028bd69dcf3ef8d6791900308992&oe=5F977A72",
            "username": "isabellacuello"
        },
        "likes_count": 0,
        "answers": []
    },
    {
        "id": 17968418005205031,
        "created_at": 1548899510,
        "text": "Que hermoso  que tallas disponibles?",
        "owner": {
            "id": "692392346",
            "is_verified": false,
            "profile_pic_url": "https://instagram.fbga1-4.fna.fbcdn.net/v/t51.2885-19/s150x150/101070775_283019542747685_13663300285890560_n.jpg?_nc_ht=instagram.fbga1-4.fna.fbcdn.net&_nc_ohc=aNJHPoWvYrcAX_1qPUM&oh=86398629531acdb7797ac361d1058f52&oe=5F9852E3",
            "username": "paredesmay_fd28"
        },
        "likes_count": 0,
        "answers": []
    },
    {
        "id": 18011242951114975,
        "created_at": 1548887037,
        "text": "Donde consigo esa blusa?",
        "owner": {
            "id": "1148940718",
            "is_verified": false,
            "profile_pic_url": "https://instagram.fbga1-4.fna.fbcdn.net/v/t51.2885-19/s150x150/104563342_2631102506991470_5269392680865896416_n.jpg?_nc_ht=instagram.fbga1-4.fna.fbcdn.net&_nc_ohc=BN7KJECXm88AX_FilA-&oh=a1610d28b5faef6d16ad5daba1b3a472&oe=5F97BA17",
            "username": "estefa_essential"
        },
        "likes_count": 0,
        "answers": []
    },
    {
        "id": 18028845559049959,
        "created_at": 1548879315,
        "text": "\ud83d\udc9c\ud83d\udc9c\ud83d\udc9c",
        "owner": {
            "id": "4061410193",
            "is_verified": false,
            "profile_pic_url": "https://instagram.fbga1-4.fna.fbcdn.net/v/t51.2885-19/s150x150/82894122_1469024119933089_7218290318771224576_n.jpg?_nc_ht=instagram.fbga1-4.fna.fbcdn.net&_nc_ohc=5w_WbZmKt1EAX8fc0RY&oh=a35e9c00361c6c0e4c9591aeb56e37a1&oe=5F95471E",
            "username": "soymamamillennial"
        },
        "likes_count": 0,
        "answers": []
    },
    {
        "id": 18027544888013778,
        "created_at": 1548872633,
        "text": "Hola buena tarde",
        "owner": {
            "id": "2230788485",
            "is_verified": false,
            "profile_pic_url": "https://instagram.fbga1-4.fna.fbcdn.net/v/t51.2885-19/s150x150/19765112_116552768969136_3939898922255777792_a.jpg?_nc_ht=instagram.fbga1-4.fna.fbcdn.net&_nc_ohc=3xmLoFm-owYAX8hB0ms&oh=557017e80fd392d94b6ceacb35a27050&oe=5F961ABF",
            "username": "sanlililo"
        },
        "likes_count": 0,
        "answers": []
    },
    {
        "id": 18009069616124060,
        "created_at": 1548872260,
        "text": "\ud83d\ude0d\ud83d\ude0d\ud83d\ude0d",
        "owner": {
            "id": "8136789",
            "is_verified": false,
            "profile_pic_url": "https://instagram.fbga1-4.fna.fbcdn.net/v/t51.2885-19/s150x150/70849536_2333884273594519_5190751152999759872_n.jpg?_nc_ht=instagram.fbga1-4.fna.fbcdn.net&_nc_ohc=1Sze2bCXerMAX8OjorT&oh=4f6faf37a59c26dbe1ac52ffadf1eceb&oe=5F94CB23",
            "username": "claudiamargarita"
        },
        "likes_count": 0,
        "answers": []
    },
    {
        "id": 17937264199251045,
        "created_at": 1548864131,
        "text": "Estra\u00f1o demaciado a @epk \ud83c\uddfb\ud83c\uddea",
        "owner": {
            "id": "1574011303",
            "is_verified": false,
            "profile_pic_url": "https://instagram.fbga1-4.fna.fbcdn.net/v/t51.2885-19/s150x150/117170890_696458367751792_1427062131973813805_n.jpg?_nc_ht=instagram.fbga1-4.fna.fbcdn.net&_nc_ohc=Bi3nLe40SpsAX8zZmWn&oh=1242031d8b3b8c9503fe6ac552393d2c&oe=5F967F48",
            "username": "natacha.romero.940"
        },
        "likes_count": 0,
        "answers": []
    },
    {
        "id": 17896768366290910,
        "created_at": 1548863218,
        "text": "Cuanto extra\u00f1o a EpK",
        "owner": {
            "id": "298674727",
            "is_verified": false,
            "profile_pic_url": "https://instagram.fbga1-4.fna.fbcdn.net/v/t51.2885-19/s150x150/118071356_334993107864811_3808573202900142360_n.jpg?_nc_ht=instagram.fbga1-4.fna.fbcdn.net&_nc_ohc=kPR0o0AguBMAX_nQyMa&oh=c022c93570e91ed55bc630f0553a4695&oe=5F96AEDA",
            "username": "maryjanefer"
        },
        "likes_count": 1,
        "answers": []
    },
    {
        "id": 17965907521200735,
        "created_at": 1548862512,
        "text": "\ud83d\udd25\ud83d\udd25\ud83d\udd25",
        "owner": {
            "id": "240906853",
            "is_verified": false,
            "profile_pic_url": "https://instagram.fbga1-4.fna.fbcdn.net/v/t51.2885-19/s150x150/53123467_406436100119215_5175104904968011776_n.jpg?_nc_ht=instagram.fbga1-4.fna.fbcdn.net&_nc_ohc=yqyizZQA0rAAX-xbPtz&oh=b1a0ac0da6bc5ac814101c9e64e3fdbf&oe=5F987680",
            "username": "diegoplatap"
        },
        "likes_count": 0,
        "answers": []
    }
]