[
    {
        "id": 18093933649108156,
        "created_at": 1573610242,
        "text": "Aun esta disponible?",
        "owner": {
            "id": "1780036215",
            "is_verified": false,
            "profile_pic_url": "https://instagram.fbga1-4.fna.fbcdn.net/v/t51.2885-19/s150x150/105976703_713535915891022_6083396636204584896_n.jpg?_nc_ht=instagram.fbga1-4.fna.fbcdn.net&_nc_ohc=nHoqWZVwYEEAX8tAulf&oh=91c8efb09163043e118edd61a290743f&oe=5F9720BD",
            "username": "sayranino1"
        },
        "likes_count": 0,
        "answers": []
    },
    {
        "id": 17846157373663820,
        "created_at": 1570017754,
        "text": "A\u00fan se encuentra disponible ese vestido en EPK Barranquilla portal del prado ?",
        "owner": {
            "id": "10705031015",
            "is_verified": false,
            "profile_pic_url": "https://instagram.fbga1-4.fna.fbcdn.net/v/t51.2885-19/s150x150/50949721_2423085784592223_6948693177196871680_n.jpg?_nc_ht=instagram.fbga1-4.fna.fbcdn.net&_nc_ohc=aGgDRF18ttoAX88P8KS&oh=dcaa9fb198e4aeb51f571f1eb12d78db&oe=5F9519A9",
            "username": "aiarelis"
        },
        "likes_count": 0,
        "answers": []
    },
    {
        "id": 18020879638166659,
        "created_at": 1555643318,
        "text": "Q presio tiene el vestido",
        "owner": {
            "id": "3045367609",
            "is_verified": false,
            "profile_pic_url": "https://instagram.fbga1-4.fna.fbcdn.net/v/t51.2885-19/s150x150/83666476_508927783089588_2666020714707943424_n.jpg?_nc_ht=instagram.fbga1-4.fna.fbcdn.net&_nc_ohc=H2MPA5S7Uw8AX-5SvcT&oh=ad2b4a55cbfc633796a84b0c2405048b&oe=5F97632B",
            "username": "viviana92luciana"
        },
        "likes_count": 1,
        "answers": [
            {
                "id": 17923300174292776,
                "created_at": 1555644234,
                "text": "@viviana92luciana hola viviana! Te invitamos a visitarnos en epk.com y descubrir nuestras prendas \ud83d\udc9c",
                "owner": {
                    "id": "208034677",
                    "is_verified": true,
                    "profile_pic_url": "https://instagram.fbga1-4.fna.fbcdn.net/v/t51.2885-19/s150x150/116713279_329296981536344_3404171181868667674_n.jpg?_nc_ht=instagram.fbga1-4.fna.fbcdn.net&_nc_ohc=e_8u8kf3ZDMAX9GL6vk&oh=cb797d66d56f5631c9bff6ad98af462e&oe=5F97C031",
                    "username": "epk"
                },
                "likes_count": 0
            }
        ]
    },
    {
        "id": 18047472976079708,
        "created_at": 1555443925,
        "text": "\u00c9l vestido esta disponible en talla 18 meses o T2 y los zapatos en talla 21? Gracias",
        "owner": {
            "id": "2128702065",
            "is_verified": false,
            "profile_pic_url": "https://instagram.fbga1-4.fna.fbcdn.net/v/t51.2885-19/s150x150/101784607_258113078602906_2573979110288130048_n.jpg?_nc_ht=instagram.fbga1-4.fna.fbcdn.net&_nc_ohc=E4QngQtfPBIAX-wB8WE&oh=10d359b9afead5d17c41863df86e1e4d&oe=5F9629B8",
            "username": "sandra_rengifob"
        },
        "likes_count": 0,
        "answers": [
            {
                "id": 17878920478334349,
                "created_at": 1555448734,
                "text": "@sandra_rengifob Hola Sandra! \u00a1Te invitamos a visitarnos en www.epk.com y descubrir todas las prendas que tenemos para ti, acompa\u00f1adas de sus tallas y precios! \u2764\ufe0f",
                "owner": {
                    "id": "208034677",
                    "is_verified": true,
                    "profile_pic_url": "https://instagram.fbga1-4.fna.fbcdn.net/v/t51.2885-19/s150x150/116713279_329296981536344_3404171181868667674_n.jpg?_nc_ht=instagram.fbga1-4.fna.fbcdn.net&_nc_ohc=e_8u8kf3ZDMAX9GL6vk&oh=cb797d66d56f5631c9bff6ad98af462e&oe=5F97C031",
                    "username": "epk"
                },
                "likes_count": 1
            }
        ]
    },
    {
        "id": 18038927626096814,
        "created_at": 1555417852,
        "text": "\ud83d\ude07\ud83d\ude07",
        "owner": {
            "id": "2369332502",
            "is_verified": false,
            "profile_pic_url": "https://instagram.fbga1-4.fna.fbcdn.net/v/t51.2885-19/s150x150/70822048_380996679499130_5424430573999357952_n.jpg?_nc_ht=instagram.fbga1-4.fna.fbcdn.net&_nc_ohc=WUKC2Kwqex8AX_YLhGX&oh=5a5bdadd567094d108853017744bdb6b&oe=5F98302E",
            "username": "angela64garcia"
        },
        "likes_count": 1,
        "answers": []
    },
    {
        "id": 17946023668272837,
        "created_at": 1555393405,
        "text": "@pao20_081860",
        "owner": {
            "id": "9448015554",
            "is_verified": false,
            "profile_pic_url": "https://instagram.fssa21-1.fna.fbcdn.net/v/t51.2885-19/44884218_345707102882519_2446069589734326272_n.jpg?_nc_ht=instagram.fssa21-1.fna.fbcdn.net&_nc_ohc=RLYRR3IenIMAX8Pyqpn&oh=706e7c392349022b7440dbd1bc52f51c&oe=5F96310F&ig_cache_key=YW5vbnltb3VzX3Byb2ZpbGVfcGlj.2",
            "username": "marybhoz"
        },
        "likes_count": 1,
        "answers": []
    },
    {
        "id": 18055446265042046,
        "created_at": 1555382791,
        "text": "\ud83d\udc99",
        "owner": {
            "id": "370841253",
            "is_verified": false,
            "profile_pic_url": "https://instagram.fbga1-4.fna.fbcdn.net/v/t51.2885-19/s150x150/82005057_260012261638588_967801284503535616_n.jpg?_nc_ht=instagram.fbga1-4.fna.fbcdn.net&_nc_ohc=9LmUtGjIYYIAX-c6m4M&oh=c6a128bf873ed9329ce543a754e7544e&oe=5F970FCA",
            "username": "anjimenezt"
        },
        "likes_count": 1,
        "answers": []
    },
    {
        "id": 18055571065013544,
        "created_at": 1555379226,
        "text": "Eso no es  verdad",
        "owner": {
            "id": "3156939222",
            "is_verified": false,
            "profile_pic_url": "https://instagram.fbga1-4.fna.fbcdn.net/v/t51.2885-19/s150x150/20766898_1913548008911132_4895039652488019968_a.jpg?_nc_ht=instagram.fbga1-4.fna.fbcdn.net&_nc_ohc=c5Tw_JrjoKkAX9YuxCJ&oh=3645a9b40a3548c14a9303df1e672665&oe=5F98498A",
            "username": "floralbavegavega"
        },
        "likes_count": 1,
        "answers": [
            {
                "id": 17877133513339667,
                "created_at": 1555422909,
                "text": "Hola @floralbavegavega ! \u00bfHas tenido inconvenientes con la inscripci\u00f3n? Por favor compartenos tus datos completos por mensaje directo o cont\u00e1ctanos a clubbaby@epk.com y con mucho gusto te ayudaremos! Te esperamos\ud83d\udc99",
                "owner": {
                    "id": "208034677",
                    "is_verified": true,
                    "profile_pic_url": "https://instagram.fbga1-4.fna.fbcdn.net/v/t51.2885-19/s150x150/116713279_329296981536344_3404171181868667674_n.jpg?_nc_ht=instagram.fbga1-4.fna.fbcdn.net&_nc_ohc=e_8u8kf3ZDMAX9GL6vk&oh=cb797d66d56f5631c9bff6ad98af462e&oe=5F97C031",
                    "username": "epk"
                },
                "likes_count": 1
            }
        ]
    },
    {
        "id": 18038967790109654,
        "created_at": 1555375925,
        "text": "Me inscrib\u00ed y no fue valido.",
        "owner": {
            "id": "4061099764",
            "is_verified": false,
            "profile_pic_url": "https://instagram.fbga1-4.fna.fbcdn.net/v/t51.2885-19/s150x150/117250154_1832809963527456_2199658777594745590_n.jpg?_nc_ht=instagram.fbga1-4.fna.fbcdn.net&_nc_ohc=Vv4KeSdRVQMAX9VSsAI&oh=2fa069e662083a2a5a8476f552c73a88&oe=5F94F936",
            "username": "irmote11_"
        },
        "likes_count": 1,
        "answers": [
            {
                "id": 17872581835353928,
                "created_at": 1555422958,
                "text": "@irmote11_ \u00bfHas tenido inconvenientes con la inscripci\u00f3n o redenci\u00f3n de tus beneficios club baby? Por favor compartenos tus datos completos por mensaje directo o cont\u00e1ctanos a clubbaby@epk.com y con mucho gusto te ayudaremos! Te esperamos!",
                "owner": {
                    "id": "208034677",
                    "is_verified": true,
                    "profile_pic_url": "https://instagram.fbga1-4.fna.fbcdn.net/v/t51.2885-19/s150x150/116713279_329296981536344_3404171181868667674_n.jpg?_nc_ht=instagram.fbga1-4.fna.fbcdn.net&_nc_ohc=e_8u8kf3ZDMAX9GL6vk&oh=cb797d66d56f5631c9bff6ad98af462e&oe=5F97C031",
                    "username": "epk"
                },
                "likes_count": 2
            }
        ]
    },
    {
        "id": 18049027279068609,
        "created_at": 1555375919,
        "text": "Y despu\u00e9s de llenar el formulario cu\u00e1l es el paso a seguir ,hasta el momento solo me han llegado mail promocionales",
        "owner": {
            "id": "367480855",
            "is_verified": false,
            "profile_pic_url": "https://instagram.fbga1-4.fna.fbcdn.net/v/t51.2885-19/s150x150/46934521_725153591202241_6623373323197743104_n.jpg?_nc_ht=instagram.fbga1-4.fna.fbcdn.net&_nc_ohc=vKOZF4Wzkd4AX_BNjg6&oh=318336cd3e77db6af186c91c1de76bd5&oe=5F95B935",
            "username": "kathe02_1"
        },
        "likes_count": 1,
        "answers": [
            {
                "id": 18028775944140545,
                "created_at": 1555423129,
                "text": "Hola @kathe02_1 , Despu\u00e9s de llenar el formulario y nosotros haber validado todos los datos, puedes empezar a disfrutar de todos los beneficios de nuestro club, como recibir looks sugeridos, contar con un bono de descuento en el mes de cumplea\u00f1os de tu beb\u00e9 y muchos beneficios m\u00e1s!  saludos\ud83d\udc99",
                "owner": {
                    "id": "208034677",
                    "is_verified": true,
                    "profile_pic_url": "https://instagram.fbga1-4.fna.fbcdn.net/v/t51.2885-19/s150x150/116713279_329296981536344_3404171181868667674_n.jpg?_nc_ht=instagram.fbga1-4.fna.fbcdn.net&_nc_ohc=e_8u8kf3ZDMAX9GL6vk&oh=cb797d66d56f5631c9bff6ad98af462e&oe=5F97C031",
                    "username": "epk"
                },
                "likes_count": 1
            }
        ]
    },
    {
        "id": 18023956498150999,
        "created_at": 1555375351,
        "text": "\ud83d\ude0d\ud83d\ude0d\ud83d\ude0d",
        "owner": {
            "id": "300619997",
            "is_verified": false,
            "profile_pic_url": "https://instagram.fbga1-4.fna.fbcdn.net/v/t51.2885-19/11313586_702762243158028_1545189721_a.jpg?_nc_ht=instagram.fbga1-4.fna.fbcdn.net&_nc_ohc=lenYEIuVT1MAX9Hp6qS&oh=78336c490c45e33818b33e02d4ff5335&oe=5F98481F",
            "username": "tabathajanna"
        },
        "likes_count": 1,
        "answers": []
    }
]