[
    {
        "id": 17853504301412393,
        "created_at": 1557696605,
        "text": "El comentario ser\u00eda sobre mi qe soy la mam\u00e1 del ni\u00f1o o sobre mi mam\u00e1 ??",
        "owner": {
            "id": "3418538154",
            "is_verified": false,
            "profile_pic_url": "https://instagram.fbga1-4.fna.fbcdn.net/v/t51.2885-19/s150x150/47506018_352951175500265_2571311033654181888_n.jpg?_nc_ht=instagram.fbga1-4.fna.fbcdn.net&_nc_ohc=mmJOkNf1okIAX-Kk_3k&oh=d0a527125866ec4b2497be61d2cdf014&oe=5F954C8E",
            "username": "jesicarincon12"
        },
        "likes_count": 0,
        "answers": []
    },
    {
        "id": 17882106001346638,
        "created_at": 1557548027,
        "text": "\ud83d\udc4f\ud83d\udc4f\ud83d\ude0a\u2764\ufe0f",
        "owner": {
            "id": "2291079522",
            "is_verified": false,
            "profile_pic_url": "https://instagram.fbga1-4.fna.fbcdn.net/v/t51.2885-19/s150x150/60586849_423597194885872_2166834790655852544_n.jpg?_nc_ht=instagram.fbga1-4.fna.fbcdn.net&_nc_ohc=Pa3TNKDWYcEAX-mFeRu&oh=c063c7be54f4d79e8226aefc390f170c&oe=5F96C29C",
            "username": "yennivalbuena"
        },
        "likes_count": 0,
        "answers": []
    },
    {
        "id": 18064234408051742,
        "created_at": 1557495099,
        "text": "@camilalondom",
        "owner": {
            "id": "586663213",
            "is_verified": false,
            "profile_pic_url": "https://instagram.fbga1-4.fna.fbcdn.net/v/t51.2885-19/s150x150/119864183_360696915314562_3815248441214415241_n.jpg?_nc_ht=instagram.fbga1-4.fna.fbcdn.net&_nc_ohc=_bl8xzMxCVUAX-5PSmh&oh=f75396bb070cf8e2ff73f93e43320bab&oe=5F981383",
            "username": "carolinalondono98"
        },
        "likes_count": 1,
        "answers": []
    },
    {
        "id": 17986948195228441,
        "created_at": 1557458729,
        "text": "Hermosos \ud83d\udc96\ud83d\udc96",
        "owner": {
            "id": "1150155524",
            "is_verified": false,
            "profile_pic_url": "https://instagram.fbga1-4.fna.fbcdn.net/v/t51.2885-19/s150x150/117722727_114340640232715_6977565293752066718_n.jpg?_nc_ht=instagram.fbga1-4.fna.fbcdn.net&_nc_ohc=m24nkIX1yy8AX-xSpbN&oh=35aae7f5f1fe3eede8b4533bbd3b4af3&oe=5F9624A1",
            "username": "mzch1607"
        },
        "likes_count": 1,
        "answers": []
    },
    {
        "id": 17894567404319505,
        "created_at": 1557455816,
        "text": "\u2764\ufe0f",
        "owner": {
            "id": "213123223",
            "is_verified": false,
            "profile_pic_url": "https://instagram.fbga1-4.fna.fbcdn.net/v/t51.2885-19/s150x150/27581895_2323148474377281_1145522160719101952_n.jpg?_nc_ht=instagram.fbga1-4.fna.fbcdn.net&_nc_ohc=zfcyrPO4HXwAX9Fk8U5&oh=ceb8c5b051e4d3d9a2bf1a99b996cd82&oe=5F96EC35",
            "username": "toyiespinosa"
        },
        "likes_count": 1,
        "answers": []
    },
    {
        "id": 17986283386240988,
        "created_at": 1557453572,
        "text": "A d\u00f3nde se sube la foto?",
        "owner": {
            "id": "2263674400",
            "is_verified": false,
            "profile_pic_url": "https://instagram.fbga1-4.fna.fbcdn.net/v/t51.2885-19/s150x150/119059428_636485153737297_7986404918134024324_n.jpg?_nc_ht=instagram.fbga1-4.fna.fbcdn.net&_nc_ohc=tmY-imQxka4AX8uT8a6&oh=dcda85b04b99858459b1a59115ee7415&oe=5F968C66",
            "username": "samava1982"
        },
        "likes_count": 1,
        "answers": [
            {
                "id": 18042640537125713,
                "created_at": 1557518668,
                "text": "@samava1982 Hola! En tu cuenta de Instagram! \u2764\ufe0f",
                "owner": {
                    "id": "208034677",
                    "is_verified": true,
                    "profile_pic_url": "https://instagram.fbga1-4.fna.fbcdn.net/v/t51.2885-19/s150x150/116713279_329296981536344_3404171181868667674_n.jpg?_nc_ht=instagram.fbga1-4.fna.fbcdn.net&_nc_ohc=e_8u8kf3ZDMAX9GL6vk&oh=cb797d66d56f5631c9bff6ad98af462e&oe=5F97C031",
                    "username": "epk"
                },
                "likes_count": 0
            },
            {
                "id": 17940972373285229,
                "created_at": 1557519762,
                "text": "@epk vale gracias",
                "owner": {
                    "id": "2263674400",
                    "is_verified": false,
                    "profile_pic_url": "https://instagram.fbga1-4.fna.fbcdn.net/v/t51.2885-19/s150x150/119059428_636485153737297_7986404918134024324_n.jpg?_nc_ht=instagram.fbga1-4.fna.fbcdn.net&_nc_ohc=tmY-imQxka4AX8uT8a6&oh=dcda85b04b99858459b1a59115ee7415&oe=5F968C66",
                    "username": "samava1982"
                },
                "likes_count": 0
            }
        ]
    },
    {
        "id": 18037716496095310,
        "created_at": 1557451125,
        "text": "\ud83d\udc98\ud83d\udc98\ud83d\udc98\ud83d\udc98\ud83d\udc98",
        "owner": {
            "id": "187216870",
            "is_verified": false,
            "profile_pic_url": "https://instagram.fbga1-4.fna.fbcdn.net/v/t51.2885-19/s150x150/11262895_726502054121979_1000183102_a.jpg?_nc_ht=instagram.fbga1-4.fna.fbcdn.net&_nc_ohc=Jy-h1uSxkRgAX-YY9gf&oh=f31c3b89234bce088152e47a8343121b&oe=5F9824F6",
            "username": "vepolo"
        },
        "likes_count": 1,
        "answers": []
    }
]