[
    {
        "id": 18141145243057503,
        "created_at": 1588475405,
        "text": "Hola precio",
        "owner": {
            "id": "8045704372",
            "is_verified": false,
            "profile_pic_url": "https://instagram.fbga1-4.fna.fbcdn.net/v/t51.2885-19/s150x150/40337973_871574519633514_6783484176369713152_n.jpg?_nc_ht=instagram.fbga1-4.fna.fbcdn.net&_nc_ohc=fsHuKMHCpLUAX-SossJ&oh=c4243916dfbd2bf521ff7214aff330c9&oe=5F97EE92",
            "username": "luciairinacabalmacias"
        },
        "likes_count": 0,
        "answers": []
    },
    {
        "id": 17869829926675403,
        "created_at": 1586113193,
        "text": "Que valen?",
        "owner": {
            "id": "15606993319",
            "is_verified": false,
            "profile_pic_url": "https://instagram.fbga1-4.fna.fbcdn.net/v/t51.2885-19/s150x150/91358887_957031361378642_3322828446714822656_n.jpg?_nc_ht=instagram.fbga1-4.fna.fbcdn.net&_nc_ohc=ZZxwPz_fNzIAX9EII1x&oh=d398acd77804e221eace53ccea195c5c&oe=5F9770B9",
            "username": "mischell_lr"
        },
        "likes_count": 0,
        "answers": []
    },
    {
        "id": 18061034848123552,
        "created_at": 1563155489,
        "text": "Precio ? Mi beb\u00e9 tiene 3 meses",
        "owner": {
            "id": "783711204",
            "is_verified": false,
            "profile_pic_url": "https://instagram.fbga1-4.fna.fbcdn.net/v/t51.2885-19/s150x150/118118684_154227743019753_5722015282868303357_n.jpg?_nc_ht=instagram.fbga1-4.fna.fbcdn.net&_nc_ohc=1VKCzBFnTisAX8uI2o1&oh=711f24caab9465e499c0fe9bfb026725&oe=5F95A1C9",
            "username": "ja_ga13"
        },
        "likes_count": 0,
        "answers": []
    },
    {
        "id": 17869066438421855,
        "created_at": 1563000033,
        "text": "@alejasolis16 yo quiere este mami \ud83d\ude0d me lo compras",
        "owner": {
            "id": "16034646754",
            "is_verified": false,
            "profile_pic_url": "https://instagram.fbga1-4.fna.fbcdn.net/v/t51.2885-19/s150x150/92215310_1514459795383237_3496860152181555200_n.jpg?_nc_ht=instagram.fbga1-4.fna.fbcdn.net&_nc_ohc=CO1PrcccdywAX9oGBDe&oh=bd0a95f7c1e3434fc9c686204fe12d4c&oe=5F987832",
            "username": "elmundodeluciaep"
        },
        "likes_count": 1,
        "answers": []
    },
    {
        "id": 17861770264425227,
        "created_at": 1560881611,
        "text": "Mira @esme_pao15",
        "owner": {
            "id": "2073264359",
            "is_verified": false,
            "profile_pic_url": "https://instagram.fbga1-4.fna.fbcdn.net/v/t51.2885-19/s150x150/98153994_528147897881451_5326383973939544064_n.jpg?_nc_ht=instagram.fbga1-4.fna.fbcdn.net&_nc_ohc=FIgqPF7Cd6oAX8NuXRo&oh=ad721668f7251d36b93fe3346d5cd3a4&oe=5F9813D3",
            "username": "ojos_cafe_1"
        },
        "likes_count": 1,
        "answers": []
    },
    {
        "id": 18075914386023270,
        "created_at": 1560862498,
        "text": "@marcediaz27",
        "owner": {
            "id": "2205528498",
            "is_verified": false,
            "profile_pic_url": "https://instagram.fbga1-4.fna.fbcdn.net/v/t51.2885-19/s150x150/92258929_1512646122230377_2324766970127319040_n.jpg?_nc_ht=instagram.fbga1-4.fna.fbcdn.net&_nc_ohc=fVKnfZP6GJAAX_iXh2T&oh=e467ac459b86ae47e20fe335eb33d079&oe=5F971B13",
            "username": "mmargaritadiazd"
        },
        "likes_count": 1,
        "answers": []
    },
    {
        "id": 18013260292204679,
        "created_at": 1560854949,
        "text": "He tratado de buscar este vestido. Pero no lo encuentro en la p\u00e1gina. Est\u00e1 disponible???",
        "owner": {
            "id": "1241051032",
            "is_verified": false,
            "profile_pic_url": "https://instagram.fbga1-4.fna.fbcdn.net/v/t51.2885-19/s150x150/119490915_340485327219834_5286034572534801711_n.jpg?_nc_ht=instagram.fbga1-4.fna.fbcdn.net&_nc_ohc=00QdUmE3b0QAX8DNTqz&oh=dcb002ff3acbfcb442da7923de5cc679&oe=5F9544E5",
            "username": "erikikag"
        },
        "likes_count": 1,
        "answers": [
            {
                "id": 18042484594158096,
                "created_at": 1560889938,
                "text": "@erikikag Hola Eri, Nuestro inventario es bastante din\u00e1mico! Pronto estar\u00e1 disponible para ti! \u2764\ufe0f",
                "owner": {
                    "id": "208034677",
                    "is_verified": true,
                    "profile_pic_url": "https://instagram.fbga1-4.fna.fbcdn.net/v/t51.2885-19/s150x150/116713279_329296981536344_3404171181868667674_n.jpg?_nc_ht=instagram.fbga1-4.fna.fbcdn.net&_nc_ohc=e_8u8kf3ZDMAX9GL6vk&oh=cb797d66d56f5631c9bff6ad98af462e&oe=5F97C031",
                    "username": "epk"
                },
                "likes_count": 0
            }
        ]
    },
    {
        "id": 17917179766307711,
        "created_at": 1560819380,
        "text": "Si @epk cuando habr\u00e1 concurso para inscribir a mi bebe?",
        "owner": {
            "id": "2701510945",
            "is_verified": false,
            "profile_pic_url": "https://instagram.fbga1-4.fna.fbcdn.net/v/t51.2885-19/s150x150/119137873_836407413833493_1220366616350454323_n.jpg?_nc_ht=instagram.fbga1-4.fna.fbcdn.net&_nc_ohc=XVdJ81atWHwAX8qPT18&oh=ace219c88807ec192b78f0b48c382ac6&oe=5F957FB0",
            "username": "lizeditaplata"
        },
        "likes_count": 1,
        "answers": [
            {
                "id": 18053433295093072,
                "created_at": 1562453918,
                "text": "@epk ay! Si por fa quiero participar \ud83d\udc97",
                "owner": {
                    "id": "2092609153",
                    "is_verified": false,
                    "profile_pic_url": "https://instagram.fbga1-4.fna.fbcdn.net/v/t51.2885-19/s150x150/116047785_301306241288251_1935484732915227337_n.jpg?_nc_ht=instagram.fbga1-4.fna.fbcdn.net&_nc_ohc=hoYPyFIIdCIAX_5VSpA&oh=910aaa37c2c9cb510bf422937998dd1a&oe=5F988ECA",
                    "username": "_dayana_h"
                },
                "likes_count": 0
            },
            {
                "id": 17868785131402444,
                "created_at": 1560889951,
                "text": "@ditaplata Hola! \u00a1Te invitamos a estar al tanto en nuestras redes y medios de comunicaci\u00f3n para enterarte y participar en la pr\u00f3xima fecha de nuestro concurso Modelo EPK 2019! \u00a1Saludos!",
                "owner": {
                    "id": "208034677",
                    "is_verified": true,
                    "profile_pic_url": "https://instagram.fbga1-4.fna.fbcdn.net/v/t51.2885-19/s150x150/116713279_329296981536344_3404171181868667674_n.jpg?_nc_ht=instagram.fbga1-4.fna.fbcdn.net&_nc_ohc=e_8u8kf3ZDMAX9GL6vk&oh=cb797d66d56f5631c9bff6ad98af462e&oe=5F97C031",
                    "username": "epk"
                },
                "likes_count": 3
            }
        ]
    },
    {
        "id": 18059145310109554,
        "created_at": 1560816581,
        "text": "Cuando tendr\u00e1n concurso de modelo beb\u00e9 en Colombia para inscribir a mi hijo.",
        "owner": {
            "id": "569790905",
            "is_verified": false,
            "profile_pic_url": "https://instagram.fbga1-4.fna.fbcdn.net/v/t51.2885-19/10848291_1561030937466776_1001068969_a.jpg?_nc_ht=instagram.fbga1-4.fna.fbcdn.net&_nc_ohc=8zjG8fdC5aEAX8IFlyE&oh=6c5ef9931ca7469ae4747646cb0fae7a&oe=5F962C6B",
            "username": "tatty_2091"
        },
        "likes_count": 2,
        "answers": [
            {
                "id": 17965947853278279,
                "created_at": 1560889881,
                "text": "@tatty_2091 Hola! \u00a1Te invitamos a estar al tanto en nuestras redes y medios de comunicaci\u00f3n para enterarte y participar en la pr\u00f3xima fecha de nuestro concurso Modelo EPK 2019! \u00a1Saludos!",
                "owner": {
                    "id": "208034677",
                    "is_verified": true,
                    "profile_pic_url": "https://instagram.fbga1-4.fna.fbcdn.net/v/t51.2885-19/s150x150/116713279_329296981536344_3404171181868667674_n.jpg?_nc_ht=instagram.fbga1-4.fna.fbcdn.net&_nc_ohc=e_8u8kf3ZDMAX9GL6vk&oh=cb797d66d56f5631c9bff6ad98af462e&oe=5F97C031",
                    "username": "epk"
                },
                "likes_count": 4
            }
        ]
    },
    {
        "id": 18078074038020661,
        "created_at": 1560812791,
        "text": "\ud83d\ude0d\ud83d\ude0d",
        "owner": {
            "id": "2872416124",
            "is_verified": false,
            "profile_pic_url": "https://instagram.fbga1-4.fna.fbcdn.net/v/t51.2885-19/s150x150/12716995_969107069844737_2077141316_a.jpg?_nc_ht=instagram.fbga1-4.fna.fbcdn.net&_nc_ohc=lbQetshiTGMAX-WyIB5&oh=a21c8c0560317230ac6873920f0ba097&oe=5F95EFA2",
            "username": "pediatra_"
        },
        "likes_count": 1,
        "answers": []
    }
]