post_id,Me gusta,Me encanta,Me enfada,Me importa,Me asombra,Me divierte,Me entristece
3398313130224076,11.0,1.0,,,,,
3411410688914320,21.0,,,,,,
3398248670230522,107.0,10.0,,,,,
3398244050230984,130.0,12.0,,,,,
3407993922589330,97.0,3.0,,,,,
3398239110231478,2.0,,,,,,
3408087095913346,27.0,1.0,,,,,
3398224006899655,142.0,15.0,,,,,
3398189493569773,124.0,4.0,,,,,
3407969185925137,165.0,16.0,,1.0,,,
3400678306654225,245.0,21.0,,,,,
3398218013566921,82.0,13.0,,1.0,,,
3398211783567544,75.0,7.0,,,,,
3398200876901968,125.0,10.0,,,,,1.0
3398198716902184,53.0,1.0,,,,,
3398181686903887,222.0,17.0,,,,,1.0
3398173120238077,286.0,35.0,,1.0,,,
3398148066907249,71.0,7.0,,,,,
3400669696655086,108.0,5.0,,,,,
3398155876906468,107.0,19.0,,,,,
3398205403568182,82.0,9.0,,,,,
3398309890224400,82.0,9.0,,,,,
3398292223559500,64.0,8.0,,,,,
3419835391405183,9.0,,,,,,
3400687643319958,57.0,10.0,,,,,
3398284713560251,80.0,5.0,,,,,
3408002905921765,82.0,9.0,,,,,
3398288490226540,36.0,1.0,,,,,
3398280466894009,5.0,,,,,,
3398276030227786,412.0,65.0,,2.0,,,
3411416222247100,9.0,,,,,,
3398263026895753,82.0,8.0,,,,,
3416044215117634,23.0,2.0,,,,,
3398259770229412,144.0,18.0,,4.0,,,
3398256350229754,161.0,21.0,,1.0,,,
3398266350228754,7.0,1.0,,,,,
3400681086653947,85.0,5.0,,,,,
3398252050230184,154.0,7.0,,,,,
3326919080696815,78.0,5.0,,,1.0,,
3326912804030776,28.0,1.0,,,,,
3326892154032841,83.0,9.0,,,,1.0,
3326841590704564,119.0,10.0,,,,,
3326871674034889,523.0,61.0,,,,7.0,
3326851070703616,265.0,98.0,,6.0,,,
3326374340751289,130.0,6.0,,,,1.0,
3325788954143161,97.0,5.0,,,,,
3325765374145519,137.0,12.0,,1.0,,,
3320622034659853,45.0,2.0,,,,,
3320612897994100,275.0,50.0,,,,1.0,
3317235684998488,93.0,2.0,,,,,
3320580701330653,74.0,5.0,,,,,
3320445551344168,115.0,11.0,,,,,
3320435371345186,101.0,10.0,,,,,
3320415008013889,71.0,3.0,,,,,
3318540494868007,556.0,60.0,,,,,
3317224144999642,38.0,2.0,,,,1.0,
3317232371665486,31.0,2.0,,,,,
3316993278356062,68.0,6.0,,,,,
3317218968333493,357.0,56.0,,2.0,,,
3316983938356996,117.0,8.0,,,,2.0,
3313178145404242,106.0,2.0,,,,,
3314586395263417,16.0,2.0,,,1.0,,
3311588605563196,40.0,,,,,,
3311583975563659,165.0,4.0,,,,,
3311319995590057,132.0,4.0,,,,,
3311298812258842,260.0,29.0,,,,,
3311197985602258,175.0,9.0,,,,,
3304811979574192,12.0,1.0,,,,,
3159195854135806,71.0,3.0,,,,1.0,
3304808962907827,246.0,55.0,,2.0,,,
3304750662913657,174.0,11.0,,,,,
3282556891799701,21.0,1.0,,,,,
3304730319582358,104.0,7.0,,,,1.0,
3295961593792564,40.0,4.0,,,,,
3296236090431781,104.0,8.0,,,,,
3295985963790127,127.0,23.0,,2.0,,,
3295964250458965,21.0,,,,,,
3295975437124513,83.0,6.0,,,,,
3296044947117562,114.0,7.0,,,,,
3295958940459496,128.0,16.0,,,1.0,,
3282549128467144,3.0,297.0,,24.0,,,
3296224897099567,111.0,10.0,,,1.0,,
3297962770259113,50.0,6.0,,,,,
3295936970461693,149.0,19.0,,,,,
3295933760462014,176.0,25.0,,,,,
3295282957193761,212.0,21.0,,,,,
3294930627228994,224.0,34.0,,,,1.0,
3292251747496882,47.0,1.0,,,,,
3282545275134196,123.0,6.0,,,,,
3292248264163897,207.0,17.0,,,,,
3286030354785688,16.0,1.0,,,,,
3286020418120015,127.0,28.0,,,,,
3286013921453998,305.0,55.0,,,,,
3283115585077165,162.0,22.0,,,,,
3283118425076881,41.0,5.0,,,,,
3282804381774952,136.0,12.0,,,,,
3283113041744086,188.0,33.0,,,,,
3274167575971966,110.0,3.0,,,,,
3274171712638219,100.0,7.0,,,,,1.0
3273971645991559,94.0,11.0,,,,,
3273958445992879,18.0,2.0,,,,,
3273944209327636,150.0,16.0,,,,1.0,
3174455802609811,138.0,13.0,,,,1.0,
3273879246000799,169.0,16.0,,,,1.0,
2808193505902711,235.0,29.0,,,,38.0,
3273854229336634,193.0,23.0,,,,,
3273806186008105,146.0,13.0,,1.0,,,
3264085310313526,738.0,148.0,,,,2.0,
3264052450316812,23.0,3.0,,,,,
3264076983647692,152.0,9.0,,1.0,,,
3269864116402312,44.0,1.0,,,,,
3264032920318765,122.0,11.0,,,,,
3159201787468546,85.0,4.0,,,,,
3267512293304161,515.0,67.0,,4.0,,,
3266318633423527,33.0,2.0,,,,,
3264012250320832,574.0,74.0,,,,6.0,
3263898016998922,87.0,4.0,,,,,
3263871957001528,96.0,4.0,,,,,
3263013760420681,49.0,2.0,,,,,
3261300857258638,88.0,9.0,,,,,1.0
3260575930664464,51.0,2.0,,,,,
3260520910669966,69.0,3.0,,,,,
3217073098348081,91.0,6.0,,1.0,,,
3218203344901723,34.0,4.0,,,,,
3203487859706605,116.0,8.0,,,,,
3252040761517981,41.0,1.0,,,,,
3218224384899619,92.0,,,1.0,,,
3218195784902479,29.0,2.0,,,,,
3248984725156918,68.0,5.0,,,,,
3239068116148579,30.0,,,,,,
3252035444851846,187.0,25.0,,2.0,,,
3218189938236397,98.0,4.0,,,,1.0,
3218175898237801,77.0,1.0,,,,,2.0
3174459412609450,602.0,151.0,,6.0,,,
3218171764904881,65.0,,,,,,
3239062106149180,101.0,9.0,,1.0,,,
3218159968239394,87.0,3.0,,,,,1.0
3218142618241129,65.0,3.0,,,,,
3218072904914767,60.0,3.0,,,,3.0,
3218061548249236,112.0,12.0,,,,,
3218052228250168,239.0,21.0,,1.0,,,
3218024138252977,64.0,2.0,,,1.0,,
3218016798253711,44.0,1.0,,1.0,,,
3217968724925185,40.0,1.0,,,,,
3239057969482927,87.0,8.0,,,,,
3203681529687238,81.0,3.0,,,,,
3217621421626582,37.0,,,,,,
3217955528259838,180.0,16.0,,,,,
3203673443021380,189.0,21.0,,1.0,,,
3217256871663037,51.0,,,,,,
3203660566356001,33.0,,,,,,
3217612091627515,87.0,2.0,,,,,
3203630213025703,72.0,4.0,,,,,
3217143178341073,60.0,8.0,,,,1.0,
3203641926357865,14.0,,,,,,
3203650589690332,219.0,23.0,,,,,
3227699790618745,44.0,2.0,,,,1.0,
3227689020619822,13.0,2.0,,,,,
3203179036404154,108.0,4.0,,,,,
3218620818193309,11.0,1.0,,,,,
3203609703027754,275.0,14.0,,2.0,,,
3217119655010092,44.0,1.0,,,,,
3217107351677989,56.0,3.0,,,,,
3218617231527001,34.0,3.0,,,,,
3203561826365875,128.0,2.0,,,,,
3203174726404585,81.0,2.0,,,,,
3217097278345663,50.0,1.0,,,,,
3217088571679867,61.0,6.0,,,,,
3203543179701073,216.0,16.0,,,,,
3203523196369738,63.0,7.0,,,,,
3203504516371606,339.0,19.0,,,,7.0,
3209184115803646,70.0,3.0,,,,,
3203514513037273,213.0,18.0,,,,,
3217056585016399,71.0,3.0,,,,,
3203171899738201,126.0,12.0,,,,2.0,
3203482303040494,37.0,,,,,1.0,
3159189360803122,121.0,1.0,,,,1.0,
3202671229788268,78.0,4.0,,,,1.0,
3202665633122161,13.0,,,,,,
3202659656456092,159.0,8.0,,,,1.0,
3202663019789089,17.0,1.0,,,,,
3203159393072785,294.0,32.0,,2.0,,,
3202649226457135,42.0,3.0,,,,1.0,
3209149019140489,63.0,3.0,,,,,
3202646303124094,123.0,9.0,,,,,
3202624393126285,173.0,11.0,,,,,
3206628942725830,121.0,3.0,,,1.0,,
3202615279793863,904.0,53.0,,,,334.0,
3202618833126841,82.0,2.0,,,1.0,,
3202610676460990,125.0,10.0,,,,,
3202604976461560,15.0,,,,,,
3202600206462037,231.0,17.0,,4.0,,,
3203155093073215,194.0,14.0,,,,1.0,
3159183287470396,66.0,2.0,,,,,
3202560773132647,25.0,,,,,,
3202557629799628,250.0,19.0,,,,,
3200072903381434,17.0,,,,,,
3199352973453427,161.0,15.0,,,,,
3200108103377914,476.0,41.0,,,,9.0,
3199318856790172,139.0,6.0,,,,,
3193673570688034,148.0,5.0,,,,,
3179673032088088,452.0,71.0,,1.0,,,
3193665320688859,83.0,8.0,,,,,
3193639877358070,110.0,6.0,,1.0,,,
3159178207470904,127.0,3.0,,,,,
3193632517358806,377.0,28.0,,,,,
3190284914360233,92.0,1.0,,,,,
3179670272088364,294.0,73.0,,,2.0,,
3190255114363213,83.0,3.0,,,,1.0,
3179002122155179,146.0,17.0,,1.0,,,
3174453552610036,140.0,9.0,,,,,
3174451325943592,200.0,15.0,,2.0,,,
3174446335944091,243.0,32.0,,1.0,,,
3179006212154770,91.0,8.0,,1.0,,,
3179666895422035,338.0,22.0,,1.0,,,
3174444405944284,388.0,79.0,,2.0,,,
3174436835945041,157.0,5.0,,,,,
3159159610806097,100.0,3.0,,,,,
3174352699286788,246.0,27.0,,,,1.0,
3179832815405443,65.0,9.0,,,,,
3179663968755661,14.0,,,,,,
3174346545954070,139.0,14.0,,,,,
3174343459287712,228.0,15.0,,2.0,,,
3174338982621493,105.0,7.0,,2.0,,,
3176944802360911,70.0,2.0,,,,,
3174334895955235,117.0,12.0,,,,,
3171721592883232,78.0,7.0,,,,,
3171723902883001,36.0,4.0,,,,,
3171715082883883,145.0,8.0,,,,1.0,
3170668166321908,249.0,23.0,,1.0,,,
3159152370806821,67.0,1.0,,,,,
3167909003264491,117.0,9.0,,1.0,,,
3170189409703117,2.0,274.0,,22.0,,,
3167897749932283,166.0,15.0,,,,,
3167742193281172,278.0,33.0,,1.0,,,
3165377426850982,235.0,25.0,,1.0,,,
3165367240185334,137.0,10.0,,1.0,,,
3165313020190756,187.0,19.0,,3.0,,,
3164737853581606,73.0,11.0,,,,1.0,
3164940273561364,54.0,8.0,,,,,
3157138281008230,220.0,12.0,,1.0,,,
3142146955840696,183.0,17.0,,,,,
3156686967720028,115.0,5.0,,,,,
3156680287720696,91.0,2.0,,2.0,,,
3156671687721556,256.0,16.0,,1.0,,,
3156666754388716,46.0,2.0,,,,,
3159139407474784,109.0,2.0,,1.0,,,
3156674994387892,129.0,8.0,,,,,
3156869794368412,174.0,21.0,,3.0,,,
3157132084342183,27.0,4.0,,,,,
3156655547723170,240.0,21.0,,1.0,,,
3155871477801577,36.0,1.0,,,,,
3142143835841008,122.0,8.0,,1.0,,,
3139037526151639,225.0,13.0,,2.0,,,
3148824081839650,32.0,,,,,,
3148819875173404,1.0,55.0,,,,27.0,
3148708018517923,83.0,9.0,,,,,
3151318594923532,2.0,1.0,,,,,
3145718642150194,59.0,1.0,,,,,
3142140825841309,73.0,5.0,,,,,
3148625481859510,66.0,10.0,,,,,
3138994202822638,113.0,3.0,,,,,
3147691078619617,57.0,3.0,,,,,
3145676288821096,123.0,7.0,,,,,
3139040816151310,15.0,7.0,,,,,
3145503872171671,128.0,1.0,,,,,
3139032539485471,207.0,14.0,,,,,
3145495828839142,94.0,6.0,,,,,
3139027529485972,38.0,10.0,,,,,
3139003592821699,158.0,5.0,,,,,
3142678319120893,109.0,2.0,,,,,
3141706499218075,195.0,16.0,,3.0,,,
3138986589490066,28.0,1.0,,,,,
3138982229490502,222.0,16.0,,,,1.0,
3138473999541325,154.0,10.0,,1.0,,,
3138460929542632,123.0,3.0,,,,1.0,
3138394772882581,43.0,1.0,,,,,
3135677296487662,61.0,1.0,,,,,
3135624969826228,102.0,3.0,,,,4.0,
3124635384258520,116.0,4.0,,,3.0,,
3124623497593042,1.0,131.0,,,,9.0,
3124560897599302,418.0,17.0,,3.0,,,
3124603917595000,131.0,8.0,,,,,
3128390367216355,55.0,3.0,,,,,
3128384873883571,85.0,2.0,,,,,
3124533084268750,62.0,4.0,,,1.0,,
3124517570936968,115.0,7.0,,,,1.0,
3121826751206050,53.0,5.0,,,,,
3127958257259566,144.0,8.0,,,,,
3121663574555701,27.0,,,,,,
3108448825877176,372.0,38.0,,,,2.0,
3108482062540519,350.0,32.0,,,,4.0,
3108455735876485,151.0,15.0,,1.0,,,
3108471932541532,59.0,1.0,,,,1.0,
3108463539209038,127.0,6.0,,,,,
3108443069211085,84.0,,,,,,
3108437065878352,1.0,59.0,,7.0,,,
3097634420291950,324.0,21.0,,,,1.0,
3108430965878962,337.0,33.0,,,,4.0,
3108421782546547,423.0,16.0,,,,6.0,
3116212928434099,290.0,26.0,,2.0,,,
3126870727368319,120.0,9.0,,,,,
3108396975882361,126.0,12.0,,,,2.0,
3087501951305197,155.0,9.0,,1.0,,,
3108379625884096,109.0,2.0,,,,,
3097630100292382,122.0,9.0,,1.0,,,
3108340905887968,163.0,9.0,,,,,
3108366349218757,305.0,15.0,,1.0,,,
3108354112553314,271.0,25.0,,,,,
3107777209277671,466.0,55.0,,,,1.0,
3107499509305441,193.0,19.0,,,,1.0,
3085024318219627,184.0,7.0,,,,,
3107784252610300,16.0,2.0,,,,,
3087497221305670,138.0,5.0,,,,,
3087491807972878,61.0,2.0,,,,,
3097624460292946,162.0,14.0,,,,,
3087487377973321,177.0,18.0,,1.0,,,
3087465627975496,16.0,2.0,,,,,
3104337062955019,98.0,8.0,,,,,
3087454907976568,117.0,8.0,,,,1.0,
3087389674649758,33.0,2.0,,,,,
3087345121320880,6.0,801.0,,,,53.0,
3097616466960412,228.0,26.0,,1.0,,,
3087329147989144,132.0,15.0,,,,,
3087281941327198,128.0,5.0,,,,,
3087318454656880,167.0,10.0,,1.0,,,
3087302197991839,44.0,1.0,,,,,
3087254604663265,23.0,,,,,,
3087238501331542,248.0,28.0,,,,,
3087222364666489,26.0,2.0,,,,,
3087211104667615,18.0,2.0,,,,,
3085123074876418,51.0,,,,,,
3085118028210256,310.0,22.0,,1.0,,,
3084989218223137,66.0,2.0,,,,,
3084982261557166,26.0,2.0,,,,,
3084352978286761,37.0,,,,,,
3084243361631056,349.0,42.0,,,,,
3082262308495828,32.0,,,,,,
3076699042385488,172.0,14.0,,1.0,,,
3064791336909592,225.0,33.0,,2.0,,,
3064459473609445,119.0,5.0,,,,,
3075832252472167,17.0,1.0,,,,,
3064465486942177,280.0,32.0,,,,,
3064453110276748,89.0,5.0,,1.0,,,
3064597126929013,675.0,65.0,,7.0,,,
3068559293199463,115.0,11.0,,,,,
3064480623607330,258.0,26.0,,,,9.0,
3068540119868047,92.0,5.0,,,1.0,,
3067562363299156,184.0,9.0,,2.0,,,
3065989023456490,82.0,8.0,,1.0,,,
3064440913611301,58.0,4.0,,,,,
3064423206946405,43.0,1.0,,,,,
3059465244108868,66.0,16.0,,,,,
3042964789092247,290.0,27.0,,,,,
3049062355149157,361.0,37.0,,2.0,,,
3042427042479355,174.0,7.0,,,,,
3049055445149848,49.0,4.0,,,,,
3049046581817401,26.0,2.0,,,,,
3042947402427319,56.0,5.0,,,,1.0,
3042424889146237,328.0,21.0,,,,,
3042941289094597,303.0,34.0,,,,,
3049026318486094,54.0,,,,,,
3048097398578986,157.0,15.0,,,,,
3042905435764849,45.0,,,,2.0,,
3042894719099254,30.0,3.0,,,,,
3042887965766596,286.0,21.0,,,,,
3042870532435006,47.0,5.0,,,,,
3042414212480638,167.0,21.0,,3.0,,,
3039711486084244,617.0,91.0,,,,,
3027516957303697,48.0,5.0,,,,,
3026888784033181,133.0,11.0,,,,,
3027522457303147,134.0,13.0,,,,,
3026922104029849,23.0,1.0,,,,,
3026895114032548,63.0,5.0,,1.0,,,
3026847530703973,39.0,5.0,,,,1.0,
3026841900704536,39.0,,,,,,
3026819307373462,21.0,4.0,,2.0,,,
3027490067306386,127.0,17.0,,,,,
3025943027461090,23.0,2.0,,,,,
3025923807463012,135.0,11.0,,1.0,,,
3025730894148970,77.0,11.0,,,,,
3024102210978505,50.0,2.0,,,,,
3021318137923579,54.0,5.0,,,,,
3020579327997460,91.0,7.0,,,,,
3000681963320530,190.0,19.0,,,,2.0,
3000620353326691,40.0,4.0,,1.0,,,
3000607056661354,49.0,3.0,,,,,
3000595533329173,4.0,1.0,,,,266.0,
3005790499476343,55.0,,,,,,
3000564666665593,303.0,37.0,,5.0,,,
3005317166190343,181.0,27.0,,,,3.0,
3000530766668983,56.0,2.0,,,,,
3000498460005547,228.0,30.0,,,,,
3000470196675040,42.0,1.0,,,,,
3000434140011979,105.0,7.0,,,,,
2987169901338403,82.0,6.0,,,,,
3000128646709195,204.0,24.0,,5.0,,,
2990188511036542,356.0,37.0,,1.0,,,
2990087497713310,143.0,8.0,,1.0,,,
2990076747714385,499.0,61.0,,3.0,,,
2990064521048941,246.0,27.0,,1.0,,,
2990027161052677,478.0,59.0,,,,5.0,
2989954307726629,920.0,59.0,,,,11.0,
2989771457744914,27.0,1.0,,,,,
2989931284395598,91.0,8.0,,,,,
2989523471103046,63.0,5.0,,1.0,,,
2989326297789430,71.0,6.0,,1.0,,,
2989294854459241,177.0,22.0,,2.0,,,
2986794388042621,389.0,57.0,,3.0,,,
2984618711593522,130.0,16.0,,,,,
2984726868249373,76.0,10.0,,2.0,,,
2984279181627475,340.0,41.0,,3.0,,,
2983860648335995,183.0,10.0,,3.0,,,
2981933745195352,33.0,2.0,,,,,
2981585208563539,191.0,27.0,,,,2.0,
2981083431947050,55.0,14.0,,,,,
2974485012606892,225.0,28.0,,2.0,,,
2974387979283262,149.0,10.0,,,,,
2974415039280556,20.0,2.0,,,,,
2974391785949548,186.0,17.0,,,5.0,,
2974086989313361,43.0,8.0,,,,,
2974355465953180,198.0,17.0,,6.0,,,
2974036702651723,29.0,,,,,,
2974009032654490,60.0,6.0,,2.0,,,
2971670679554992,55.0,8.0,,,,,
2971825502872843,36.0,1.0,,,,,
2957969124258481,61.0,6.0,,,,,
2969483109773749,59.0,1.0,,,,,
2955984794456914,34.0,,,,,,
2955923427796384,198.0,12.0,,1.0,,,
2879311158790945,96.0,11.0,,2.0,,,
2955902804465113,329.0,37.0,,2.0,,,
2955886124466781,56.0,6.0,,,,,
2955879701134090,204.0,55.0,,,,43.0,
2955552321166828,54.0,6.0,,,,,
2955730601149000,90.0,22.0,,2.0,,,
2957335060988554,60.0,9.0,,1.0,,,
2955412441180816,135.0,15.0,,,,,
2949827591739301,165.0,13.0,,1.0,,,
2949547518433975,108.0,8.0,,,,1.0,
2949564305098963,25.0,6.0,,,,,
2949541285101265,91.0,4.0,,,1.0,,
2948522348536492,92.0,13.0,,2.0,,,
2947538671968193,102.0,11.0,,3.0,,,
2922180831170644,174.0,27.0,,1.0,,,
2930197757035618,1.0,152.0,,,,51.0,
2930556720333055,633.0,86.0,,4.0,,,
2930700600318667,406.0,60.0,,,,,
2938680756187318,80.0,5.0,,,,,
2939076249481102,110.0,13.0,,3.0,,,
2936037513118309,25.0,7.0,,,,,
2930501150338612,336.0,32.0,,,,,
2935710283151032,68.0,14.0,,,,,
2922176151171112,170.0,34.0,,,1.0,,
2930495920339135,60.0,2.0,,,,1.0,
2930242007031193,159.0,17.0,,,,7.0,
2930209240367803,38.0,2.0,,,,,
2922173504504710,70.0,2.0,,,,,
2930170613704999,60.0,6.0,,2.0,,,
2897527196969341,278.0,28.0,,,,,
2926650764056984,126.0,12.0,,1.0,,,
2922169307838463,215.0,32.0,,1.0,,,
2924346367620757,61.0,12.0,,,,1.0,
2921772184544842,36.0,2.0,,,,,
2921794284542632,104.0,7.0,,,,1.0,
2921784794543581,34.0,3.0,,,,,
2921757687879625,70.0,9.0,,,,,
2921371471251580,238.0,24.0,,,,,
2920911284630932,222.0,23.0,,2.0,,,
2916996788355715,73.0,2.0,,,,,
2913985625323498,47.0,4.0,,,,,
2912669562121771,200.0,15.0,,,,,
2914634991925228,51.0,15.0,,6.0,,,
2911910075531053,219.0,19.0,,4.0,,,
2911906195531441,64.0,10.0,,1.0,,,
2906027522785975,81.0,8.0,,,,,
2905924942796233,54.0,1.0,,,,,
2897945946927466,750.0,152.0,,39.0,,,
2897429760312418,73.0,,,1.0,,,
2885781771477217,1.0,209.0,,62.0,,,
2897532580302136,115.0,16.0,,,,,
2902198809835513,118.0,16.0,,,,,
2897366473652080,66.0,3.0,,,,,
2900335580021836,91.0,28.0,,2.0,,,
2897394076982653,157.0,21.0,,2.0,,,
2895986237123437,132.0,12.0,,,,,
2895984480456946,3.0,375.0,,185.0,,,
2895776573811070,112.0,11.0,,,,,
2867792803276114,67.0,7.0,,,,,
2888005177921543,84.0,9.0,,,,1.0,
2891345327587528,4.0,660.0,,39.0,,,
2890343411021053,215.0,55.0,,,,,
2890792357642825,150.0,13.0,,,,,
2888358814552846,81.0,12.0,,,,,
2886543498067711,96.0,7.0,,,,3.0,
2885793841476010,143.0,17.0,,,,7.0,
2885768404811887,154.0,13.0,,,,,
2867797273275667,129.0,14.0,,,,,
2884130334975694,49.0,9.0,,,,,
2883103895078338,100.0,5.0,,,,,
2880877875300940,165.0,16.0,,1.0,,,
2880785031976891,552.0,120.0,,,,1.0,
2879304048791656,151.0,21.0,,,,,
2879475858774475,36.0,3.0,,,,,
2878614882193906,109.0,16.0,,,,,
2872684812786913,49.0,3.0,,,1.0,,
2867789013276493,287.0,56.0,,,,,
2869387243116670,155.0,23.0,,,,,
2860063800715681,124.0,11.0,,,,,
2869294999792561,3.0,195.0,,,,19.0,
2867904266598301,167.0,8.0,,,,,
2867892303266164,174.0,26.0,,,,,
2867082003347194,349.0,47.0,,,,,
2865893230132738,179.0,14.0,,,,1.0,
2860038894051505,10.0,1.0,,,,492.0,
2860026957386032,84.0,15.0,,,,2.0,
2856316704423724,102.0,10.0,,,,,
2856314214423973,834.0,28.0,,,,1.0,
2854114574643937,37.0,2.0,,,,,
2853910214664373,716.0,30.0,,,,14.0,
2851683454887049,691.0,43.0,,,,1.0,
2849940998394628,118.0,12.0,,,,,
2849729561749105,153.0,20.0,,,,,
2848896528499075,34.0,,,,,,
2846653388723389,42.0,5.0,,,,,
2843222955733099,77.0,8.0,,,,,
2840626199326108,40.0,2.0,,,,,
2838884909500237,649.0,75.0,,,,,1.0
2838473016208093,87.0,6.0,,,,,
2836831583038903,934.0,154.0,,,,9.0,
2836281239760604,73.0,11.0,,,,,
2950474728341254,97.0,1.0,,2.0,,,
2834389726616422,40.0,4.0,,,,,
2834373633284698,56.0,5.0,,,,,
2830552683666793,81.0,6.0,,,,,
2830055333716528,195.0,17.0,,,,,
2828387647216630,19.0,,,,,,
2828204327234962,84.0,4.0,,,,,
2825881617467233,28.0,3.0,,,,,
2825307814191280,119.0,2.0,,,,,
2823872231001505,106.0,18.0,,,,,
2823415351047193,52.0,6.0,,,,1.0,
2821026597952735,111.0,19.0,,,,,
2818930934828968,40.0,3.0,,,,,
2818634981525230,1.0,130.0,,,,198.0,
2817036725018389,2.0,259.0,,,,16.0,
2806103196111742,77.0,4.0,,,,,
2812419785480083,1.0,94.0,,,,24.0,
2806368742751854,80.0,5.0,,,,,
2800925059962889,75.0,15.0,,,,,
2801742919881103,31.0,1.0,,,,,
2801679156554146,214.0,20.0,,,,,
2801637949891600,179.0,18.0,,,,1.0,
2807670345955027,50.0,8.0,,,,,
2801302409925154,167.0,17.0,,,,,
2801556406566421,192.0,30.0,,,,,
2805465682842160,27.0,,,,,,
2801507709904624,99.0,12.0,,,,,
2803655839689811,45.0,10.0,,,,,
2801628979892497,137.0,15.0,,,,7.0,
2801445699910825,158.0,15.0,,,,,
2801381976583864,299.0,60.0,,,,,
2801066136615448,118.0,4.0,,,,,
2801002329955162,408.0,74.0,,,,,
2800902829965112,200.0,19.0,,,,,
2790460801009315,105.0,9.0,,,,1.0,
2790361344352594,94.0,7.0,,,,,
2790503551005040,53.0,7.0,,,,,
2790358574352871,93.0,10.0,,,1.0,,
2790291794359549,252.0,33.0,,,,,
2790286927693369,29.0,2.0,,,,,
2790257831029612,272.0,26.0,,,,,
2790244837697578,143.0,12.0,,,,,
2790205114368217,40.0,,,,,,
2782120331843362,102.0,14.0,,,,,
2782113685177360,123.0,5.0,,,,,
2782107315177997,171.0,14.0,,,,,
2782100265178702,373.0,44.0,,,,,
2782080768513985,337.0,38.0,,,,,
2775600405828688,28.0,2.0,,,,,
2771783336210395,111.0,9.0,,,1.0,,
2775583875830341,87.0,11.0,,,,,
2775618849160177,52.0,3.0,,,,,
2771771919544870,124.0,7.0,,,,,
2771761812879214,178.0,17.0,,,,,
2771756829546379,110.0,9.0,,,,,
2771748242880571,45.0,4.0,,,,,
null,82.0,9.0,,,,,
2775551812500214,45.0,3.0,,,,,
2771718726216856,173.0,14.0,,,,,
2771740646214664,1.0,372.0,,,,356.0,
2771726279549434,161.0,46.0,,,,6.0,
2771698449552217,78.0,3.0,,,,,
2771694519552610,164.0,16.0,,,,,
2771631999558862,69.0,6.0,,,,,
2771578976230831,110.0,25.0,,,,,
2771589719563090,115.0,7.0,,,,,
2771550836233645,89.0,7.0,,,,,
2771292642926131,1.0,60.0,,,,41.0,
2770752622980133,160.0,7.0,,,,,
2770745119647550,82.0,5.0,,,,,
2769283189793743,108.0,4.0,,,,,
2750790328309696,110.0,6.0,,,,,
2750787818309947,83.0,5.0,,,,,
2750782341643828,39.0,1.0,,,,,
2750779411644121,161.0,10.0,,,,,
2760585623996833,69.0,4.0,,,,,
2750775084977887,117.0,4.0,,,,,
2764443200277742,65.0,7.0,,,,,
2750755858313143,248.0,27.0,,,,,
2750751808313548,231.0,22.0,,,,,
2675041992551197,24.0,,,,1.0,,
2750746144980781,133.0,9.0,,,,,
2760796017309127,214.0,18.0,,,,,
2750743324981063,187.0,31.0,,,,,
2750736658315063,220.0,16.0,,,,,
2750720221650040,53.0,,,,,,
2750722358316493,72.0,1.0,,,,,
2750717261650336,29.0,2.0,,,,,
2750707234984672,201.0,22.0,,,1.0,,
2750705518318177,40.0,2.0,,,,,
2750691228319606,255.0,30.0,,,,,
2743915318997197,58.0,1.0,,,,,
2742474605807935,149.0,10.0,,,,,
2742473035808092,368.0,59.0,,,1.0,,
2675036942551702,45.0,,,,,,
2742470502475012,86.0,5.0,,,,,
2742450259143703,124.0,5.0,,,,1.0,
2742280999160629,98.0,8.0,,,,,
2742299329158796,225.0,59.0,,,,,
2742253229163406,109.0,3.0,,,,1.0,
2742249415830454,120.0,11.0,,,,,
2743898278998901,67.0,8.0,,,1.0,,
2742219052500157,112.0,8.0,,,,,
2742208642501198,162.0,23.0,,,,,
2742184052503657,28.0,1.0,,,,,
2741967829191946,264.0,33.0,,,,,
2742175679171161,70.0,9.0,,,1.0,,
2741936199195109,104.0,6.0,,,,,
2741918522530210,237.0,31.0,,,,,
2741909875864408,546.0,57.0,,,1.0,,
2741914515863944,201.0,15.0,,,,,
2729611750427554,334.0,49.0,,,,2.0,
2729227040466025,79.0,4.0,,,,,
2729218147133581,467.0,54.0,,,,,
2729116163810446,251.0,26.0,,,,,
2719299144792148,52.0,4.0,,,,,
2729112650477464,193.0,19.0,,,,,
2729110060477723,1.0,195.0,,,,6.0,
2731427746912621,81.0,24.0,,,,1.0,
2729101427145253,579.0,119.0,,,,,
2729098353812227,17.0,3.0,,,53.0,,
2675022489219814,54.0,2.0,,,,1.0,
2729048390483890,888.0,199.0,,,,1.0,
2729044840484245,142.0,17.0,,,,,
2729081327147263,252.0,17.0,,,,,
2729078580480871,24.0,,,,,,
2729049750483754,270.0,62.0,,,,17.0,
2728761110512618,136.0,7.0,,,,,
2721429161245813,267.0,20.0,,,,,
2726990780689651,178.0,31.0,,,,,
2726981467357249,119.0,5.0,,,,,
2716692525052810,142.0,7.0,,,,,
2716694111719318,95.0,9.0,,,,,
2721424907912905,176.0,6.0,,,,,
2703250949730301,24.0,1.0,,,,,
2716675611721168,142.0,12.0,,,,,
2719293784792684,43.0,1.0,,,,,
2716667431721986,142.0,15.0,,,,1.0,
2716662521722477,152.0,10.0,,,,,
2716655008389895,266.0,22.0,,,,,
2702512503137479,395.0,25.0,,,,2.0,
2716653115056751,422.0,53.0,,,,2.0,
2716510451737684,165.0,11.0,,,,,
2716495628405833,147.0,7.0,,,,,
2714797098575686,196.0,10.0,,,,,
2714784055243657,110.0,8.0,,,,,
2702515113137218,20.0,,,,,,
2712942322094497,266.0,18.0,,,,,
2710803762308353,139.0,8.0,,,,,
2688828501172546,37.0,3.0,,,,,
2710789172309812,99.0,6.0,,,,,
2708996802489049,122.0,,,,,,
2703201273068602,19.0,,,,,,
2703184589736937,222.0,12.0,,,,,
2699242243464505,268.0,23.0,,,,,
2699261006795962,83.0,4.0,,,,,
2699233760132020,160.0,18.0,,,,,
2699219106800152,335.0,46.0,,,,,
2675029059219157,80.0,3.0,,,,,
2699182500137146,97.0,6.0,,,,,
2699251176796945,82.0,,,,,,
2699200243468705,146.0,15.0,,,,,
2703182889737107,96.0,4.0,,,,2.0,
2699188483469881,192.0,14.0,,,,,
2699178036804259,307.0,25.0,,,,,
2692884374100292,35.0,1.0,,,,,
2646668575388539,68.0,1.0,,,,,
2699278880127508,57.0,2.0,,,,,
2691498787572184,129.0,13.0,,,,,
2691181257603937,253.0,11.0,,,,1.0,
2675177195871010,65.0,2.0,,,,,
2691488537573209,101.0,4.0,,,,,
2691474117574651,225.0,20.0,,,,,
2691360430919353,77.0,2.0,,,,,
2691186674270062,117.0,1.0,,,,,
2697312213657508,98.0,6.0,,,,,
2688816987840364,38.0,,,,,1.0,
2691293307592732,169.0,16.0,,,,,
2691288414259888,346.0,16.0,,,,1.0,
2646658298722900,48.0,1.0,,,,,
2691097324278997,135.0,9.0,,,1.0,,
2691060270949369,88.0,9.0,,,1.0,,
2691185554270174,115.0,5.0,,,,,
2691103757611687,53.0,,,,,,
2691184264270303,168.0,9.0,,,,,
2688705287851534,253.0,10.0,,,,,
2686970751358321,123.0,1.0,,,,,
2688624221192974,249.0,15.0,,,,1.0,
2688631644525565,176.0,7.0,,,,,
2646645772057486,82.0,3.0,,,,1.0,
2687063584682371,105.0,12.0,,,,,
2667957823259614,173.0,7.0,,,,,
2683731605015569,1.0,171.0,,,,10.0,
2683717321683664,230.0,6.0,,,,1.0,
2682755908446472,110.0,6.0,,,,,
2682632528458810,35.0,4.0,,,,,
2681067798615283,248.0,20.0,,,,,
2681063525282377,97.0,14.0,,,,,1.0
2674527765935953,74.0,4.0,,,,,
2678989392156457,303.0,33.0,,,,,
2646723375383059,69.0,1.0,,,,,
2667955986593131,84.0,3.0,,,,,
2441264286186527,82.0,9.0,,,,,
2674501002605296,61.0,1.0,,,,,
2674714782583918,155.0,13.0,,,,,
2674480049274058,330.0,29.0,,,,1.0,
2671371336251596,91.0,2.0,,,,,
2671358026252927,41.0,4.0,,,,,
2671386882916708,56.0,3.0,,,,,
2670116036377126,263.0,20.0,,,,1.0,
2670095706379159,108.0,4.0,,,,,
2665407873514609,103.0,3.0,,,,,
2667934796595250,41.0,2.0,,,,,
2665458660176197,69.0,3.0,,,,,
2646592045396192,96.0,3.0,,,,,
2663217650400298,151.0,6.0,,,,,
2663209313734465,57.0,5.0,,,,1.0,
2660272750694788,251.0,15.0,,,1.0,,
2648950111827052,98.0,7.0,,,,,
2624620760926654,445.0,36.0,,,,,
2648940671827996,102.0,10.0,,,,,
2646524688736261,84.0,,,,,,
2648929095162487,125.0,5.0,,,,,
2648857168503013,66.0,1.0,,,,,1.0
2649020381820025,173.0,11.0,,,,,
2647221111999952,111.0,6.0,,,,,
2648962035159193,126.0,11.0,,,,,
2647193935336003,232.0,13.0,,,,1.0,
1638622442946261,2.0,,,,,,
2646434648745265,68.0,3.0,,,,,
2616169551771775,10.0,,,,,,
2626193420769388,124.0,10.0,,,,,
2631450283577035,39.0,1.0,,,,,
2631236683598395,56.0,4.0,,,,,
2616126985109365,32.0,3.0,,,,,
2624612420927488,328.0,24.0,,,,1.0,
2616163335105730,50.0,5.0,,,,,
2631272443594819,208.0,8.0,,,,,
2630988803623183,163.0,10.0,,,,,
2626245514097512,188.0,14.0,,,,,
2631020890286641,33.0,,,,,,
2631005020288228,106.0,6.0,,,,,
2625318720856858,81.0,6.0,,,,,
2626510300737700,39.0,5.0,,,,,1.0
2611721202216610,85.0,13.0,,,,,
2616400208415376,179.0,15.0,,,,,
2620623204659743,56.0,4.0,,,,,2.0
2616271595094904,235.0,18.0,,,,,
2616064971782233,55.0,1.0,,,,,4.0
2600674293321301,261.0,15.0,,,,,
2597230076999056,153.0,6.0,,,,,
2614049345317129,63.0,7.0,,,,,3.0
2609607479094649,86.0,8.0,,,,,
2609635629091834,153.0,22.0,,,,1.0,
2597258736996190,46.0,1.0,,,,,
2605472566174807,79.0,3.0,,,,,
2602766946445369,245.0,12.0,,,,,
2602918423096888,54.0,2.0,,,,,
2602738053114925,87.0,8.0,,,,,
2599899826732081,283.0,20.0,,,,,
2599852863403444,286.0,46.0,,,,,
2598702106851853,305.0,34.0,,,,,
2594684717253592,158.0,16.0,,,,,
2596432880412109,260.0,25.0,,,,,
2586143508107713,101.0,5.0,,,,1.0,
644613039406275,7.0,1.0,,,,,
2586677828054281,104.0,6.0,,,,,
2586656111389786,99.0,5.0,,,1.0,,
2585995881455809,110.0,6.0,,,,,1.0
2586003721455025,114.0,5.0,,,,1.0,
2586637988058265,61.0,1.0,,,,,
2581934885195242,236.0,20.0,,,,2.0,
2578771412178256,357.0,34.0,,,2.0,,
2571950442860353,306.0,30.0,,,,1.0,
2578763595512371,227.0,18.0,,,,,
2578697528852311,139.0,7.0,,,,,
2556695054385892,144.0,11.0,,,,,2.0
2571970802858317,252.0,18.0,,,,,
2570056709716393,136.0,11.0,,,,1.0,
2556646384390759,105.0,11.0,,,,,
2569771573078240,150.0,7.0,,,,1.0,
2569930539729010,142.0,4.0,,,,,
2569918669730197,319.0,30.0,,,,,
2569373756451355,613.0,69.0,,,,,
2567047310017333,78.0,5.0,,,,,
2556354707753260,138.0,3.0,,,,,
2556829407705790,89.0,7.0,,,,,
2533607990027932,107.0,6.0,,,,,
2554319051290159,51.0,4.0,,,,,
2540590662662998,149.0,24.0,,,,,
2556554574399940,263.0,23.0,,,,,
2554262887962442,113.0,5.0,,,,,
2533508633371201,67.0,4.0,,,1.0,,
2556747541047310,165.0,12.0,,,,,
2552014041520660,48.0,2.0,,,,,
2554158267972904,60.0,12.0,,,,,
2540496712672393,77.0,12.0,,,,,
2533594156695982,196.0,22.0,,,,,
2524013450987386,233.0,20.0,,,,,
2533548516700546,239.0,11.0,,,,,
2524021754319889,38.0,2.0,,,,,
2523825347672863,127.0,5.0,,,,,
2523933690995362,212.0,17.0,,,,,
2540430169345714,76.0,8.0,,,,,
2533495096705888,85.0,8.0,,,,,
2523597181029013,71.0,3.0,,,,,
2540519822670082,54.0,3.0,,,,,
2523078091080922,36.0,,,,,,
2538215406233857,58.0,1.0,,,,1.0,
2523111371077594,92.0,4.0,,,,,
2522920251096706,239.0,21.0,,,,,
2519090708146327,378.0,46.0,,,,,
2519070344815030,103.0,9.0,,,,,
2519063434815721,281.0,25.0,,,,,1.0
2533713963350668,56.0,3.0,,,,1.0,
2519034754818589,287.0,30.0,,,,,
2519013858154012,223.0,13.0,,,,2.0,
2531481186907279,152.0,8.0,,,,,
2518955201493211,612.0,51.0,,,12.0,,
2518885168166881,252.0,31.0,,,,,
2518799394842125,216.0,21.0,,,,,
2504781816243883,107.0,6.0,,,,,
2518781574843907,213.0,16.0,,,,,
2522966114425453,2.0,395.0,,,,159.0,
2518736681515063,363.0,41.0,,,,,
2518567434865321,254.0,37.0,,,,,
2518629274859137,162.0,11.0,,,,,
2510946605627404,478.0,61.0,,,,1.0,
2510432615678803,93.0,2.0,,,,,
2504827366239328,258.0,24.0,,,,,
2489681997753865,276.0,15.0,,,1.0,,
2489546391100759,219.0,25.0,,,,,
2488146877907377,45.0,6.0,,,,,
2489976771057721,49.0,7.0,,,,,
2489504597771605,72.0,5.0,,,,,
2460116987377033,40.0,1.0,,,,,
2488118591243539,216.0,15.0,,,,2.0,
2488701844518547,54.0,8.0,,,,,
2491963190859079,199.0,8.0,,,,,
2488717734516958,380.0,59.0,,,,,
2488694951185903,233.0,27.0,,,,,
2489946804394051,30.0,,,,,,
2488564741198924,256.0,40.0,,,,,
2488552654533466,69.0,3.0,,,,,
2489904764398255,42.0,1.0,,,,,
2487967847925280,34.0,1.0,,,,,
2487628271292571,44.0,6.0,,,1.0,,
2487611764627555,260.0,26.0,,,,,1.0
2480395592015839,139.0,5.0,,,,,
2479983102057088,30.0,2.0,,,,,
2460774600644605,161.0,11.0,,,,,
2474566852598713,16.0,,,,,,
2450237935031605,53.0,1.0,,,,1.0,
2460770520645013,163.0,13.0,,,,,
2460015790720486,36.0,1.0,,,,,
2450322015023197,82.0,6.0,,,,,
2460098930712172,34.0,,,,,,
2450312395024159,126.0,9.0,,,,,
2460266390695426,58.0,2.0,,,,2.0,
2460525737336158,98.0,10.0,,,,2.0,
2460723667316365,17.0,,,,,,
2460232604032138,411.0,72.0,,,,51.0,
2450179168370815,92.0,5.0,,,,,
2462105403844858,296.0,26.0,,,4.0,,
2448800541842011,58.0,1.0,,,,,
2460765597312172,145.0,10.0,,,,,
2460219734033425,51.0,9.0,,,,1.0,
2458894807499251,84.0,4.0,,,,,
2448542238534508,88.0,2.0,,,,,
2448421688546563,135.0,7.0,,,,1.0,
2448386451883420,90.0,7.0,,,,,
2448326961889369,74.0,1.0,,,1.0,,
2452289988159733,28.0,,,,,,
2448308875224511,58.0,5.0,,,,,
2450110605044338,36.0,,,,,,
2448349091887156,140.0,7.0,,,,1.0,
2446096665445732,41.0,1.0,,,,,
2438279399560792,26.0,2.0,,,,,
2436995123022553,231.0,19.0,,,,,
2436987509689981,56.0,,,,,,
2436969883025077,45.0,2.0,,,,,
2438955846159814,156.0,10.0,,,,,
2411302358925163,51.0,3.0,,,,,
2438181299570602,239.0,106.0,,,,11.0,
2394686513920081,61.0,1.0,,,,,
2411242675597798,135.0,7.0,,,,,
2432744920114240,66.0,2.0,,,,,
2426126150776117,184.0,12.0,,,,1.0,
2426117020777030,115.0,17.0,,,8.0,,
2426130230775709,140.0,6.0,,,,,
2411186052270127,151.0,6.0,,,,,
2411139338941465,110.0,4.0,,,,,
2425346930854039,16.0,1.0,,,,,
2425291214192944,262.0,26.0,,,,,
2423305901058142,175.0,18.0,,,,,
2394679197254146,84.0,3.0,,,,,
2418853798170019,1.0,417.0,,,18.0,,
2405718249483574,95.0,14.0,,,,,
2411048918950507,55.0,4.0,,,,,
2411034595618606,210.0,20.0,,,,,
2416305211758211,32.0,2.0,,,,,
2410899078965491,228.0,17.0,,,,1.0,
2410860378969361,358.0,18.0,,,,,
2405485732840159,242.0,14.0,,,,,
2410878348967564,54.0,3.0,,,,,
2400715799983819,160.0,12.0,,,,,
2400468253341907,418.0,38.0,,,,1.0,
2395578473830885,282.0,20.0,,,,,
2398041076917958,350.0,26.0,,,,,
2396996363689096,360.0,30.0,,,,,
2396649903723742,54.0,4.0,,,,,
2394701700585229,23.0,3.0,,,,,
2395575137164552,415.0,40.0,,,,1.0,
2396830870372312,315.0,30.0,,,,,
2393497867372279,70.0,2.0,,,1.0,,
2392983144090418,34.0,4.0,,,,,
2392951987426867,139.0,5.0,,,,,
2388335214555211,165.0,4.0,,,,,
2371346786254054,32.0,1.0,,,,,
2371324529589613,23.0,3.0,,,,,
2371313909590675,306.0,50.0,,,,,
2371282462927153,306.0,28.0,,,,,
2371255129596553,140.0,10.0,,,,,
2370167146372018,314.0,13.0,,,,,
2380676565321076,19.0,2.0,,,,,
2371540862901313,34.0,3.0,,,,,
2370116566377076,273.0,28.0,,,,,
2375384825850250,54.0,2.0,,,,,
2371531046235628,74.0,6.0,,,,,
2369904743064925,165.0,11.0,,,,,
2371957489526317,209.0,10.0,,,,,
2371953596193373,104.0,1.0,,,,,
2371257286263004,84.0,10.0,,,,,
2371263656262367,34.0,3.0,,,,,
2369700123085387,133.0,9.0,,,,,
2363263057062427,214.0,19.0,,,,,
2363244833730916,448.0,28.0,,,,,
2363139207074812,303.0,35.0,,,,,
2362827713772628,16.0,1.0,,,,,
2361714160550650,28.0,3.0,,,,,
2354445021277564,230.0,8.0,,,,,
2354362627952470,73.0,,,,,,
2354333487955384,75.0,6.0,,,,1.0,
2356009001121166,249.0,7.0,,,,,
2354813037907429,71.0,3.0,,,,,
2355993887789344,226.0,17.0,,,,,1.0
2354225127966220,24.0,1.0,,,,,
2348198965235503,62.0,3.0,,,,,
2348196165235783,118.0,6.0,,,,,
2348147245240675,93.0,2.0,,,,,
2348140038574729,41.0,3.0,,,,1.0,
2348132585242141,100.0,,,,,,
2349215165133883,175.0,49.0,,,,2.0,
2348127305242669,166.0,10.0,,,,,
2343754449013288,115.0,2.0,,,,,
2343749779013755,315.0,34.0,,,,,
2342204462501620,124.0,6.0,,,1.0,,
2342196455835754,117.0,2.0,,,,,
2341044499284283,118.0,7.0,,,,,
2324053907650009,66.0,4.0,,,,,
2339289072793159,113.0,9.0,,,,,
2339274606127939,501.0,58.0,,,,,
2332679293454137,75.0,1.0,,,,,
2337269422995124,102.0,9.0,,,,2.0,
2332753743446692,68.0,6.0,,,,,
2320810257974374,189.0,16.0,,,,,
2331336566921743,86.0,4.0,,,1.0,,
2320795474642519,27.0,,,,,,
2320771314644935,199.0,15.0,,,,1.0,
2320731377982262,241.0,15.0,,,,,
2323906894331377,144.0,16.0,,,,,
2323686787686721,223.0,13.0,,,,1.0,
2320662871322446,31.0,3.0,,,,,
2320354468019953,137.0,12.0,,,,,
2320346668020733,39.0,2.0,,,,,
2320334551355278,222.0,21.0,,,,,
2313485095373557,54.0,6.0,,,,,
2320530984668968,171.0,12.0,,,,,
2313455865376480,196.0,8.0,,,,,
2300310586691008,134.0,4.0,,,,,
2312502725471794,89.0,4.0,,,,,
2312491558806244,184.0,18.0,,,,,
2308272279228172,11.0,1.0,,,,,
2306707716051295,23.0,1.0,,,,,
2304115329643867,144.0,15.0,,,,,
2304086862980047,173.0,17.0,,,,,
2296067480448652,157.0,7.0,,,,,
2291267190928681,101.0,6.0,,,,,
2301823009873099,7.0,4.0,,,,,
2296065843782149,218.0,23.0,,,,,
2291038210951579,96.0,7.0,,,,,
2296406787081388,8.0,4.0,,,,,
2296062000449200,98.0,1.0,,,,,
2295117823876951,96.0,6.0,,,,,
2290335994355134,55.0,2.0,,,,,
2293381357383931,26.0,,,,,,
2238011732920894,51.0,7.0,,,,3.0,
2290298434358890,188.0,13.0,,,,,
2288521167869950,63.0,6.0,,,,,
630807190766373,160.0,48.0,,,,,
2320537561551982,107.0,56.0,,,,,
2288511421204258,186.0,21.0,,,,,
2289481264440607,64.0,1.0,,,,,
2288506507871416,28.0,9.0,,,,,
2287347297987337,32.0,5.0,,,,,
2286499558072111,87.0,4.0,,,,,
2286448081410592,500.0,46.0,,,,3.0,
2286433901412010,211.0,15.0,,,,,
2285155164873217,222.0,17.0,,,,,
2285158014872932,13.0,2.0,,,,,
2261989107189823,132.0,10.0,,,,,
2260162164039184,61.0,3.0,,,,,
2261976050524462,74.0,11.0,,,,,
2281596595229074,181.0,11.0,,,,5.0,
2263493963706004,53.0,3.0,,,,,
2261972363858164,430.0,51.0,,,,,
2273741299347937,119.0,11.0,,,,1.0,
2261949137193820,79.0,1.0,,,,1.0,
2260155067373227,72.0,5.0,,,,,
2261849803870420,212.0,11.0,,,,,
2263478233707577,49.0,2.0,,,,1.0,
2272713616117372,12.0,1.0,,,,,
2263412773714123,110.0,6.0,,,,,
2237934089595325,96.0,5.0,,,,5.0,
2261797507208983,101.0,4.0,,,,,
2261792043876196,338.0,14.0,,,,,
2261766977212036,188.0,7.0,,,,1.0,
2261138280608239,125.0,5.0,,,,,
2263309103724490,75.0,1.0,,,,,
2266862553369145,192.0,10.0,,,,,
2261709237217810,84.0,3.0,,,,,
2264846923570708,85.0,7.0,,,,,
2263443370377730,32.0,1.0,,,,,
2263529890369078,54.0,4.0,,,,,
2261143940607673,237.0,15.0,,,,,
2262923810429686,28.0,5.0,,,,,
2262942870427780,43.0,3.0,,,1.0,,
2262849667103767,28.0,2.0,,,,,
2253286924726708,92.0,5.0,,,,1.0,
2261028590619208,165.0,19.0,,,,,
2259507014104699,47.0,1.0,,,,,
2237876636267737,84.0,2.0,,,,1.0,
2247410705314330,88.0,6.0,,,,,
2229662077089193,134.0,13.0,,,,,
2254124034642997,79.0,7.0,,,,,
2247394495315951,79.0,3.0,,,,,
2247174858671248,99.0,5.0,,,,,
2247352018653532,36.0,3.0,,,,,
2237100669678667,353.0,24.0,,,,,
2222504841138250,245.0,139.0,,,,13.0,
2237072069681527,310.0,33.0,,,,,
2237032653018802,76.0,19.0,,,,37.0,
2229649223757145,31.0,2.0,,,,,
2237060576349343,596.0,75.0,,,,,
2236145156440885,130.0,3.0,,,,,
2229647503757317,149.0,8.0,,,,,
2229832123738855,85.0,4.0,,,,,
2223402291048505,84.0,8.0,,,,1.0,
2229743983747669,81.0,3.0,,,,,
2211522498903151,127.0,5.0,,,,,
2223392334382834,19.0,,,,,,
2211519532236781,99.0,4.0,,,,,
2215870045135063,142.0,10.0,,,,2.0,
2211515502237184,21.0,2.0,,,,,
2211508725571195,167.0,8.0,,,,3.0,
2223347344387333,17.0,,,,,,
2223379364384131,33.0,1.0,,,,,
2211499488905452,113.0,7.0,,,,,
2223339737721427,13.0,1.0,,,,,
2211136798941721,352.0,34.0,,,,1.0,
2217624181626316,168.0,6.0,,,,,
2222477357807665,46.0,4.0,,,3.0,,
2213846682004066,20.0,1.0,,,,,
2216065508448850,402.0,44.0,,,,,
2217182371670497,41.0,,,,,,
2211030988952302,118.0,5.0,,,,,
2215887505133317,123.0,3.0,,,,,
2202746766447391,292.0,27.0,,,,,
2215546648500736,29.0,2.0,,,,,
2211009778954423,17.0,1.0,,,,,
2210994262289308,64.0,6.0,,,,,
2210985598956841,81.0,8.0,,,,,
2210835332305201,83.0,3.0,,,,,
2210805612308173,21.0,1.0,,,,,
2206334459421955,151.0,10.0,,,,,
2206227139432687,126.0,6.0,,,1.0,,
2191545080900893,174.0,10.0,,,1.0,,
2203940319661369,106.0,5.0,,,,,
2180970141958387,84.0,4.0,,,1.0,,
2180884118633656,92.0,7.0,,,,,
2180881585300576,108.0,7.0,,,,,
2189555801099821,137.0,10.0,,,,,
2180860925302642,78.0,2.0,,,,,
2189551247766943,336.0,22.0,,,,,1.0
2191395240915877,67.0,10.0,,,,,
2180827115306023,33.0,2.0,,,,,
2189437544444980,94.0,7.0,,,,,
2179702378751830,86.0,4.0,,,,1.0,
2179685718753496,83.0,4.0,,,1.0,,
2182244575164277,68.0,4.0,,,,,
2179676355421099,223.0,15.0,,,,,
2179669728755095,93.0,3.0,,,,,
2182662761789125,73.0,4.0,,,,,
2179656238756444,464.0,53.0,,,,2.0,
2157277910994277,149.0,9.0,,,,,
2171268059595262,25.0,1.0,,,,,
2157273340994734,429.0,32.0,,,,1.0,
2157269220995146,79.0,2.0,,,,,
2171232476265487,60.0,3.0,,,,,
2177168615671873,106.0,5.0,,,,,
2171243096264425,10.0,1.0,,,,,
2157122497676485,302.0,32.0,,,,,
2157118561010212,124.0,3.0,,,,,
2157114271010641,177.0,12.0,,,,1.0,
2155300187858716,85.0,1.0,,,,,
2157100797678655,132.0,3.0,,,,,
2172439256144809,69.0,3.0,,,,,
2157079697680765,80.0,9.0,,,,,
2147876631934405,57.0,7.0,,,,,
2170823632973038,152.0,9.0,,,,,
2169905216398213,939.0,78.0,,,1.0,,
2169367583118643,129.0,7.0,,,,,
2157018781020190,70.0,11.0,,,,,
2156601814395220,288.0,24.0,,,,,
2147864631935605,101.0,14.0,,,,,
2157297644325637,38.0,2.0,,,,,
2156570201065048,28.0,1.0,,,,,
2155297371192331,45.0,1.0,,,1.0,,
2154330714622330,22.0,,,,,,
2156542881067780,18.0,1.0,,,,,
2147656501956418,64.0,3.0,,,,,
2157289014326500,10.0,,,,,,
2156529031069165,144.0,10.0,,,,,
2156532657735469,132.0,13.0,,,,,
2157287687659966,15.0,1.0,,,,,
2130395520349183,123.0,11.0,,,,,
2157283384327063,23.0,2.0,,,,,
2149065921815476,13.0,1.0,,,,,
2154322641289804,49.0,2.0,,,1.0,,
2155284021193666,80.0,4.0,,,,,
2155191257869609,10.0,1.0,,,,,
2154276697961065,51.0,1.0,,,,,
2149075441814524,13.0,,,,,,
2150520331670035,138.0,16.0,,,,,
2145049862217082,15.0,4.0,,,,,
2144998602222208,84.0,5.0,,,,1.0,
2147501615305240,18.0,4.0,,,,,
2137607516294650,90.0,11.0,,,1.0,,
2140189376036464,26.0,2.0,,,,,
2144983752223693,19.0,3.0,,,,,
2130367600351975,123.0,17.0,,,,,
2130347383687330,111.0,3.0,,,,,
2144695975585804,14.0,2.0,,,,,
2137584426296959,40.0,1.0,,,,,
2140184329370302,21.0,1.0,,,,,
2137603572961711,145.0,3.0,,,,,
2117166975005371,9.0,,,,,,
2130220393700029,120.0,9.0,,,,,
2140169819371753,14.0,,,,,,
2130065600382175,82.0,4.0,,,,,
2137550136300388,21.0,,,,,,
2130060470382688,63.0,5.0,,,,,
2134142933307775,58.0,5.0,,,1.0,,
2117163371672398,182.0,20.0,,,,1.0,
2120078524714216,52.0,2.0,,,,,
2128996373822431,41.0,19.0,,,,,
2125347460853989,26.0,2.0,,,,,
2117179885004080,92.0,5.0,,,,,
2114540815267987,7.0,,,,,,
2115531251835610,46.0,1.0,,,,,
2125793227476079,56.0,3.0,,,,,
2115784315143637,124.0,,,,1.0,,
2125043944217674,28.0,7.0,,,,6.0,
2125304920858243,8.0,,,,,,
2114446858610716,72.0,1.0,,,,,
2113739855348083,11.0,,,,,,
2113864785335590,18.0,1.0,,,,,
2115780331810702,72.0,2.0,,,1.0,,
2120047911383944,161.0,18.0,,,,,
2117212811667454,9.0,,,,,,
2114427011946034,23.0,,,,,,
2114400158615386,31.0,1.0,,,,,1.0
2118595408195861,41.0,2.0,,,,,
2118260158229386,9.0,,,,,,
2117096415012427,6.0,1.0,,,,,
2117005998354802,46.0,2.0,,,,,
2113863032002432,64.0,5.0,,,,,
2114156205306448,84.0,5.0,,,,,
2109715102417225,731.0,111.0,,,1.0,,
2104602859595116,112.0,8.0,,,,,
2109682622420473,52.0,1.0,,,,,
2105015806220488,77.0,6.0,,,,,
2104998532888882,49.0,13.0,,,,,
2104589649596437,49.0,2.0,,,,,
2093704264018309,117.0,2.0,,,,,
2093701914018544,84.0,2.0,,,,,
2102586429796759,52.0,,,,,,
2093691464019589,179.0,11.0,,,,,
2098018480253554,59.0,,,,,,
2101092246612844,14.0,,,,,,
2092432120812190,89.0,2.0,,,,,
2095435747178494,32.0,2.0,,,,,
2092431094145626,101.0,5.0,,,,,
2095458807176188,67.0,,,,,,
2095468873841848,67.0,,,,,,
2093661517355917,259.0,31.0,,,,,
2093653067356762,88.0,3.0,,,,,
2092476417474427,92.0,5.0,,,,,
2089867094402026,148.0,9.0,,,,,
2092425714146164,107.0,4.0,,,,,
2077600335628702,98.0,4.0,,,,,
2088182531237149,511.0,449.0,,,,4.0,
2088150637907005,18.0,1.0,,,,,
2088148971240505,23.0,,,,,,
2088142141241188,28.0,1.0,,,,,
2088124051242997,92.0,2.0,,,,,
2088121764576559,123.0,7.0,,,,,
2079208422134560,88.0,6.0,,,,,
2087711117950957,34.0,,,,,,
2077595712295831,67.0,6.0,,,,,
2072407099481359,103.0,4.0,,,,,
2074509715937764,50.0,,,,,,1.0
2077589688963100,363.0,13.0,,,,,
2074507832604619,52.0,3.0,,,,,
2074505572604845,51.0,3.0,,,,,
2063327150389354,116.0,8.0,,,,,
2069962316392504,80.0,3.0,,,,,
2069959913059411,206.0,8.0,,,,,
2063881673667235,26.0,,,,,,
2069954986393237,73.0,8.0,,,,,
2069941926394543,154.0,6.0,,,,,
2051199048268831,174.0,13.0,,,,,
2051196874935715,39.0,1.0,,,,,
2064656700256399,19.0,1.0,,,,,
2051190428269693,2.0,324.0,,,5.0,,
2063325403722862,11.0,2.0,,,,,
2051183548270381,15.0,,,,,,
2051180601604009,684.0,23.0,,,,,
2051175744937828,214.0,21.0,,,,,
2051174401604629,840.0,40.0,,,,,
2049912191730850,13.0,,,,,,
2049909715064431,88.0,8.0,,,,,
2049901711731898,55.0,2.0,,,,,
2049899055065497,1.0,94.0,,,,,
2054332494622153,120.0,7.0,,,,,
2049896785065724,5.0,509.0,,,7.0,,
2049881868400549,54.0,3.0,,,,,
2047335988655137,3.0,274.0,,,,5.0,
2035773729811363,45.0,5.0,,,,,
2035772523144817,37.0,2.0,,,,,
2035770536478349,39.0,3.0,,,,,
2035635199825216,124.0,15.0,,,,,
2035768419811894,238.0,18.0,,,,,
2042881485767254,54.0,4.0,,,,,
2042876049101131,74.0,5.0,,,,,
2035766636478739,18.0,2.0,,,,,
2035764766478926,168.0,15.0,,,,,
2035764123145657,63.0,5.0,,,,,
2034311203290949,28.0,1.0,,,,,
2034366306618772,41.0,,,,,,
2034292206626182,12.0,,,,,,
2035758813146188,9.0,,,,,,
2034365553285514,85.0,2.0,,,,,
2034408453281224,20.0,2.0,,,,,
2034310413291028,19.0,2.0,,,,,
2034407653281304,42.0,1.0,,,,,
2034249436630459,19.0,,,,,,
2029026263819443,106.0,6.0,,,,,
2029016263820443,77.0,8.0,,,,,
2017819594940110,12.0,,,,,,
2024054414316628,102.0,2.0,,,,1.0,
2028998860488850,125.0,1.0,,,,,
2022029091185827,97.0,11.0,,,,,
2027830180605718,36.0,3.0,,,,,
2022024651186271,44.0,2.0,,,1.0,,
2022131301175606,82.0,3.0,,,1.0,,
2021997191189017,341.0,10.0,,,,,
2006776432711093,121.0,,,,,,
2021987517856651,1.0,48.0,,,2.0,,
2016282288427174,38.0,,,,,,
2016273781761358,5.0,477.0,,,,34.0,
2016265088428894,117.0,5.0,,,1.0,,
2016262815095788,50.0,2.0,,,,,
2013651582023578,26.0,,,,,,
2013583858697017,22.0,,,,,,
2017437711644965,29.0,2.0,,,,,
2004256482963088,422.0,15.0,,,,,
2004147146307355,31.0,2.0,,,,,
2004229829632420,828.0,24.0,,,,,
2004220472966689,120.0,4.0,,,,,
1993924133996323,196.0,13.0,,,,,
2007774002611336,87.0,1.0,,,,,
2007770939278309,119.0,4.0,,,1.0,,
2005099469545456,317.0,8.0,,,,,
2002310593157677,45.0,3.0,,,,,
1985009818221088,826.0,40.0,,,,2.0,
1982827415105995,136.0,8.0,,,,1.0,
1969784766410260,111.0,5.0,,,,1.0,
1969767503078653,235.0,18.0,,,,,
1968039219918148,17.0,3.0,,,,,1.0
1963022070419863,1.0,30.0,,,,5.0,
1946944865360917,139.0,5.0,,,,,
1941449279243809,235.0,18.0,,,,,
1926883940700343,99.0,6.0,,,1.0,,
1926842964037774,49.0,2.0,,,,,
1919676888087715,106.0,2.0,,,1.0,,
1906867952701942,29.0,1.0,,,,,
398126907388491,24.0,2.0,,,,,
1882273398494731,18.0,,,,,,
256536158338590,87.0,1.0,,,,,
1901316019923802,185.0,14.0,,,,,
465147287302133,8.0,1.0,,,,,
709719466064119,17.0,,,,,,
241405699890673,8.0,,,,,,
1886162598105811,20.0,1.0,,,,,
1882270311828373,194.0,5.0,,,,,
1886160961439308,35.0,3.0,,,,,
335501733885016,12.0,1.0,,,,,
299559220635805,5.0,,,,,,
294828544448348,24.0,2.0,,,1.0,,
299596980869040,81.0,7.0,,,,,
2143919415927286,119.0,9.0,,,3.0,,
308055589989601,58.0,4.0,,,,,
751903875156069,12.0,1.0,,,,,
171204827131874,42.0,4.0,,,,,
280286372807832,44.0,6.0,,,,,
2040939369551615,42.0,5.0,,,,,
2696778787014443,14.0,1.0,,,,,
162181024687745,5.0,1.0,,,,,
337854136961590,60.0,,,,,,
163354954594770,33.0,6.0,,,,,
1862215910500480,53.0,1.0,,,,,
280514949230943,19.0,,,,,,
1886467884778900,10.0,1.0,,,,,
926514060881196,72.0,2.0,,,,,
434229133770254,17.0,,,,,,
2029568757107639,24.0,10.0,,,,,
1901763626528054,63.0,1.0,,,,,
299518930640166,32.0,2.0,,,,,
343782939499074,12.0,,,,,,
291663044774491,39.0,1.0,,,,,
170213250559170,1.0,530.0,,,,65.0,
1854047704650634,82.0,6.0,,,,,
2152197008187737,18.0,1.0,,,,,
2051895198434475,75.0,5.0,,,,,
337104926855108,51.0,5.0,,,,,
296185441173867,74.0,6.0,,,,,
1862050197183718,14.0,,,,,,
224139978457574,57.0,10.0,,,,,
296458851183578,74.0,3.0,,,,,
2118351385049321,51.0,4.0,,,,,
324247595008841,77.0,3.0,,,,,
2044936145728890,35.0,,,,,,
1857753924280012,86.0,6.0,,,,,
239298310262744,10.0,2.0,,,,,
2159354747657576,73.0,5.0,,,,,
267752533848462,33.0,3.0,,,,,
1914202645552100,9.0,,,,,,
261557708027945,30.0,3.0,,,,,
2032964887015534,31.0,,,,,,
1854026437986094,76.0,5.0,,,,,
1841248439263894,93.0,1.0,,,,,
2180945832143149,20.0,1.0,,,,,
2111577599160565,46.0,2.0,,,,,
816747638716626,22.0,1.0,,,,,
311125736133065,17.0,,,,,,
487659031703421,128.0,17.0,,,2.0,,
330988000805030,18.0,,,,,,
1849537491768322,222.0,15.0,,,4.0,,
456762168062902,46.0,1.0,,,,,
329778587586836,11.0,,,,,,
2178819919055117,170.0,18.0,,,1.0,,
254668542046087,27.0,,,,,,
1609823742455876,41.0,9.0,,,,,
521100231672549,24.0,1.0,,,,,
247817639210483,16.0,2.0,,,,,
454737525047001,382.0,54.0,,,,4.0,
272057733426653,163.0,11.0,,,,,
1733574986746965,133.0,6.0,,,1.0,,
506217296509294,25.0,,,,,,
593295984401951,46.0,2.0,,,,,
2070499176316758,72.0,7.0,,,,,
2176817012595462,49.0,2.0,,,,,
1792768264175880,38.0,1.0,,,,,
2091532624445762,37.0,7.0,,,,,
1839321439456594,8.0,,,,,,
1839316989457039,18.0,,,,,,
256449051673717,33.0,1.0,,,1.0,,
262756271001307,13.0,,,,,,
310931439678918,55.0,6.0,,,,,
277927669478827,12.0,,,,,,1.0
224203318254119,220.0,19.0,,,,7.0,
2231179510446468,97.0,1.0,,,,,
236835650312662,144.0,11.0,,,,,
1100478600111754,74.0,2.0,,,,,
1355754127892225,51.0,4.0,,,,,
1816551485089837,12.0,3.0,,,,,
1322222244575445,1.0,,,,,,
290381308437775,3.0,,,,,,
2137335726483316,5.0,,,,,,
2056037791328696,35.0,4.0,,,,,
2117133231859905,4.0,,,,,,
1921318354580556,13.0,,,,,,
285994961988209,23.0,,,,,,
1811211845600887,23.0,,,,,,
1098348370317550,37.0,,,,,,
1814552085266863,44.0,1.0,,,,,
1811184842270254,215.0,23.0,,,,,
1810598978995507,19.0,,,,,,
1806055642783174,61.0,2.0,,,,,
1804259146296157,103.0,7.0,,,,,
1803307809724624,310.0,28.0,,,,9.0,
1801689573219781,81.0,4.0,,,,1.0,
1798713816850690,10.0,,,,,,
1789404731114932,70.0,,,,,,
1795127927209279,95.0,4.0,,,,1.0,
1794562833932455,81.0,1.0,,,2.0,,
1794339910621414,3.0,,,,,,
1794484787273593,54.0,5.0,,,,,
1790617704326968,8.0,,,,,,
1786964341358971,113.0,6.0,,,,,
1786034851451920,64.0,2.0,,,,,
1784026591652746,20.0,,,,,,
1783797851675620,10.0,,,,,,
1781505831904822,28.0,,,,,,
1778070932248312,30.0,,,,,,
1774943859227686,41.0,4.0,,,,,
1773291816059557,28.0,4.0,,,,,
1771798759542196,41.0,2.0,,,,,
1767976883257717,55.0,2.0,,,,,
1762128053842600,9.0,1.0,,,,,
1762103130511759,51.0,2.0,,,,,
1770288253026580,76.0,2.0,,,,,
1758109224244483,156.0,17.0,,,,,
1764893666899372,34.0,1.0,,,,,
1762100100512062,6.0,,,,,,
1757438907644848,57.0,5.0,,,,,
1758094644245941,136.0,4.0,,,,,
1765083476880391,79.0,4.0,,,,,
1757393260982746,20.0,3.0,,,,,
1758080210914051,72.0,5.0,,,,,
1758072610914811,84.0,1.0,,,,,
1761124000609672,23.0,,,,,,
1758615087527230,11.0,1.0,,,,,
1760358774019528,101.0,19.0,,,,,
1758012867587452,27.0,,,,,,
1756713884384017,1.0,104.0,,,3.0,,
1757429177645821,31.0,4.0,,,,,
1754956534559752,12.0,3.0,,,,,
1749969571725115,14.0,2.0,,,,,
1753018564753549,40.0,5.0,,,,,
1753118978076841,51.0,1.0,,,,,
1752876938101045,34.0,4.0,,,,,
1750616571660415,40.0,,,,,,
1749945071727565,28.0,4.0,,,,,
1749252405130165,22.0,,,,,,
1741466012575471,39.0,3.0,,,,,
1744833732238699,16.0,,,,,,
1748544335200972,26.0,,,,,,
1739175579471181,328.0,43.0,,,,2.0,
1744613598927379,338.0,15.0,,,,1.0,
1736580373064035,85.0,1.0,,,,,
1744826202239452,19.0,2.0,,,,,
1744612395594166,247.0,5.0,,,2.0,,
1744603762261696,263.0,7.0,,,1.0,,
1742222972499775,43.0,4.0,,,,,
1744822688906470,31.0,,,,,,
1744601948928544,256.0,13.0,,,,1.0,
1741536645901741,41.0,1.0,,,,,
1744808955574510,29.0,2.0,,,,,
1741500329238706,81.0,5.0,,,,,
1744600592262013,190.0,9.0,,,2.0,,
1744598688928870,219.0,8.0,,,2.0,,
1744652952256777,44.0,2.0,,,,,
1741531549235584,26.0,1.0,,,,,
1716571301731609,66.0,,,,,,1.0
1742915009097238,247.0,8.0,,,2.0,,
1742912999097439,425.0,22.0,,,,1.0,
1736858403036232,9.0,1.0,,,,,
1725267867528619,85.0,3.0,,,,,
1726748924047180,11.0,1.0,,,,,
1739130302809042,119.0,5.0,,,,,
1718192451569494,9.0,,,,,,
1734481869940552,81.0,5.0,,,,,
1736575313064541,155.0,12.0,,,,,
1734501379938601,26.0,,,,,,
1734478859940853,42.0,1.0,,,1.0,,
1734554766599929,40.0,2.0,,,,,
1733425936712812,30.0,3.0,,,,,
1726747274047345,7.0,,,,,,
1716567435065329,15.0,,,,,,
1725224240866315,115.0,11.0,,,,,
1731613763560696,14.0,,,,,,
1723755381013201,25.0,,,,,,
1718191034902969,6.0,,,,,,
1723746104347462,65.0,1.0,,,,,
1726713350717404,9.0,,,,,,
1725213714200701,34.0,,,,1.0,,
1729440167111389,74.0,15.0,,,,,
1728187707236635,16.0,1.0,,,,,
1723742407681165,24.0,,,,,,
1726745337380872,6.0,,,,,,
1726710367384369,11.0,1.0,,,,,
1726699144052158,12.0,,,,,,
1723741137681292,27.0,2.0,,,,,
1726271990761540,14.0,,,,,,
1725386100850129,8.0,1.0,,,,,
1725500984171974,10.0,1.0,,,,,
1725495124172560,18.0,1.0,,,,,
1725376327517773,39.0,5.0,,,,,
1723738301014909,14.0,1.0,,,,,
1723737174348355,13.0,,,,,,
1722566291132110,45.0,,,,,,
1722562294465843,25.0,,,,,,
1720087598046646,49.0,3.0,,,,,
1719775041411235,688.0,95.0,,,7.0,,
1719171188138287,10.0,,,,,,
1710951372293602,23.0,1.0,,,,,
1718189658236440,2.0,,,,,,
1710956418959764,77.0,1.0,,,,,
1718166194905453,10.0,1.0,,,,,
1714181145303958,24.0,,,,,,
1711752862213453,120.0,6.0,,,,,
1710950978960308,24.0,,,,,,
1710934072295332,20.0,2.0,,,,,
1708927249162681,14.0,,,,,,
1708924829162923,16.0,,,,,,
1708865665835506,33.0,4.0,,,,,
1705728432815896,54.0,1.0,,,,,
1705708479484558,15.0,1.0,,,,,
1700774159977990,24.0,,,,,,
1704704016251671,132.0,11.0,,,,,
1703685409686865,39.0,5.0,,,,,
1703695789685827,37.0,1.0,,,,,
1703668929688513,10.0,,,,,,
1700764933312246,167.0,18.0,,,,,
1702735563115183,5.0,,,,,,
1702722799783126,6.0,,,,,1.0,
1693055844083155,11.0,,,,,,
1697754063613333,75.0,6.0,,,,1.0,
1697748950280511,26.0,4.0,,,,,
1673241956064544,15.0,1.0,,,,,
1700795379975868,118.0,8.0,,,1.0,,
1695703750485031,10.0,,,,,,
1695699633818776,19.0,1.0,,,,,
1696775133711226,21.0,1.0,,,,,
1697771776944895,11.0,,,,,,
1695697443818995,8.0,2.0,,,,1.0,
1697746436947429,154.0,15.0,,,,,
1697770270278379,11.0,,,,,,
1695694933819246,6.0,1.0,,,,,
1697774260277980,17.0,3.0,,,,,
1697758996946173,6.0,1.0,,,,,
1692780010777405,11.0,1.0,,,,,
1695732327148840,52.0,2.0,,,5.0,,
1696766380378768,4.0,,,,,,
1696023813786358,12.0,2.0,,,,,
1695787217143351,121.0,19.0,,,2.0,,
1690087661046640,20.0,5.0,,,,,
1694812147240858,41.0,4.0,,,,,
1690091124379627,53.0,8.0,,,,,
1689823834406356,17.0,1.0,,,,,
1689822747739798,13.0,2.0,,,,,
1689804841074922,821.0,67.0,,,,10.0,
1690086647713408,57.0,8.0,,,,,
1688118481243558,10.0,,,,,,
1688927671162639,10.0,1.0,,,,,
1688978304490909,40.0,,,,,,
1686951994693540,362.0,26.0,,,,,
1686951231360283,188.0,11.0,,,,1.0,
1688112231244183,103.0,4.0,,,,,
1673241612731245,16.0,1.0,,,,,
1686950568027016,23.0,,,,,,
1683738755014864,18.0,1.0,,,,,
1686949928027080,174.0,5.0,,,,,
1684737921581614,207.0,36.0,,,,,
1682844471770959,39.0,1.0,,,,,
1645588462163227,27.0,1.0,,,,,
1679735712081835,39.0,1.0,,,,,
1682840148438058,12.0,,,,,,
1682585195130220,16.0,,,,,,
1683567255032014,49.0,7.0,,,,,
1682836125105127,17.0,1.0,,,,,
1652779931444080,3.0,1.0,,,,,
1682584411796965,10.0,2.0,,,,,
1682828161772590,18.0,,,,,,
1645586742163399,18.0,,,,,,
1680993671956039,25.0,,,,,,
1645585788830161,113.0,2.0,,,,15.0,
1677099445678795,40.0,,,,1.0,,
1652779421444131,11.0,,,,,,
1673244179397655,51.0,2.0,,,,,1.0
1675238652531541,35.0,3.0,,,,,
1671262262929180,43.0,1.0,,,,,
1645583415497065,9.0,,,,,,1.0
1673239609398112,28.0,1.0,,,,,
1669362159785857,1.0,147.0,,,8.0,,
1673218729400200,78.0,,,,,,
1671277476260992,24.0,,,,,,
1668346929887380,21.0,3.0,,,,,
1630074293714644,12.0,,,,,,
1671256472929759,11.0,1.0,,,,,
1671275502927856,49.0,1.0,,,,,
1670321356356604,6.0,,,,,,
1668345583220848,15.0,,,,,,
1645581245497282,7.0,,,,,,
1631556630233077,14.0,,,,1.0,,
1668344716554268,15.0,,,,,,
1671285982926808,26.0,3.0,,,,,
1671273959594677,64.0,,,,,,
1670319889690084,4.0,,,,,,
1671252616263478,43.0,,,,,,
1671241152931291,18.0,,,,,,
1660869927301747,19.0,2.0,,,,,
1668361489885924,25.0,,,,,,
1668342303221176,16.0,,,,,,
1670329349689138,37.0,4.0,,,,,
1670318826356857,8.0,,,,,,
1652778178110922,8.0,,,,,,
1671280172927389,7.0,1.0,,,,,
1671284752926931,62.0,1.0,,,,,
1668426166546123,120.0,10.0,,,,1.0,
1668340389888034,9.0,,,,,,
1669414153113991,11.0,,,,,,
1644516455603761,7.0,1.0,,,,,
1667324816656258,22.0,,,,,,
1669161203139286,14.0,1.0,,,,,
1668339336554806,13.0,1.0,,,,,
1668349529887120,29.0,1.0,,,,,
1668425029879570,88.0,8.0,,,,,
1668422929879780,9.0,,,,,,
1660869233968483,19.0,1.0,,,,,
1667315503323856,17.0,,,,,,
1665921463463260,115.0,11.0,,,,,
1645576102164463,17.0,,,,,,
1667342633321143,33.0,,,,,,
1667314143323992,43.0,1.0,,,,,
1668424829879590,3.0,,,,,,
1630056633716410,18.0,1.0,,,,,
1665744996814240,15.0,1.0,,,,,
1659132954142111,20.0,,,,,,
1659261827462557,56.0,4.0,,,,,
1660901880631885,18.0,,,,,,
1660962447292495,25.0,1.0,,,,,
1657998884255518,29.0,1.0,,,,,
1660959940626079,27.0,1.0,,,,,
1644515535603853,9.0,,,,,,
1660867883968618,23.0,,,,,,
1658014127587327,14.0,,,,,,
1657997244255682,11.0,,,,,,
1660626680659405,304.0,20.0,,,,2.0,
1630053990383341,3.0,,,,,,
1659120517476688,14.0,1.0,,,,,
1657995100922563,13.0,1.0,,,,,
1657708570951216,107.0,5.0,,,,,
1645571872164886,10.0,1.0,,,,,
1659132360808837,34.0,1.0,,,,,
1659122157476524,35.0,,,,,,
1659108844144522,13.0,2.0,,,,,
1655001174555289,18.0,3.0,,,,,
1658006894254717,29.0,,,,,,
1654997794555627,27.0,2.0,,,,,
1654959874559419,12.0,,,,,,
1654993861222687,28.0,2.0,,,,,
1658009440921129,5.0,,,,,,
1651898661532207,20.0,,,,,,
1651753998213340,20.0,2.0,,,,,
1654958827892857,14.0,,,,,,
1651896441532429,26.0,,,,,,
1654769714578435,37.0,4.0,,,,,
1652777621444311,7.0,2.0,,,,,
1653967107992029,22.0,1.0,,,,,
1653904424664964,46.0,4.0,,,,,
1651753064880100,42.0,2.0,,,,,
1633328906722516,28.0,,,,,,
1644515098937230,16.0,1.0,,,,,
1651851078203632,2.0,385.0,,,,14.0,
1645559765499430,9.0,,,,,,
1647755781946495,20.0,1.0,,,,,
1651796848209055,29.0,4.0,,,,,
1651368848251855,107.0,7.0,,,,,
1631553560233384,14.0,,,,,,
1645557725499634,16.0,1.0,,,,,
1647731871948886,7.0,,,,,,
1633147880073952,11.0,1.0,,,,,
1647754858613254,36.0,3.0,,,,,
1647729991949074,10.0,3.0,,,,,
1646650255390381,249.0,34.0,,,,1.0,
1636534779735262,22.0,1.0,,,,,
1645615875493819,101.0,12.0,,,,,
1645557895499617,201.0,7.0,,,,,
1633143280074412,11.0,,,,,,
1644511225604284,9.0,1.0,,,,,
1644520925603314,37.0,2.0,,,,,
1638146132907460,1.0,72.0,,,,,
1631548723567201,34.0,2.0,,,,,
1637618516293555,84.0,5.0,,,,,
1638130939575646,88.0,5.0,,,,,
1637616826293724,67.0,5.0,,,,,
1633136026741804,15.0,,,,,,
1637614819627258,50.0,2.0,,,,1.0,
1637398356315571,15.0,,,,,,
1631558316899575,15.0,,,,,,
1636335163088557,35.0,2.0,,,,,
1631557523566321,13.0,1.0,,,,,
1636341559754584,15.0,,,,,,
1636531359735604,10.0,,,,,,
1631556343566439,28.0,1.0,,,,,
1630401670348573,22.0,,,,,,
1631346383587435,885.0,45.0,,,,,
1631564983565575,20.0,2.0,,,,,
1631558486899558,21.0,1.0,,,,,
1632372730151467,17.0,,,,,,
1631552083566865,14.0,,,,,,
1633129886742418,12.0,,,,,,
1632370436818363,38.0,,,,,,
1631549726900434,23.0,1.0,,,,,
1630141670374573,20.0,,,,,,
1629207140468026,51.0,5.0,,,,,
1621817501206990,28.0,,,,,,
1629239470464793,135.0,14.0,,,,1.0,
1621626081226132,16.0,,,,,,
1622914677763939,10.0,,,,,,
1621622007893206,91.0,2.0,,,,,
1629239250464815,49.0,8.0,,,,1.0,
1621815631207177,11.0,,,,,,
1626311037424303,147.0,11.0,,,,,
1626309794091094,6.0,1.0,,,,,
1621616554560418,14.0,,,,,,
1621780374544036,16.0,1.0,,,,,
1621812701207470,8.0,,,,,,
1621778117877595,12.0,1.0,,,,,
1623623157693091,6.0,,,,,,
1621775074544566,8.0,,,,,,
1622890987766308,138.0,15.0,,,5.0,,
1621808514541222,15.0,1.0,,,,,
1609926629062744,11.0,,,,,,
1621772971211443,13.0,,,,,,
1609916915730382,12.0,,,,,,
1610903052298435,18.0,,,,,,
1609439645778109,168.0,11.0,,,,1.0,
1618590501529690,48.0,2.0,,,1.0,,
1617273841661356,56.0,6.0,,,,,
1617129901675750,17.0,1.0,,,,,
1616289338426473,22.0,4.0,,,,2.0,
1608802689175138,14.0,,,,,,
1616284138426993,46.0,3.0,,,,,
1615021408553266,37.0,1.0,,,,,
1610884995633574,40.0,2.0,,,,,
1601472659908141,241.0,16.0,,,,,
1608287182560022,35.0,1.0,,,,,
1610671132321627,42.0,2.0,,,,,
1610640535658020,2.0,,,,,,
1610641885657885,2.0,,,,,,
1608258295896244,157.0,9.0,,,,1.0,
1608801669175240,11.0,,,,,,
1607467262642014,33.0,1.0,,,,,
1608451409210266,6.0,1.0,,,,,
1607465992642141,18.0,2.0,,,,,
1607464135975660,18.0,3.0,,,,,
1582176278504446,45.0,2.0,,,,,
1607543952634345,23.0,4.0,,,1.0,,
1599623193426421,25.0,2.0,,,,,
1607460965975977,14.0,1.0,,,,,
1607288392659901,111.0,13.0,,,,,
1599616286760445,118.0,5.0,,,,,
1603450496377024,159.0,7.0,,,,,
1599613130094094,124.0,7.0,,,,,
1601468919908515,55.0,6.0,,,,,
1601468386575235,139.0,4.0,,,,,
1603485019706905,19.0,1.0,,,,,
1582011908520883,7.0,,,,,,
1599462926775781,18.0,1.0,,,,,
1599458460109561,192.0,28.0,,,,,
1602498216472252,58.0,3.0,,,,,
1602497099805697,91.0,5.0,,,1.0,,
1602302669825140,30.0,2.0,,,,,
1601281793260561,18.0,,,,,,
1599441743444566,28.0,,,,,,
1600497063339034,39.0,,,,,,
1600470283341712,11.0,2.0,,,,,
1600469660008441,43.0,8.0,,,,,
1599499266772147,34.0,4.0,,,,,
1592018747520199,47.0,,,,,,
1582009038521170,14.0,,,,,,
1592734617448612,40.0,,,,,,
1595179097204164,12.0,2.0,,,,,
1595083600547047,80.0,3.0,,,,1.0,
1589811357740938,1.0,179.0,,,,8.0,
1594032200652187,12.0,1.0,,,,,
1594572550598152,11.0,1.0,,,,,
1587240931331314,9.0,,,,,,
1592003334188407,135.0,9.0,,,,,
1587123558009718,38.0,,,,,,
1585846941470713,58.0,2.0,,,,,
1585838618138212,15.0,1.0,,,,,
1578345088887565,5.0,,,,,,
1587119454676795,32.0,1.0,,,,,
1588940671161340,90.0,2.0,,,,,
1582004365188304,10.0,,,,,,
1572226716166069,85.0,5.0,,,,,
1586119928110081,134.0,12.0,,,,1.0,
1582824395106301,12.0,,,,,,
1572225006166240,32.0,,,,,,
1584829591572448,54.0,3.0,,,,,
1582107768511297,125.0,4.0,,,,,
1581971471858260,10.0,,,,,,
1572216269500447,10.0,,,,,,
1584161871639220,18.0,,,,,,
1582174201837987,18.0,,,,,,
1582827261772681,33.0,1.0,,,,,
1581946335194107,17.0,,,,,,
1582825965106144,26.0,,,,,,
1578339578888116,4.0,,,,,,
1581292235259517,15.0,2.0,,,,,
1582162215172519,9.0,,,,,,
1582000825188658,62.0,2.0,,,,,
1581283115260429,134.0,13.0,,,,,
1581272215261519,622.0,24.0,,,1.0,,
1581860321869375,153.0,15.0,,,,,
1571415296247211,243.0,17.0,,,,2.0,
1580166518705422,5.0,3.0,,,,,
1580043335384407,9.0,,,,,,
1565449926843748,8.0,,,,,,
1580161482039259,2.0,,,,,,
1575962945792446,24.0,,,,,,
1575964045792336,30.0,2.0,,,,,
1578319535556787,7.0,,,,,,
1567417703313637,108.0,10.0,,,,,
1575961692459238,44.0,2.0,,,,,
1567406676648073,28.0,1.0,,,,,
1567387273316680,11.0,,,,,,
1565401873515220,8.0,,,,,,
1575144722540935,16.0,,,,,,
1567360929985981,5.0,,,,,,
1574334179288656,81.0,8.0,,,1.0,,
1574321549289919,104.0,15.0,,,2.0,,
1567338693321538,13.0,1.0,,,,,
1565399843515423,14.0,,,,,,
1567336236655117,7.0,,,,,,
1571935812861826,152.0,4.0,,,2.0,,
1567322389989835,48.0,3.0,,,,,
1571932212862186,28.0,2.0,,,,,
1571403842915023,9.0,,,,,,
1565457013509706,18.0,,,,1.0,,
1565411790180895,222.0,23.0,,,4.0,,
1571324609589613,11.0,,,,,,
1565455080176566,26.0,,,,,,
1565398963515511,24.0,,,,,,
1565459636842777,19.0,,,,,,
1567361013319306,16.0,,,,,,
1565398076848933,21.0,,,,,,
1524871214234953,67.0,4.0,,,,,
1565396793515728,21.0,1.0,,,,,
1565275266861214,7.0,1.0,,,,,
1556680724387335,1.0,89.0,,,,5.0,
1560849673970440,145.0,3.0,,,,1.0,
1556675604387847,322.0,12.0,,,,,
1553808228007918,351.0,11.0,,,1.0,,
1524869080901833,200.0,4.0,,,,,
1551661894889218,77.0,1.0,,,1.0,,
1546386705416737,67.0,1.0,,,,,
1538741916181216,44.0,1.0,,,,,
1546384452083629,41.0,1.0,,,,,
1549847791737295,7.0,,,,,,
1538731509515590,31.0,,,,,,
1540369646018443,10.0,,,,,,
1546383152083759,52.0,4.0,,,,,
1521037754618299,27.0,,,,,,
1538727139516027,27.0,,,,,,
1534525019936239,19.0,1.0,,,,,
1538650999523641,28.0,,,,,,
1538650052857069,70.0,,,,,,
1546380565417351,60.0,5.0,,,,,
1546376255417782,65.0,10.0,,,,,
1540368779351863,6.0,,,,,,
1540093596046048,27.0,1.0,,,,,
1538635286191879,94.0,8.0,,,,,
1524867014235373,146.0,6.0,,,,1.0,
1538632366192171,45.0,3.0,,,,,
1532683266787081,39.0,,,,,,
1534523969936344,8.0,,,,,,
1532680470120694,46.0,,,,,,
1521050884616986,34.0,2.0,,,,,
1532673006788107,39.0,,,,,,
1532670436788364,30.0,,,,,,
1534485069940234,35.0,2.0,,,,,
1524872984234776,84.0,4.0,,,,,
1540364719352269,2.0,,,,,,
1533486673373407,19.0,,,,,,
1532655026789905,18.0,,,,,,
1534521409936600,11.0,2.0,,,,,
1532653423456732,14.0,,,,,,
1540361592685915,3.0,,,,,,
1532651220123619,57.0,,,,,,
1521088987946509,42.0,2.0,,,,,
1541051905950217,18.0,,,,,,
1532348260153915,10.0,,,,,,
1532341266821281,93.0,1.0,,,,,
1533488036706604,90.0,7.0,,,,,
1540352652686809,9.0,1.0,,,,,
1534512223270852,17.0,,,,,,
1521049017950506,658.0,37.0,,,,2.0,
1532334810155260,18.0,1.0,,,,,
1539629669425774,10.0,1.0,,,,,
1532329066822501,75.0,3.0,,,1.0,,
1532326956822712,11.0,,,,,,
1524865717568836,346.0,11.0,,,1.0,,
1526630710725670,20.0,1.0,,,,,
1534473423274732,37.0,,,,,,
1534508663271208,17.0,,,,,,
1526626770726064,40.0,,,,,,
1538168696238538,204.0,18.0,,,,1.0,
1538161879572553,27.0,1.0,,,,,
1537570456298362,13.0,1.0,,,,,
1526622984059776,37.0,2.0,,,,,
1526611417394266,79.0,7.0,,,,,
1533486086706799,11.0,1.0,,,,,
1526598814062193,23.0,5.0,,,,,
1526594954062579,98.0,4.0,,,,2.0,
1526587267396681,26.0,2.0,,,,,
1533483356707072,78.0,5.0,,,,,
1525932587462149,31.0,,,,,,
1532639320124809,40.0,1.0,,,,,
1525830384139036,14.0,,,,,,
1525918190796922,11.0,1.0,,,,,
1525915817463826,7.0,,,,,,
1531655283556546,26.0,3.0,,,,,
1525836777471730,45.0,,,,,,
1525832300805511,54.0,4.0,,,,,
1521047281284013,32.0,,,,,,
1525828090805932,11.0,,,,,,
1521088567946551,58.0,2.0,,,1.0,,
1525563487499059,21.0,,,,,,
1509070869148321,12.0,,,,,,
1518966598158748,42.0,1.0,,,,,
1518962314825843,20.0,,,,,,
1518960721492669,14.0,,,,,,
1518952654826809,22.0,,,,,,
1518954371493304,20.0,1.0,,,,,
1526825867372821,24.0,,,,,,
1518948041493937,147.0,11.0,,,,1.0,
1526632867392121,24.0,,,,,,
1518950114827063,34.0,1.0,,,,,
1520741031314638,95.0,3.0,,,,,
1516303031758438,232.0,12.0,,,,,
1525827304139344,11.0,,,,,,
1516300238425384,64.0,3.0,,,,,
1524841710904570,5.0,,,,,,
1516288158426592,71.0,4.0,,,,,
1516286261760115,84.0,3.0,,,,,
1520740187981389,171.0,7.0,,,,,
1521037347951673,44.0,2.0,,,,,
1513639062024835,79.0,7.0,,,,,1.0
1516256281763113,103.0,2.0,,,,,
1516252115096863,34.0,,,,,,
1519812754740799,156.0,11.0,,,,,
1515399705182104,22.0,2.0,,,,,
1515398715182203,123.0,5.0,,,,,
1515391405182934,355.0,49.0,,,,,
1521587971229944,21.0,,,,,,
1519873674734707,24.0,1.0,,,,,
1519808358074572,123.0,3.0,,,,,
1519800871408654,33.0,1.0,,,,,
1509398669115541,133.0,5.0,,,,,
1510658952322846,90.0,6.0,,,,,
1518648151523926,102.0,9.0,,,,,
1510649372323804,77.0,5.0,,,,,
1509319312456810,151.0,13.0,,,2.0,,
1510639595658115,176.0,12.0,,,,,
1509065769148831,8.0,,,,,,
1517316094990465,68.0,6.0,,,,,
1509394832449258,49.0,1.0,,,,,
3414225378632851,1.0,,,,,,
